# Exported from Nomad Sculpt
o vista
usemtl vista
v -0.82215333 -0.49999994 -0.033805 0.847643196 0.847643196 0.847643196
v -0.69188344 -0.40722233 -0.033805 0.847643196 0.847643196 0.847643196
v -0.69188344 -0.39744481 -0.033805 0.847643196 0.847643196 0.847643196
v -0.65503037 -0.40722233 -0.033805 0.847643196 0.847643196 0.847643196
v -0.61747992 -0.40722233 -0.033805 0.847643196 0.847643196 0.847643196
v -0.82215345 -0.5 -0.02040749 0.847643196 0.847643196 0.847643196
v -0.82215345 -0.30184126 -0.033805 0.847643196 0.847643196 0.847643196
v -0.69188344 -0.36994922 -0.033805 0.847643196 0.847643196 0.847643196
v -0.69188344 -0.3327193 -0.033805 0.847643196 0.847643196 0.847643196
v -0.69188344 -0.2986609 -0.033805 0.847643196 0.847643196 0.847643196
v -0.69188344 -0.2954112 -0.033805 0.847643196 0.847643196 0.847643196
v -0.69188344 -0.25815329 -0.033805 0.847643196 0.847643196 0.847643196
v -0.82215345 -0.2935538 -0.01984717 0.847643196 0.847643196 0.847643196
v -0.58045691 -0.40722233 -0.033805 0.847643196 0.847643196 0.847643196
v -0.54314661 -0.40722233 -0.033805 0.847643196 0.847643196 0.847643196
v -0.49631965 -0.5 -0.033805 0.847643196 0.847643196 0.847643196
v -0.50583982 -0.40722233 -0.033805 0.847643196 0.847643196 0.847643196
v -0.4901956 -0.40722233 -0.033805 0.847643196 0.847643196 0.847643196
v -0.46857503 -0.40722233 -0.033805 0.847643196 0.847643196 0.847643196
v -0.43132406 -0.40722233 -0.033805 0.847643196 0.847643196 0.847643196
v -0.4826926 -0.5 -0.01984718 0.847643196 0.847643196 0.847643196
v -0.82215345 -0.5 -0.00688644 0.847643196 0.847643196 0.847643196
v -0.82215345 -0.29207438 -0.00677639 0.847643196 0.847643196 0.847643196
v -0.48025998 -0.5 -0.00677639 0.847643196 0.847643196 0.847643196
v -0.69188344 -0.22093882 -0.033805 0.847643196 0.847643196 0.847643196
v -0.69188344 -0.18362811 -0.033805 0.847643196 0.847643196 0.847643196
v -0.69188344 -0.14637627 -0.033805 0.847643196 0.847643196 0.847643196
v -0.82215345 -0.10185532 -0.033805 0.847643196 0.847643196 0.847643196
v -0.69188344 -0.1091269 -0.033805 0.847643196 0.847643196 0.847643196
v -0.69188344 -0.10123511 -0.033805 0.847643196 0.847643196 0.847643196
v -0.69188344 -0.0718392 -0.033805 0.847643196 0.847643196 0.847643196
v -0.69188344 -0.03458098 -0.033805 0.847643196 0.847643196 0.847643196
v -0.82215345 -0.10022756 -0.01974715 0.847643196 0.847643196 0.847643196
v -0.82215345 -0.09999999 -0.006761 0.847643196 0.847643196 0.847643196
v -0.39405429 -0.40722233 -0.033805 0.847643196 0.847643196 0.847643196
v -0.35674477 -0.40722233 -0.033805 0.847643196 0.847643196 0.847643196
v -0.31938791 -0.40722233 -0.033805 0.847643196 0.847643196 0.847643196
v -0.28211105 -0.40722233 -0.033805 0.847643196 0.847643196 0.847643196
v -0.24494126 -0.40722233 -0.033805 0.847643196 0.847643196 0.847643196
v -0.20768379 -0.40722233 -0.033805 0.847643196 0.847643196 0.847643196
v -0.16748138 -0.49999994 -0.033805 0.847643196 0.847643196 0.847643196
v -0.17036974 -0.40722233 -0.033805 0.847643196 0.847643196 0.847643196
v -0.16628712 -0.40722233 -0.033805 0.847643196 0.847643196 0.847643196
v -0.13308722 -0.40722233 -0.033805 0.847643196 0.847643196 0.847643196
v -0.09586788 -0.40722233 -0.033805 0.847643196 0.847643196 0.847643196
v -0.05859422 -0.40722233 -0.033805 0.847643196 0.847643196 0.847643196
v -0.02131818 -0.40722233 -0.033805 0.847643196 0.847643196 0.847643196
v -0.16480491 -0.5 -0.01974715 0.847643196 0.847643196 0.847643196
v -0.16443068 -0.5 -0.006761 0.847643196 0.847643196 0.847643196
v -0.82215345 -0.5 0.006886441 0.847643196 0.847643196 0.847643196
v -0.82215345 -0.29207438 0.006776386 0.847643196 0.847643196 0.847643196
v -0.48025998 -0.49999994 0.006776387 0.847643196 0.847643196 0.847643196
v -0.82215345 -0.5 0.020407522 0.847643196 0.847643196 0.847643196
v -0.82215333 -0.49999994 0.033804863 0.847643196 0.847643196 0.847643196
v -0.69188344 -0.40722233 0.033804930 0.847643196 0.847643196 0.847643196
v -0.69188344 -0.39744481 0.033804934 0.847643196 0.847643196 0.847643196
v -0.65503037 -0.40722233 0.033804934 0.847643196 0.847643196 0.847643196
v -0.61747992 -0.40722233 0.033804945 0.847643196 0.847643196 0.847643196
v -0.82215345 -0.2935538 0.019847180 0.847643196 0.847643196 0.847643196
v -0.82214975 -0.30184081 0.033805001 0.847643196 0.847643196 0.847643196
v -0.69188344 -0.36994922 0.033804956 0.847643196 0.847643196 0.847643196
v -0.69188344 -0.3327193 0.033804982 0.847643196 0.847643196 0.847643196
v -0.69188344 -0.2986607 0.033805001 0.847643196 0.847643196 0.847643196
v -0.69188344 -0.2954112 0.033805001 0.847643196 0.847643196 0.847643196
v -0.69188344 -0.25815329 0.033805001 0.847643196 0.847643196 0.847643196
v -0.4826926 -0.5 0.019847180 0.847643196 0.847643196 0.847643196
v -0.58045691 -0.40722233 0.033804960 0.847643196 0.847643196 0.847643196
v -0.54314661 -0.40722233 0.033804982 0.847643196 0.847643196 0.847643196
v -0.49631897 -0.49999774 0.033805001 0.847643196 0.847643196 0.847643196
v -0.50583982 -0.40722233 0.033804994 0.847643196 0.847643196 0.847643196
v -0.49019533 -0.40722233 0.033805001 0.847643196 0.847643196 0.847643196
v -0.46857503 -0.40722233 0.033805001 0.847643196 0.847643196 0.847643196
v -0.43132403 -0.40722233 0.033805001 0.847643196 0.847643196 0.847643196
v -0.82215345 -0.09999999 0.006761000 0.847643196 0.847643196 0.847643196
v -0.69188344 -0.22093882 0.033804997 0.847643196 0.847643196 0.847643196
v -0.69188344 -0.18362811 0.033804997 0.847643196 0.847643196 0.847643196
v -0.69188344 -0.14742754 0.033804997 0.847643196 0.847643196 0.847643196
v -0.69188344 -0.14637627 0.033804997 0.847643196 0.847643196 0.847643196
v -0.82215345 -0.10022758 0.019747151 0.847643196 0.847643196 0.847643196
v -0.82214993 -0.10185526 0.033804997 0.847643196 0.847643196 0.847643196
v -0.69188344 -0.1091269 0.033804997 0.847643196 0.847643196 0.847643196
v -0.69188344 -0.10123508 0.033804997 0.847643196 0.847643196 0.847643196
v -0.69188344 -0.0718392 0.033804997 0.847643196 0.847643196 0.847643196
v -0.69188344 -0.03458098 0.033804997 0.847643196 0.847643196 0.847643196
v -0.16443068 -0.5 0.006761000 0.847643196 0.847643196 0.847643196
v -0.39405423 -0.40722233 0.033805001 0.847643196 0.847643196 0.847643196
v -0.35674477 -0.40722233 0.033805001 0.847643196 0.847643196 0.847643196
v -0.31938791 -0.40722233 0.033805001 0.847643196 0.847643196 0.847643196
v -0.28211099 -0.40722233 0.033805001 0.847643196 0.847643196 0.847643196
v -0.24494123 -0.40722233 0.033805001 0.847643196 0.847643196 0.847643196
v -0.20768379 -0.40722233 0.033805001 0.847643196 0.847643196 0.847643196
v -0.16480491 -0.5 0.019747151 0.847643196 0.847643196 0.847643196
v -0.1674813 -0.49999782 0.033804997 0.847643196 0.847643196 0.847643196
v -0.17036974 -0.40722233 0.033804997 0.847643196 0.847643196 0.847643196
v -0.16628709 -0.40722233 0.033804997 0.847643196 0.847643196 0.847643196
v -0.13308722 -0.40722233 0.033804997 0.847643196 0.847643196 0.847643196
v -0.09586787 -0.40722233 0.033805001 0.847643196 0.847643196 0.847643196
v -0.05859421 -0.40722233 0.033805001 0.847643196 0.847643196 0.847643196
v -0.02131818 -0.40722233 0.033805001 0.847643196 0.847643196 0.847643196
v -0.82215345 0.10185536 -0.033805 0.847643196 0.847643196 0.847643196
v -0.69188344 0.002687062 -0.033805 0.847643196 0.847643196 0.847643196
v -0.69188344 0.039934370 -0.033805 0.847643196 0.847643196 0.847643196
v -0.69188344 0.077209331 -0.033805 0.847643196 0.847643196 0.847643196
v -0.69188344 0.101235143 -0.033805 0.847643196 0.847643196 0.847643196
v -0.69188344 0.114500701 -0.033805 0.847643196 0.847643196 0.847643196
v -0.82215333 0.100227579 -0.01974715 0.847643196 0.847643196 0.847643196
v -0.69188344 0.151668742 -0.033805 0.847643196 0.847643196 0.847643196
v -0.69188344 0.189051866 -0.033805 0.847643196 0.847643196 0.847643196
v -0.69188344 0.226267680 -0.033805 0.847643196 0.847643196 0.847643196
v -0.82215345 0.099999994 -0.006761 0.847643196 0.847643196 0.847643196
v -0.82215345 0.301841735 -0.033805 0.847643196 0.847643196 0.847643196
v -0.69188344 0.263437628 -0.033805 0.847643196 0.847643196 0.847643196
v -0.69188344 0.298661232 -0.033805 0.847643196 0.847643196 0.847643196
v -0.69188344 0.300859987 -0.033805 0.847643196 0.847643196 0.847643196
v -0.69188344 0.338120162 -0.033805 0.847643196 0.847643196 0.847643196
v -0.69188344 0.346578180 -0.033805 0.847643196 0.847643196 0.847643196
v -0.66372967 0.346578180 -0.033805 0.847643196 0.847643196 0.847643196
v -0.62645918 0.346578180 -0.033805 0.847643196 0.847643196 0.847643196
v -0.82215345 0.293553918 -0.01984717 0.847643196 0.847643196 0.847643196
v -0.82215345 0.499997943 -0.033805 0.847643196 0.847643196 0.847643196
v -0.82214975 0.5 -0.02040746 0.847643196 0.847643196 0.847643196
v -0.5888477 0.346578180 -0.033805 0.847643196 0.847643196 0.847643196
v -0.55166197 0.346578180 -0.03380499 0.847643196 0.847643196 0.847643196
v -0.51447034 0.346578180 -0.03380498 0.847643196 0.847643196 0.847643196
v -0.48619241 0.346578180 -0.03380496 0.847643196 0.847643196 0.847643196
v -0.47719663 0.346578180 -0.03380496 0.847643196 0.847643196 0.847643196
v -0.43987805 0.346578180 -0.03380496 0.847643196 0.847643196 0.847643196
v -0.49631897 0.5 -0.03380485 0.847643196 0.847643196 0.847643196
v -0.4826926 0.5 -0.01984717 0.847643196 0.847643196 0.847643196
v -0.82215345 0.292074441 -0.00677639 0.847643196 0.847643196 0.847643196
v -0.82214999 0.5 -0.00688643 0.847643196 0.847643196 0.847643196
v -0.48025998 0.5 -0.00677639 0.847643196 0.847643196 0.847643196
v -0.40251842 0.346578180 -0.03380496 0.847643196 0.847643196 0.847643196
v -0.36535567 0.346578180 -0.03380496 0.847643196 0.847643196 0.847643196
v -0.3281818 0.346578180 -0.03380496 0.847643196 0.847643196 0.847643196
v -0.29093316 0.346578180 -0.03380496 0.847643196 0.847643196 0.847643196
v -0.2536189 0.346578180 -0.03380496 0.847643196 0.847643196 0.847643196
v -0.21626273 0.346578180 -0.03380496 0.847643196 0.847643196 0.847643196
v -0.17908865 0.346578180 -0.03380496 0.847643196 0.847643196 0.847643196
v -0.16550645 0.346578180 -0.03380496 0.847643196 0.847643196 0.847643196
v -0.14184327 0.346578180 -0.03380496 0.847643196 0.847643196 0.847643196
v -0.10454953 0.346578180 -0.03380496 0.847643196 0.847643196 0.847643196
v -0.06726884 0.346578180 -0.03380496 0.847643196 0.847643196 0.847643196
v -0.03002953 0.346578180 -0.03380496 0.847643196 0.847643196 0.847643196
v -0.1674813 0.5 -0.03380486 0.847643196 0.847643196 0.847643196
v -0.16480491 0.5 -0.01974715 0.847643196 0.847643196 0.847643196
v -0.16443068 0.5 -0.006761 0.847643196 0.847643196 0.847643196
v -0.82215345 0.099999994 0.006761000 0.847643196 0.847643196 0.847643196
v -0.82215345 0.100227594 0.019747158 0.847643196 0.847643196 0.847643196
v -0.82214993 0.101855307 0.033804997 0.847643196 0.847643196 0.847643196
v -0.69188344 0.002687062 0.033804997 0.847643196 0.847643196 0.847643196
v -0.69188344 0.039934370 0.033804997 0.847643196 0.847643196 0.847643196
v -0.69188344 0.077209331 0.033804997 0.847643196 0.847643196 0.847643196
v -0.69188344 0.101235114 0.033804997 0.847643196 0.847643196 0.847643196
v -0.69188344 0.114500701 0.033804997 0.847643196 0.847643196 0.847643196
v -0.69188344 0.151668742 0.033804997 0.847643196 0.847643196 0.847643196
v -0.69188344 0.189051866 0.033805001 0.847643196 0.847643196 0.847643196
v -0.69188344 0.225217416 0.033805001 0.847643196 0.847643196 0.847643196
v -0.69188344 0.226267680 0.033805001 0.847643196 0.847643196 0.847643196
v -0.82215345 0.292074412 0.006776386 0.847643196 0.847643196 0.847643196
v -0.82214999 0.5 0.006886437 0.847643196 0.847643196 0.847643196
v -0.48025998 0.5 0.006776386 0.847643196 0.847643196 0.847643196
v -0.82215345 0.293553918 0.019847180 0.847643196 0.847643196 0.847643196
v -0.82214975 0.301841288 0.033805001 0.847643196 0.847643196 0.847643196
v -0.69188344 0.263437628 0.033805001 0.847643196 0.847643196 0.847643196
v -0.69188344 0.298661023 0.033805001 0.847643196 0.847643196 0.847643196
v -0.69188344 0.300859987 0.033805001 0.847643196 0.847643196 0.847643196
v -0.69188344 0.338120162 0.033804979 0.847643196 0.847643196 0.847643196
v -0.69188344 0.346578180 0.033804968 0.847643196 0.847643196 0.847643196
v -0.66372967 0.346578180 0.033804968 0.847643196 0.847643196 0.847643196
v -0.62645918 0.346578180 0.033804968 0.847643196 0.847643196 0.847643196
v -0.82214975 0.5 0.020407488 0.847643196 0.847643196 0.847643196
v -0.82215345 0.499997943 0.033804863 0.847643196 0.847643196 0.847643196
v -0.5888477 0.346578180 0.033804964 0.847643196 0.847643196 0.847643196
v -0.55166191 0.346578180 0.033804971 0.847643196 0.847643196 0.847643196
v -0.51447034 0.346578180 0.033804990 0.847643196 0.847643196 0.847643196
v -0.48619241 0.346578180 0.033805001 0.847643196 0.847643196 0.847643196
v -0.47719663 0.346578180 0.033805001 0.847643196 0.847643196 0.847643196
v -0.43987799 0.346578180 0.033805001 0.847643196 0.847643196 0.847643196
v -0.4826926 0.5 0.019847178 0.847643196 0.847643196 0.847643196
v -0.49631897 0.5 0.033805001 0.847643196 0.847643196 0.847643196
v -0.16443068 0.5 0.006761000 0.847643196 0.847643196 0.847643196
v -0.40251839 0.346578180 0.033805001 0.847643196 0.847643196 0.847643196
v -0.36535567 0.346578180 0.033805001 0.847643196 0.847643196 0.847643196
v -0.3281818 0.346578180 0.033804997 0.847643196 0.847643196 0.847643196
v -0.29093316 0.346578180 0.033804997 0.847643196 0.847643196 0.847643196
v -0.2536189 0.346578180 0.033804997 0.847643196 0.847643196 0.847643196
v -0.21626273 0.346578180 0.033804997 0.847643196 0.847643196 0.847643196
v -0.17908864 0.346578180 0.033804997 0.847643196 0.847643196 0.847643196
v -0.16550645 0.346578180 0.033804997 0.847643196 0.847643196 0.847643196
v -0.14184326 0.346578180 0.033804997 0.847643196 0.847643196 0.847643196
v -0.10454951 0.346578180 0.033804997 0.847643196 0.847643196 0.847643196
v -0.06726883 0.346578180 0.033804997 0.847643196 0.847643196 0.847643196
v -0.03002952 0.346578180 0.033804997 0.847643196 0.847643196 0.847643196
v -0.16480491 0.5 0.019747151 0.847643196 0.847643196 0.847643196
v -0.16748129 0.5 0.033805001 0.847643196 0.847643196 0.847643196
v 0.015934635 -0.40722233 -0.033805 0.847643196 0.847643196 0.847643196
v 0.053214781 -0.40722233 -0.033805 0.847643196 0.847643196 0.847643196
v 0.090478934 -0.40722233 -0.033805 0.847643196 0.847643196 0.847643196
v 0.167481467 -0.5 -0.033805 0.847643196 0.847643196 0.847643196
v 0.127674415 -0.40722233 -0.033805 0.847643196 0.847643196 0.847643196
v 0.165003374 -0.40722233 -0.033805 0.847643196 0.847643196 0.847643196
v 0.166287183 -0.40722233 -0.033805 0.847643196 0.847643196 0.847643196
v 0.202304676 -0.40722233 -0.033805 0.847643196 0.847643196 0.847643196
v 0.164804920 -0.5 -0.01974715 0.847643196 0.847643196 0.847643196
v 0.239540115 -0.40722233 -0.033805 0.847643196 0.847643196 0.847643196
v 0.276679605 -0.40722233 -0.033805 0.847643196 0.847643196 0.847643196
v 0.314037561 -0.40722233 -0.033805 0.847643196 0.847643196 0.847643196
v 0.351380109 -0.40722233 -0.033805 0.847643196 0.847643196 0.847643196
v 0.388675361 -0.40722233 -0.033805 0.847643196 0.847643196 0.847643196
v 0.164430677 -0.5 -0.006761 0.847643196 0.847643196 0.847643196
v 0.496320486 -0.5 -0.033805 0.847643196 0.847643196 0.847643196
v 0.425934344 -0.40722233 -0.033805 0.847643196 0.847643196 0.847643196
v 0.463181883 -0.40722233 -0.033805 0.847643196 0.847643196 0.847643196
v 0.490196138 -0.40722233 -0.033805 0.847643196 0.847643196 0.847643196
v 0.500454187 -0.40722233 -0.033805 0.847643196 0.847643196 0.847643196
v 0.537773251 -0.40722233 -0.03380498 0.847643196 0.847643196 0.847643196
v 0.575067699 -0.40722233 -0.03380496 0.847643196 0.847643196 0.847643196
v 0.611929237 -0.40722233 -0.03380495 0.847643196 0.847643196 0.847643196
v 0.482692718 -0.5 -0.01984717 0.847643196 0.847643196 0.847643196
v 0.649411082 -0.40722233 -0.03366859 0.847643196 0.847643196 0.847643196
v 0.671425342 -0.4083333 -0.02760741 0.847643196 0.847643196 0.847643196
v 0.672997772 -0.40722233 -0.02767207 0.847643196 0.847643196 0.847643196
v 0.677697777 -0.40722233 -0.02764081 0.847643196 0.847643196 0.847643196
v 0.691883444 -0.40722233 -0.02754646 0.847643196 0.847643196 0.847643196
v 0.691883444 -0.39744493 -0.02820751 0.847643196 0.847643196 0.847643196
v 0.691883444 -0.3938792 -0.02844859 0.847643196 0.847643196 0.847643196
v 0.822153449 -0.49999774 -0.02040746 0.847643196 0.847643196 0.847643196
v 0.691883444 -0.37072527 -0.03380491 0.847643196 0.847643196 0.847643196
v 0.691883444 -0.36994934 -0.03380491 0.847643196 0.847643196 0.847643196
v 0.691883444 -0.33271962 -0.03380491 0.847643196 0.847643196 0.847643196
v 0.691883444 -0.29866064 -0.03380491 0.847643196 0.847643196 0.847643196
v 0.691883444 -0.2954115 -0.03380491 0.847643196 0.847643196 0.847643196
v 0.691883444 -0.25815362 -0.03380491 0.847643196 0.847643196 0.847643196
v 0.822153449 -0.30184081 -0.03380485 0.847643196 0.847643196 0.847643196
v 0.822153449 -0.2935538 -0.01984717 0.847643196 0.847643196 0.847643196
v 0.480260103 -0.5 -0.00677639 0.847643196 0.847643196 0.847643196
v 0.822153449 -0.49999785 -0.00688643 0.847643196 0.847643196 0.847643196
v 0.822153449 -0.29207438 -0.00677639 0.847643196 0.847643196 0.847643196
v 0.691883444 -0.22093914 -0.03380491 0.847643196 0.847643196 0.847643196
v 0.691883444 -0.18362832 -0.03380491 0.847643196 0.847643196 0.847643196
v 0.691883444 -0.14637648 -0.03380491 0.847643196 0.847643196 0.847643196
v 0.691883444 -0.10912734 -0.03380491 0.847643196 0.847643196 0.847643196
v 0.691883444 -0.10123506 -0.03380491 0.847643196 0.847643196 0.847643196
v 0.691883444 -0.07183953 -0.03380491 0.847643196 0.847643196 0.847643196
v 0.691883444 -0.03458142 -0.03380491 0.847643196 0.847643196 0.847643196
v 0.822153449 -0.10185525 -0.03380486 0.847643196 0.847643196 0.847643196
v 0.822153449 -0.10022757 -0.01974715 0.847643196 0.847643196 0.847643196
v 0.822153449 -0.09999999 -0.006761 0.847643196 0.847643196 0.847643196
v 0.164430677 -0.5 0.006761000 0.847643196 0.847643196 0.847643196
v 0.164804905 -0.5 0.019747156 0.847643196 0.847643196 0.847643196
v 0.015934642 -0.40722233 0.033805001 0.847643196 0.847643196 0.847643196
v 0.053214784 -0.40722233 0.033805001 0.847643196 0.847643196 0.847643196
v 0.090478949 -0.40722233 0.033805001 0.847643196 0.847643196 0.847643196
v 0.167481392 -0.49999785 0.033805001 0.847643196 0.847643196 0.847643196
v 0.127674415 -0.40722233 0.033805001 0.847643196 0.847643196 0.847643196
v 0.165003374 -0.40722233 0.033805001 0.847643196 0.847643196 0.847643196
v 0.166287139 -0.40722233 0.033805001 0.847643196 0.847643196 0.847643196
v 0.202304691 -0.40722233 0.033805001 0.847643196 0.847643196 0.847643196
v 0.239540115 -0.40722233 0.033805001 0.847643196 0.847643196 0.847643196
v 0.276679635 -0.40722233 0.033805001 0.847643196 0.847643196 0.847643196
v 0.314037561 -0.40722233 0.033805001 0.847643196 0.847643196 0.847643196
v 0.351380109 -0.40722233 0.033805001 0.847643196 0.847643196 0.847643196
v 0.388675391 -0.40722233 0.033805001 0.847643196 0.847643196 0.847643196
v 0.480260014 -0.5 0.006776386 0.847643196 0.847643196 0.847643196
v 0.822153449 -0.49999785 0.006886437 0.847643196 0.847643196 0.847643196
v 0.822153449 -0.29207438 0.006776387 0.847643196 0.847643196 0.847643196
v 0.482692718 -0.5 0.019847180 0.847643196 0.847643196 0.847643196
v 0.496319651 -0.49999776 0.033805001 0.847643196 0.847643196 0.847643196
v 0.425934344 -0.40722233 0.033805001 0.847643196 0.847643196 0.847643196
v 0.463181883 -0.40722233 0.033805001 0.847643196 0.847643196 0.847643196
v 0.490195751 -0.40722233 0.033805001 0.847643196 0.847643196 0.847643196
v 0.500454187 -0.40722233 0.033805001 0.847643196 0.847643196 0.847643196
v 0.537773251 -0.40722233 0.033805001 0.847643196 0.847643196 0.847643196
v 0.575067699 -0.40722233 0.033805001 0.847643196 0.847643196 0.847643196
v 0.611929237 -0.40722233 0.033805001 0.847643196 0.847643196 0.847643196
v 0.822153449 -0.49999774 0.020407488 0.847643196 0.847643196 0.847643196
v 0.649411082 -0.40722233 0.033805001 0.847643196 0.847643196 0.847643196
v 0.677697777 -0.40722233 0.033804990 0.847643196 0.847643196 0.847643196
v 0.691883444 -0.40722233 0.033804982 0.847643196 0.847643196 0.847643196
v 0.691883444 -0.39744493 0.033804990 0.847643196 0.847643196 0.847643196
v 0.822149992 -0.5 0.033804863 0.847643196 0.847643196 0.847643196
v 0.822153449 -0.2935538 0.019847178 0.847643196 0.847643196 0.847643196
v 0.691883444 -0.36994934 0.033805001 0.847643196 0.847643196 0.847643196
v 0.691883444 -0.33271962 0.033805001 0.847643196 0.847643196 0.847643196
v 0.691883444 -0.29866064 0.033805001 0.847643196 0.847643196 0.847643196
v 0.691883444 -0.2954115 0.033805001 0.847643196 0.847643196 0.847643196
v 0.691883444 -0.25815362 0.033805001 0.847643196 0.847643196 0.847643196
v 0.822153449 -0.30184081 0.033805001 0.847643196 0.847643196 0.847643196
v 0.822153449 -0.09999999 0.006761001 0.847643196 0.847643196 0.847643196
v 0.691883444 -0.22093914 0.033805001 0.847643196 0.847643196 0.847643196
v 0.691883444 -0.18362832 0.033805001 0.847643196 0.847643196 0.847643196
v 0.691883444 -0.14637648 0.033805001 0.847643196 0.847643196 0.847643196
v 0.822153449 -0.10022757 0.019747156 0.847643196 0.847643196 0.847643196
v 0.691883444 -0.10912734 0.033805001 0.847643196 0.847643196 0.847643196
v 0.691883444 -0.10123505 0.033805001 0.847643196 0.847643196 0.847643196
v 0.691883444 -0.07183953 0.033805001 0.847643196 0.847643196 0.847643196
v 0.691883444 -0.03458142 0.033804997 0.847643196 0.847643196 0.847643196
v 0.822153449 -0.10185524 0.033805001 0.847643196 0.847643196 0.847643196
v 0.007245216 0.346578180 -0.03380496 0.847643196 0.847643196 0.847643196
v 0.044500306 0.346578180 -0.03380496 0.847643196 0.847643196 0.847643196
v 0.081755504 0.346578180 -0.03380496 0.847643196 0.847643196 0.847643196
v 0.119054965 0.346578180 -0.03380496 0.847643196 0.847643196 0.847643196
v 0.156319886 0.346578180 -0.03380496 0.847643196 0.847643196 0.847643196
v 0.165506511 0.346578180 -0.03380496 0.847643196 0.847643196 0.847643196
v 0.193504348 0.346578180 -0.03380496 0.847643196 0.847643196 0.847643196
v 0.167481392 0.5 -0.03380486 0.847643196 0.847643196 0.847643196
v 0.164804905 0.5 -0.01974715 0.847643196 0.847643196 0.847643196
v 0.230810612 0.346578180 -0.03380496 0.847643196 0.847643196 0.847643196
v 0.268141537 0.346578180 -0.03380496 0.847643196 0.847643196 0.847643196
v 0.305413007 0.346578180 -0.03380496 0.847643196 0.847643196 0.847643196
v 0.342611759 0.346578180 -0.03380496 0.847643196 0.847643196 0.847643196
v 0.379741340 0.346578180 -0.03380496 0.847643196 0.847643196 0.847643196
v 0.164430677 0.5 -0.006761 0.847643196 0.847643196 0.847643196
v 0.691883444 0.002686414 -0.03380491 0.847643196 0.847643196 0.847643196
v 0.691883444 0.039934046 -0.03380491 0.847643196 0.847643196 0.847643196
v 0.691883444 0.077209115 -0.03380491 0.847643196 0.847643196 0.847643196
v 0.691883444 0.101235091 -0.03380491 0.847643196 0.847643196 0.847643196
v 0.691883444 0.114500485 -0.03380491 0.847643196 0.847643196 0.847643196
v 0.822153329 0.101855292 -0.03380486 0.847643196 0.847643196 0.847643196
v 0.822153449 0.100227579 -0.01974715 0.847643196 0.847643196 0.847643196
v 0.691883444 0.151668310 -0.03380491 0.847643196 0.847643196 0.847643196
v 0.691883444 0.189051479 -0.03380491 0.847643196 0.847643196 0.847643196
v 0.691883444 0.226267412 -0.03380491 0.847643196 0.847643196 0.847643196
v 0.822153449 0.099999994 -0.006761 0.847643196 0.847643196 0.847643196
v 0.417059928 0.346578180 -0.03380496 0.847643196 0.847643196 0.847643196
v 0.454389751 0.346578180 -0.03380496 0.847643196 0.847643196 0.847643196
v 0.486192703 0.346578180 -0.03380496 0.847643196 0.847643196 0.847643196
v 0.491674602 0.346578180 -0.03380496 0.847643196 0.847643196 0.847643196
v 0.528888046 0.346578180 -0.03380494 0.847643196 0.847643196 0.847643196
v 0.565996408 0.346578180 -0.03380493 0.847643196 0.847643196 0.847643196
v 0.603649675 0.346578180 -0.03380491 0.847643196 0.847643196 0.847643196
v 0.496319711 0.5 -0.03380485 0.847643196 0.847643196 0.847643196
v 0.482692718 0.5 -0.01984718 0.847643196 0.847643196 0.847643196
v 0.691883444 0.263437122 -0.03380491 0.847643196 0.847643196 0.847643196
v 0.691883444 0.298660934 -0.03380491 0.847643196 0.847643196 0.847643196
v 0.691883444 0.300859630 -0.03380491 0.847643196 0.847643196 0.847643196
v 0.640631496 0.346578180 -0.0338049 0.847643196 0.847643196 0.847643196
v 0.691883444 0.338120102 -0.03380488 0.847643196 0.847643196 0.847643196
v 0.668106436 0.346578180 -0.03380489 0.847643196 0.847643196 0.847643196
v 0.677697777 0.346578151 -0.03380488 0.847643196 0.847643196 0.847643196
v 0.691883444 0.346578180 -0.03380487 0.847643196 0.847643196 0.847643196
v 0.822153449 0.301841259 -0.03380485 0.847643196 0.847643196 0.847643196
v 0.822153449 0.293553888 -0.01984717 0.847643196 0.847643196 0.847643196
v 0.822150051 0.499997943 -0.033805 0.847643196 0.847643196 0.847643196
v 0.822153449 0.5 -0.02040746 0.847643196 0.847643196 0.847643196
v 0.480260014 0.5 -0.00677639 0.847643196 0.847643196 0.847643196
v 0.822153449 0.292074412 -0.00677639 0.847643196 0.847643196 0.847643196
v 0.822153449 0.5 -0.00688643 0.847643196 0.847643196 0.847643196
v 0.164430677 0.5 0.006761000 0.847643196 0.847643196 0.847643196
v 0.007245223 0.346578180 0.033805001 0.847643196 0.847643196 0.847643196
v 0.04450031 0.346578180 0.033805001 0.847643196 0.847643196 0.847643196
v 0.081755511 0.346578180 0.033805001 0.847643196 0.847643196 0.847643196
v 0.119054980 0.346578180 0.033805001 0.847643196 0.847643196 0.847643196
v 0.156319886 0.346578180 0.033805001 0.847643196 0.847643196 0.847643196
v 0.165506511 0.346578180 0.033805001 0.847643196 0.847643196 0.847643196
v 0.193504348 0.346578180 0.033805001 0.847643196 0.847643196 0.847643196
v 0.164804920 0.5 0.019747158 0.847643196 0.847643196 0.847643196
v 0.167481392 0.5 0.033805001 0.847643196 0.847643196 0.847643196
v 0.230810612 0.346578180 0.033805001 0.847643196 0.847643196 0.847643196
v 0.268141537 0.346578180 0.033805001 0.847643196 0.847643196 0.847643196
v 0.305413007 0.346578180 0.033805001 0.847643196 0.847643196 0.847643196
v 0.342611759 0.346578180 0.033805001 0.847643196 0.847643196 0.847643196
v 0.379741340 0.346578180 0.033805001 0.847643196 0.847643196 0.847643196
v 0.822153449 0.099999994 0.006761000 0.847643196 0.847643196 0.847643196
v 0.822153449 0.100227579 0.019747151 0.847643196 0.847643196 0.847643196
v 0.691883444 0.002686414 0.033804997 0.847643196 0.847643196 0.847643196
v 0.691883444 0.039934046 0.033804997 0.847643196 0.847643196 0.847643196
v 0.691883444 0.077209115 0.033804997 0.847643196 0.847643196 0.847643196
v 0.691883444 0.101235106 0.033804997 0.847643196 0.847643196 0.847643196
v 0.691883444 0.114500485 0.033804997 0.847643196 0.847643196 0.847643196
v 0.822153329 0.101855307 0.033804997 0.847643196 0.847643196 0.847643196
v 0.691883444 0.151668310 0.033804997 0.847643196 0.847643196 0.847643196
v 0.691883444 0.189051479 0.033804997 0.847643196 0.847643196 0.847643196
v 0.691883444 0.226267412 0.033804997 0.847643196 0.847643196 0.847643196
v 0.480260014 0.5 0.006776386 0.847643196 0.847643196 0.847643196
v 0.822153449 0.292074441 0.006776386 0.847643196 0.847643196 0.847643196
v 0.822153329 0.499999940 0.006886437 0.847643196 0.847643196 0.847643196
v 0.417059928 0.346578180 0.033805001 0.847643196 0.847643196 0.847643196
v 0.454389751 0.346578180 0.033805001 0.847643196 0.847643196 0.847643196
v 0.486192703 0.346578180 0.033805001 0.847643196 0.847643196 0.847643196
v 0.491674602 0.346578180 0.033805001 0.847643196 0.847643196 0.847643196
v 0.528888046 0.346578180 0.033805001 0.847643196 0.847643196 0.847643196
v 0.565996408 0.346578180 0.033805001 0.847643196 0.847643196 0.847643196
v 0.603649675 0.346578180 0.033805001 0.847643196 0.847643196 0.847643196
v 0.482692718 0.5 0.019847180 0.847643196 0.847643196 0.847643196
v 0.496319651 0.5 0.033805001 0.847643196 0.847643196 0.847643196
v 0.822153449 0.293553888 0.019847178 0.847643196 0.847643196 0.847643196
v 0.691883444 0.263437122 0.033804997 0.847643196 0.847643196 0.847643196
v 0.691883444 0.298660934 0.033804997 0.847643196 0.847643196 0.847643196
v 0.691883444 0.300859630 0.033804997 0.847643196 0.847643196 0.847643196
v 0.640631496 0.346578180 0.033805001 0.847643196 0.847643196 0.847643196
v 0.691883444 0.338120102 0.033804997 0.847643196 0.847643196 0.847643196
v 0.668106436 0.346578180 0.033804997 0.847643196 0.847643196 0.847643196
v 0.677697777 0.346578180 0.033804997 0.847643196 0.847643196 0.847643196
v 0.691883444 0.346578180 0.033804997 0.847643196 0.847643196 0.847643196
v 0.822153329 0.301841259 0.033804997 0.847643196 0.847643196 0.847643196
v 0.822153449 0.5 0.020407488 0.847643196 0.847643196 0.847643196
v 0.822153449 0.5 0.033805001 0.847643196 0.847643196 0.847643196
vn -0.08076593 -0.13280399 -0.98784608
vn 0.038455169 0.144949704 -0.98869139
vn 0.140488922 0 -0.99008226
vn 0 0.824648857 -0.56564516
vn 0 0.241235286 -0.97046673
vn -0.51961237 -0.85440218 0
vn -0.12755588 0 -0.99183136
vn 0.720162928 0 -0.69380504
vn 0.616583943 0 -0.78728908
vn 0.251328080 0 -0.967902
vn 0.820022225 0 -0.57233173
vn 0.557807445 0 -0.82997048
vn -1 0 0
vn 0 0.240387901 -0.9706769
vn 0 0.824648857 -0.56564516
vn 0 -0.23658226 -0.97161144
vn 0 0.670286536 -0.74210244
vn 0 0.073972791 -0.99726033
vn 0 0.247591361 -0.96886456
vn 0 0.824648857 -0.56564516
vn 0 -1 0
vn -0.51961237 -0.85440218 0
vn -1 0 0
vn 0 -1 0
vn 0.720162928 0 -0.69380504
vn 0.240957215 0 -0.97053576
vn 0.201202109 0 -0.97954983
vn -0.14407329 0 -0.98956704
vn 0.863704681 0 -0.50399834
vn 0.170561462 0 -0.98534703
vn 0.656599342 0 -0.75423956
vn 0.243864938 0 -0.96980923
vn -1 0 0
vn -1 0 0
vn 0 0.588834464 -0.80825371
vn 0 0.824648857 -0.56564516
vn 0 0.589342892 -0.80788308
vn 0 0.824648857 -0.56564516
vn 0 0.588580429 -0.80843866
vn 0 0.824648857 -0.56564516
vn 0 -0.15738879 -0.98753673
vn 0 0.719815492 -0.69416541
vn 0 0.342621654 -0.93947351
vn 0 0.839079976 -0.54400814
vn 0 0.599469959 -0.80039734
vn 0 0.824648857 -0.56564516
vn 0 0.588834464 -0.80825371
vn 0 -1 0
vn 0 -1 0
vn -0.51961237 -0.85440218 0
vn -1 0 0
vn 0 -1 0
vn -0.51961237 -0.85440218 0
vn -0.07903993 -0.1299659 0.988363027
vn 0.034032158 0.128275021 0.991154491
vn 0.720152318 0 0.693816065
vn 0 0.240717858 0.970595121
vn 0 0.824640691 0.565656840
vn -1 0 0
vn -0.13528863 0 0.990806281
vn 0.239259079 0 0.970955729
vn 0.210465148 0 0.977601409
vn 0.251366823 0 0.967891871
vn 0.885982096 0 0.463719457
vn 0.557795643 0 0.829978287
vn 0 -1 0
vn 0 0.587542533 0.809193313
vn 0 0.824640691 0.565656840
vn 0 -0.1635606 0.986533403
vn 0 0.769283771 0.638907253
vn 0 0.342400640 0.939554095
vn 0 0.810520947 0.585709571
vn 0 0.631193816 0.775625169
vn -1 0 0
vn 0.720152318 0 0.693816065
vn 0.183703020 0 0.982981741
vn 0.070262789 0 0.997528553
vn 0.896152019 0 0.443747162
vn -1 0 0
vn -0.12379255 0 0.992308139
vn 0.782354235 0 0.622833728
vn 0.251274973 0 0.967915773
vn 0.757610976 0 0.652706503
vn 0.480522811 0 0.876982152
vn 0 -1 0
vn 0 0.824640691 0.565656840
vn 0 0.589203953 0.807984352
vn 0 0.824640691 0.565656840
vn 0 0.588568627 0.808447182
vn 0 0.824640691 0.565656840
vn 0 0.697264432 0.716814100
vn 0 -1 0
vn 0 -0.22718823 0.973850846
vn 0 0.281754255 0.959486544
vn 0 0.067210100 0.997738838
vn 0 0.756317019 0.654205322
vn 0 0.599458277 0.800406158
vn 0 0.824640691 0.565656840
vn 0 0.236241638 0.971694350
vn -0.13566484 0 -0.99075484
vn 0.238114029 0 -0.97123718
vn 0.720162928 0 -0.69380504
vn 0.617697656 0 -0.78641564
vn 0.251565277 0 -0.96784031
vn 0.754286825 0 -0.6565451
vn -1 0 0
vn 0.259671807 0 -0.96569693
vn 0.241042003 0 -0.97051466
vn 0.614132106 0 -0.78920335
vn -1 0 0
vn -0.14148019 0 -0.98994112
vn 0.576992690 0 -0.81674939
vn 0.251703441 0 -0.96780437
vn 0.827163219 0 -0.56196159
vn 0.189359903 0 -0.98190778
vn 0.030773593 -0.10243322 -0.99426377
vn 0 -0.66124755 -0.75016785
vn 0 -0.42587018 -0.90478432
vn -1 0 0
vn -0.05075784 0.083464026 -0.99521726
vn -0.51960069 0.854409158 0
vn 0 -0.66124755 -0.75016785
vn 0 -0.42335987 -0.90596157
vn 0 -0.70797765 -0.70623481
vn 0 -0.03750848 -0.99929631
vn 0 -0.72900987 -0.6845032
vn 0 -0.47836366 -0.87816185
vn 0 0.120430529 -0.99272174
vn 0 1 0
vn -1 0 0
vn -0.51960069 0.854409158 0
vn 0 1 0
vn 0 -0.66124755 -0.75016785
vn 0 -0.40265125 -0.91535348
vn 0 -0.66124755 -0.75016785
vn 0 -0.40334043 -0.91505009
vn 0 -0.66124755 -0.75016785
vn 0 -0.46397534 -0.88584816
vn 0 -0.79086685 -0.61198819
vn 0 -0.03722929 -0.99930674
vn 0 -0.62866956 -0.77767253
vn 0 -0.43647408 -0.89971685
vn 0 -0.66124755 -0.75016785
vn 0 -0.40320453 -0.91510993
vn 0 0.119694337 -0.99281079
vn 0 1 0
vn 0 1 0
vn -1 0 0
vn -1 0 0
vn -0.15356582 0 0.988138496
vn 0.720152318 0 0.693816065
vn 0.568944096 0 0.822376132
vn 0.213975727 0 0.976838946
vn 0.069411508 0 0.997588157
vn 0.837426483 0 0.546550035
vn 0.529469788 0 0.848328709
vn 0.619933307 0 0.784654498
vn 0.070172928 0 0.997534811
vn 0.271776437 0 0.962360441
vn -1 0 0
vn -0.51960069 0.854409158 0
vn 0 1 0
vn -1 0 0
vn -0.16101223 0 0.986952424
vn 0.625356018 0 0.780339539
vn 0.171086832 0 0.985255897
vn 0.891096830 0 0.453813135
vn 0.189354315 0 0.981908857
vn 0.030772663 -0.10243012 0.994264125
vn 0 -0.66123611 0.750177800
vn 0 -0.42585948 0.904789269
vn -0.51960069 0.854409158 0
vn -0.05075631 0.083461508 0.995217561
vn 0 -0.66123611 0.750177800
vn 0 -0.42342338 0.905931949
vn 0 -0.6007756 0.799417614
vn 0 -0.03750864 0.999296367
vn 0 -0.81749487 0.575935900
vn 0 -0.4783524 0.878167927
vn 0 1 0
vn 0 0.122110568 0.992516517
vn 0 1 0
vn 0 -0.66123611 0.750177800
vn 0 -0.40264094 0.915358066
vn 0 -0.66123611 0.750177800
vn 0 -0.40333015 0.915054619
vn 0 -0.66123611 0.750177800
vn 0 -0.14743321 0.989072024
vn 0 -0.12847845 0.991712212
vn 0 -0.21504179 0.976604819
vn 0 -0.73297822 0.680252015
vn 0 -0.43646327 0.899722039
vn 0 -0.66123611 0.750177800
vn 0 -0.40319416 0.915114402
vn 0 1 0
vn 0 0.119185730 0.992871940
vn 0 0.824648857 -0.56564516
vn 0 0.236306339 -0.97167867
vn 0 0.236056566 -0.97173929
vn 0 -0.23701888 -0.97150505
vn 0 0.824648857 -0.56564516
vn 0 0.732658147 -0.68059695
vn 0 0.074036836 -0.9972555
vn 0 0.240104287 -0.97074717
vn 0 -1 0
vn 0 0.824648857 -0.56564516
vn 0 0.588707387 -0.80834621
vn 0 0.824648857 -0.56564516
vn 0 0.588961482 -0.80816108
vn 0 0.824648857 -0.56564516
vn 0 -1 0
vn 0.016623584 -0.13879734 -0.99018127
vn 0 0.616078674 -0.78768456
vn 0 0.785146176 -0.6193105
vn 0 0.236005857 -0.97175169
vn 0 0.916133403 -0.40087336
vn 0 0.666203856 -0.74576968
vn 0 0.824648857 -0.56564516
vn 0.037023555 0.586236178 -0.80929381
vn 0.028315886 -0.72455555 -0.68863457
vn 0.071871362 0.704483330 -0.70607203
vn 0.049216207 -0.1643105 -0.98518002
vn 0.003192264 0.977131009 -0.21261404
vn 0.003294367 0.869420647 -0.49406165
vn -0.32773611 0.424351632 -0.84410584
vn -0.63066167 -0.05234977 -0.77429026
vn 0.057923100 -0.08306015 -0.99485976
vn 0.157217487 -0.25827944 -0.95319164
vn -0.68028927 -0.16012114 -0.71523947
vn -0.46791169 -0.0496518 -0.88237929
vn -0.61994499 0 -0.78464526
vn -0.31448528 0 -0.94926232
vn -0.82773417 0 -0.56112033
vn -0.55780751 0 -0.82997048
vn 0.098672822 -0.02700623 -0.99475342
vn 0.593568682 -0.05428747 -0.8029502
vn 0 -1 0
vn 0.519623875 -0.85439509 0
vn 1 0 0
vn -0.72016293 0 -0.69380504
vn -0.46092817 0 -0.8874374
vn -0.72016293 0 -0.69380504
vn -0.20126227 0 -0.97953737
vn -0.07031821 0 -0.99752462
vn -0.75762075 0 -0.652695
vn -0.5971657 0 -0.80211794
vn 0.138548418 0 -0.99035561
vn 1 0 0
vn 1 0 0
vn 0 -1 0
vn 0 -1 0
vn 0 0.256423056 0.966564655
vn 0 0.697106778 0.716967344
vn 0 0.824640691 0.565656840
vn 0 -0.21810763 0.975924730
vn 0 0.692685186 0.721239984
vn 0 0.942412436 0.334453105
vn 0 0.067221656 0.997738063
vn 0 0.182331100 0.983237147
vn 0 0.824640691 0.565656840
vn 0 0.588695645 0.808354735
vn 0 0.824640691 0.565656840
vn 0 0.588949799 0.808169663
vn 0 0.824640691 0.565656840
vn 0 -1 0
vn 0.519623875 -0.85439509 0
vn 1 0 0
vn 0 -1 0
vn 0 -0.16948402 0.985532939
vn 0 0.616202533 0.787587761
vn 0 0.860593915 0.509291827
vn 0 0.235999047 0.971753358
vn 0 0.863832712 0.503778636
vn 0 0.666192591 0.745779812
vn 0 0.824640691 0.565656840
vn 0 0.240295097 0.970699787
vn 0.519623875 -0.85439509 0
vn 0 0.224728867 0.974421382
vn 0 0.691266357 0.722600042
vn -0.2143265 0.309536427 0.926418602
vn -0.15339549 0 0.988164842
vn 0.080003686 -0.1315466 0.988076388
vn 1 0 0
vn -0.17673302 0 0.984258770
vn -0.72795194 0 0.685628175
vn -0.18503359 0 0.982732176
vn -0.70583409 0 0.708377122
vn -0.5577957 0 0.829978287
vn 0.121152818 0 0.992633938
vn 1 0 0
vn -0.72015232 0 0.693816065
vn -0.46091712 0 0.887443184
vn -0.72015232 0 0.693816065
vn 1 0 0
vn -0.26424387 0 0.964455843
vn -0.08129377 0 0.996690154
vn -0.48758733 0 0.873074233
vn -0.72015232 0 0.693816065
vn 0.153565645 0 0.988138496
vn 0 -0.66124755 -0.75016785
vn 0 -0.40313655 -0.91513979
vn 0 -0.66124755 -0.75016785
vn 0 -0.50667238 -0.86213857
vn 0 -0.16953565 -0.985524
vn 0 -0.0399878 -0.99920022
vn 0 -0.60224003 -0.79831505
vn 0 0.119830519 -0.99279428
vn 0 1 0
vn 0 -0.42548558 -0.90496528
vn 0 -0.66124755 -0.75016785
vn 0 -0.40327245 -0.91507995
vn 0 -0.66124755 -0.75016785
vn 0 -0.40306863 -0.91516972
vn 0 1 0
vn -0.56895584 0 -0.82236803
vn -0.72016293 0 -0.69380504
vn -0.18858071 0 -0.98205763
vn -0.0800475 0 -0.99679106
vn -0.66072255 0 -0.75063014
vn 0.136128187 0 -0.99069124
vn 1 0 0
vn -0.72016293 0 -0.69380504
vn -0.46134958 0 -0.88721836
vn -0.72016293 0 -0.69380504
vn 1 0 0
vn 0 -0.66124755 -0.75016785
vn 0 -0.14938545 -0.98877907
vn 0 -0.04070279 -0.99917132
vn 0 -0.75548124 -0.65517032
vn 0 -0.48703706 -0.87338132
vn 0 -0.66124755 -0.75016785
vn 0 -0.42717794 -0.90416747
vn 0 0.110899463 -0.99383157
vn 0 1 0
vn -0.18415479 0 -0.98289722
vn -0.08153812 0 -0.99667019
vn -0.85048807 0 -0.5259943
vn 0 -0.66124755 -0.75016785
vn -0.72016293 0 -0.69380504
vn 0 -0.34723145 -0.93777943
vn 0 -0.66124755 -0.75016785
vn -0.01338668 -0.02245314 -0.99965829
vn 0.097511462 0 -0.99523443
vn 1 0 0
vn 0.072265967 0.118827432 -0.99028158
vn 0.519612312 0.854402124 0
vn 0 1 0
vn 1 0 0
vn 0.519612312 0.854402124 0
vn 0 1 0
vn 0 -0.66123611 0.750177800
vn 0 -0.50656044 0.862204492
vn 0 -0.15843518 0.987369358
vn 0 -0.15506069 0.987904965
vn 0 -0.72735572 0.686260700
vn 0 -0.14507157 0.989421188
vn 0 -0.70892841 0.705280482
vn 0 1 0
vn 0 0.119185730 0.992871940
vn 0 -0.42547488 0.904970228
vn 0 -0.66123611 0.750177800
vn 0 -0.40326208 0.915084421
vn 0 -0.66123611 0.750177800
vn 0 -0.14733933 0.989085972
vn 1 0 0
vn 1 0 0
vn -0.23810723 0 0.971238851
vn -0.24792372 0 0.968779623
vn -0.78377956 0 0.621039152
vn -0.25122187 0 0.967929482
vn -0.5507369 0 0.834678888
vn 0.121857099 0 0.992547631
vn -0.72015232 0 0.693816065
vn -0.46133855 0 0.887224197
vn -0.72015232 0 0.693816065
vn 0 1 0
vn 1 0 0
vn 0.519612312 0.854402124 0
vn 0 -0.14944533 0.988770067
vn 0 -0.58082819 0.814026176
vn 0 -0.04099561 0.999159395
vn 0 -0.17540851 0.984495759
vn 0 -0.50493306 0.863158524
vn 0 -0.66123611 0.750177800
vn 0 -0.42724255 0.904137074
vn 0 1 0
vn 0 0.152544140 0.988296687
vn 1 0 0
vn -0.24261409 0 0.970122873
vn -0.07053625 0 0.997509181
vn -0.82715529 0 0.561973393
vn 0 -0.66123611 0.750177800
vn -0.18935442 0 0.981908738
vn 0 -0.34722215 0.937782943
vn 0 -0.66123611 0.750177800
vn -0.03732075 -0.06259188 0.997341215
vn 0.173418730 0 0.984848201
vn 0.519612312 0.854402124 0
vn 0.050757858 0.083461500 0.995217442
s 0
f 3//3 2//2 1//1 7//7
f 5//5 1//1 2//2 4//4
f 9//9 8//8 3//3 7//7
f 7//7 1//1 6//6 13//13
f 10//10 9//9 7//7
f 12//12 11//11 10//10 7//7
f 16//16 1//1 5//5 14//14
f 17//17 16//16 14//14 15//15
f 17//17 18//18 16//16
f 16//16 21//21 6//6 1//1
f 394//394 395//395 396//396 399//399
f 6//6 22//22 23//23 13//13
f 392//392 394//394 399//399 385//385
f 383//383 384//384 385//385 399//399
f 22//22 6//6 21//21 24//24
f 396//396 393//393 397//397 399//399
f 393//393 391//391 390//390 397//397
f 397//397 388//388 398//398 399//399
f 387//387 399//399 398//398 386//386
f 26//26 25//25 12//12 7//7
f 28//28 27//27 26//26 7//7
f 13//13 33//33 28//28 7//7
f 30//30 29//29 27//27 28//28
f 32//32 31//31 30//30 28//28
f 33//33 13//13 23//23 34//34
f 382//382 383//383 399//399
f 382//382 399//399 387//387 381//381
f 379//379 380//380 381//381 387//387
f 19//19 41//41 16//16 18//18
f 35//35 41//41 19//19 20//20
f 41//41 35//35 36//36 37//37
f 39//39 41//41 37//37 38//38
f 41//41 48//48 21//21 16//16
f 42//42 41//41 39//39 40//40
f 42//42 43//43 41//41
f 45//45 41//41 43//43 44//44
f 47//47 41//41 45//45 46//46
f 198//198 41//41 47//47 197//197
f 388//388 377//377 378//378 398//398
f 376//376 386//386 398//398 378//378
f 21//21 48//48 49//49 24//24
f 389//389 372//372 397//397 390//390
f 374//374 372//372 389//389 375//375
f 372//372 366//366 388//388 397//397
f 371//371 372//372 374//374 373//373
f 371//371 370//370 372//372
f 50//50 22//22 24//24 52//52
f 368//368 372//372 370//370 369//369
f 372//372 368//368 367//367 299//299
f 51//51 23//23 22//22 50//50
f 51//51 50//50 53//53 59//59
f 366//366 365//365 377//377 388//388
f 50//50 52//52 66//66 53//53
f 364//364 379//379 387//387 359//359
f 362//362 363//363 364//364 359//359
f 61//61 54//54 55//55 56//56
f 60//60 54//54 61//61 62//62
f 53//53 54//54 60//60 59//59
f 63//63 60//60 62//62
f 65//65 60//60 63//63 64//64
f 53//53 66//66 69//69 54//54
f 57//57 55//55 54//54 69//69
f 57//57 69//69 67//67 58//58
f 69//69 70//70 68//68 67//67
f 70//70 69//69 71//71
f 71//71 69//69 73//73 72//72
f 73//73 69//69 87//87 86//86
f 74//74 34//34 23//23 51//51
f 51//51 59//59 79//79 74//74
f 360//360 361//361 362//362 359//359
f 386//386 358//358 359//359 387//387
f 356//356 357//357 360//360 359//359
f 354//354 355//355 356//356 359//359
f 353//353 354//354 359//359 196//196
f 60//60 65//65 75//75 76//76
f 59//59 60//60 80//80 79//79
f 80//80 60//60 76//76 77//77
f 77//77 78//78 81//81 80//80
f 82//82 80//80 81//81
f 84//84 80//80 82//82 83//83
f 152//152 80//80 84//84 151//151
f 24//24 49//49 85//85 52//52
f 376//376 350//350 358//358 386//386
f 52//52 85//85 92//92 66//66
f 348//348 349//349 378//378 377//377
f 348//348 344//344 346//346 349//349
f 347//347 376//376 378//378 349//349
f 346//346 334//334 347//347 349//349
f 87//87 69//69 89//89 88//88
f 89//89 69//69 91//91 90//90
f 66//66 92//92 93//93 69//69
f 91//91 69//69 94//94
f 94//94 69//69 93//93 95//95
f 95//95 93//93 97//97 96//96
f 97//97 93//93 99//99 98//98
f 101//101 32//32 28//28 100//100
f 103//103 102//102 101//101 100//100
f 104//104 103//103 100//100
f 107//107 105//105 104//104 100//100
f 28//28 33//33 106//106 100//100
f 108//108 107//107 100//100 111//111
f 100//100 106//106 119//119 111//111
f 33//33 34//34 110//110 106//106
f 345//345 343//343 342//342 333//333
f 106//106 110//110 130//130 119//119
f 343//343 345//345 346//346 344//344
f 112//112 109//109 108//108 111//111
f 113//113 112//112 111//111
f 115//115 114//114 113//113 111//111
f 116//116 115//115 111//111 120//120
f 118//118 117//117 116//116 120//120
f 123//123 122//122 118//118 120//120
f 111//111 119//119 121//121 120//120
f 125//125 124//124 123//123 120//120
f 128//128 125//125 120//120
f 127//127 126//126 125//125 128//128
f 134//134 133//133 127//127 128//128
f 121//121 129//129 128//128 120//120
f 343//343 337//337 339//339 342//342
f 343//343 336//336 337//337
f 333//333 334//334 346//346 345//345
f 342//342 341//341 340//340 333//333
f 340//340 338//338 332//332 333//333
f 119//119 130//130 131//131 121//121
f 331//331 330//330 333//333 332//332
f 330//330 329//329 328//328 333//333
f 325//325 348//348 377//377 365//365
f 325//325 321//321 344//344 348//348
f 129//129 121//121 131//131 132//132
f 136//136 135//135 134//134 128//128
f 128//128 138//138 137//137 136//136
f 140//140 139//139 138//138 128//128
f 145//145 140//140 128//128
f 129//129 146//146 145//145 128//128
f 142//142 141//141 140//140 145//145
f 144//144 143//143 142//142 145//145
f 301//301 300//300 144//144 145//145
f 320//320 343//343 344//344 321//321
f 343//343 320//320 335//335 336//336
f 129//129 132//132 147//147 146//146
f 335//335 320//320 323//323 324//324
f 323//323 320//320 319//319 322//322
f 319//319 320//320 318//318
f 320//320 247//247 317//317 318//318
f 314//314 147//147 182//182 350//350
f 34//34 74//74 148//148 110//110
f 74//74 79//79 149//149 148//148
f 347//347 314//314 350//350 376//376
f 334//334 308//308 314//314 347//347
f 110//110 148//148 160//160 130//130
f 148//148 149//149 163//163 160//160
f 308//308 146//146 147//147 314//314
f 327//327 307//307 333//333 328//328
f 79//79 80//80 150//150 149//149
f 153//153 80//80 152//152
f 150//150 80//80 153//153 154//154
f 156//156 150//150 154//154 155//155
f 163//163 149//149 150//150 164//164
f 150//150 156//156 157//157 158//158
f 131//131 130//130 160//160 161//161
f 327//327 326//326 313//313 307//307
f 307//307 308//308 334//334 333//333
f 311//311 307//307 313//313 312//312
f 309//309 307//307 311//311 310//310
f 160//160 163//163 172//172 161//161
f 145//145 146//146 308//308 307//307
f 309//309 306//306 305//305 307//307
f 304//304 145//145 307//307 305//305
f 304//304 303//303 145//145
f 303//303 302//302 301//301 145//145
f 131//131 161//161 162//162 132//132
f 161//161 172//172 180//180 162//162
f 158//158 159//159 164//164 150//150
f 159//159 165//165 166//166 164//164
f 164//164 166//166 167//167 168//168
f 172//172 163//163 164//164 173//173
f 164//164 168//168 169//169 173//173
f 169//169 170//170 171//171 173//173
f 174//174 175//175 173//173 171//171
f 176//176 177//177 173//173 175//175
f 172//172 173//173 181//181 180//180
f 181//181 173//173 177//177
f 179//179 181//181 177//177 178//178
f 184//184 181//181 179//179 183//183
f 299//299 294//294 366//366 372//372
f 298//298 297//297 299//299 367//367
f 297//297 296//296 299//299
f 147//147 132//132 162//162 182//182
f 182//182 162//162 180//180 195//195
f 295//295 289//289 299//299 296//296
f 292//292 289//289 295//295 293//293
f 283//283 294//294 299//299 289//289
f 294//294 290//290 365//365 366//366
f 182//182 195//195 358//358 350//350
f 185//185 186//186 181//181 184//184
f 186//186 187//187 188//188 181//181
f 180//180 181//181 196//196 195//195
f 188//188 189//189 196//196 181//181
f 196//196 189//189 190//190
f 192//192 196//196 190//190 191//191
f 194//194 196//196 192//192 193//193
f 351//351 352//352 196//196 194//194
f 196//196 352//352 353//353
f 195//195 196//196 359//359 358//358
f 200//200 41//41 198//198 199//199
f 202//202 200//200 199//199 201//201
f 202//202 203//203 200//200
f 205//205 48//48 41//41 200//200
f 204//204 212//212 200//200 203//203
f 207//207 212//212 204//204 206//206
f 209//209 212//212 207//207 208//208
f 200//200 212//212 220//220 205//205
f 211//211 49//49 48//48 205//205
f 283//283 267//267 290//290 294//294
f 288//288 289//289 292//292 291//291
f 286//286 289//289 288//288 287//287
f 284//284 289//289 286//286 285//285
f 211//211 205//205 220//220 237//237
f 281//281 282//282 289//289 284//284
f 281//281 280//280 282//282
f 213//213 212//212 209//209 210//210
f 215//215 212//212 213//213 214//214
f 212//212 215//215 216//216 217//217
f 212//212 217//217 218//218 219//219
f 222//222 212//212 219//219 221//221
f 212//212 222//222 228//228 220//220
f 223//223 222//222 221//221
f 227//227 228//228 225//225 226//226
f 228//228 227//227 235//235 236//236
f 224//224 228//228 222//222 223//223
f 225//225 228//228 224//224
f 227//227 229//229 230//230 235//235
f 232//232 235//235 230//230 231//231
f 234//234 235//235 232//232 233//233
f 278//278 282//282 280//280 279//279
f 269//269 282//282 278//278 276//276
f 277//277 283//283 289//289 282//282
f 220//220 228//228 238//238 237//237
f 274//274 269//269 276//276 275//275
f 272//272 269//269 274//274 273//273
f 270//270 269//269 272//272 271//271
f 263//263 269//269 270//270 264//264
f 269//269 268//268 277//277 282//282
f 238//238 239//239 267//267 266//266
f 277//277 266//266 267//267 283//283
f 228//228 236//236 239//239 238//238
f 241//241 235//235 234//234 240//240
f 243//243 235//235 241//241 242//242
f 247//247 248//248 236//236 235//235
f 247//247 235//235 243//243 244//244
f 246//246 247//247 244//244 245//245
f 315//315 247//247 246//246
f 317//317 247//247 315//315 316//316
f 248//248 247//247 320//320 321//321
f 237//237 238//238 266//266 265//265
f 268//268 265//265 266//266 277//277
f 236//236 248//248 249//249 239//239
f 239//239 249//249 290//290 267//267
f 261//261 269//269 263//263 262//262
f 259//259 269//269 261//261 260//260
f 249//249 248//248 321//321 325//325
f 249//249 325//325 365//365 290//290
f 250//250 85//85 49//49 211//211
f 251//251 92//92 85//85 250//250
f 255//255 269//269 259//259 258//258
f 255//255 251//251 268//268 269//269
f 256//256 255//255 258//258 257//257
f 253//253 255//255 256//256 254//254
f 211//211 237//237 265//265 250//250
f 253//253 252//252 255//255
f 99//99 93//93 255//255 252//252
f 255//255 93//93 92//92 251//251
f 250//250 265//265 268//268 251//251
f 391//391 337//337 389//389 390//390
f 323//323 374//374 375//375 324//324
f 371//371 319//319 369//369 370//370
f 245//245 244//244 243//243 295//295
f 395//395 341//341 342//342 396//396
f 396//396 342//342 339//339 393//393
f 393//393 339//339 337//337 391//391
f 337//337 336//336 335//335 389//389
f 389//389 335//335 324//324 375//375
f 374//374 323//323 322//322 373//373
f 286//286 233//233 232//232 285//285
f 287//287 233//233 286//286
f 233//233 287//287 288//288 234//234
f 285//285 232//232 231//231
f 285//285 231//231 230//230 284//284
f 281//281 226//226 225//225 280//280
f 281//281 227//227 226//226
f 280//280 225//225 224//224 279//279
f 373//373 322//322 319//319 371//371
f 281//281 229//229 227//227
f 284//284 230//230 229//229 281//281
f 319//319 318//318 317//317 369//369
f 369//369 317//317 316//316 368//368
f 368//368 316//316 315//315 367//367
f 246//246 298//298 367//367 315//315
f 245//245 297//297 298//298 246//246
f 297//297 245//245 295//295 296//296
f 242//242 293//293 295//295 243//243
f 241//241 292//292 293//293 242//242
f 240//240 291//291 292//292 241//241
f 291//291 240//240 234//234 288//288
f 202//202 257//257 204//204 203//203
f 216//216 215//215 214//214 271//271
f 189//189 139//139 191//191 190//190
f 176//176 124//124 178//178 177//177
f 165//165 112//112 167//167 166//166
f 157//157 108//108 159//159 158//158
f 306//306 357//357 304//304 305//305
f 153//153 103//103 155//155 154//154
f 194//194 144//144 300//300 351//351
f 193//193 143//143 144//144 194//194
f 192//192 142//142 143//143 193//193
f 191//191 141//141 142//142 192//192
f 139//139 140//140 141//141 191//191
f 188//188 138//138 139//139 189//189
f 187//187 137//137 138//138 188//188
f 186//186 136//136 137//137 187//187
f 185//185 135//135 136//136 186//186
f 184//184 134//134 135//135 185//185
f 183//183 133//133 134//134 184//184
f 223//223 221//221 278//278
f 179//179 127//127 133//133 183//183
f 223//223 278//278 279//279 224//224
f 263//263 209//209 208//208 262//262
f 278//278 221//221 219//219 276//276
f 178//178 126//126 127//127 179//179
f 178//178 124//124 125//125 126//126
f 175//175 123//123 124//124 176//176
f 174//174 122//122 123//123 175//175
f 171//171 118//118 122//122 174//174
f 170//170 117//117 118//118 171//171
f 169//169 116//116 117//117 170//170
f 168//168 115//115 116//116 169//169
f 167//167 114//114 115//115 168//168
f 112//112 113//113 114//114 167//167
f 159//159 109//109 112//112 165//165
f 159//159 108//108 109//109
f 156//156 107//107 108//108 157//157
f 155//155 105//105 107//107 156//156
f 103//103 104//104 105//105 155//155
f 152//152 102//102 103//103 153//153
f 151//151 101//101 102//102 152//152
f 329//329 382//382 327//327 328//328
f 218//218 275//275 276//276 219//219
f 217//217 274//274 275//275 218//218
f 216//216 273//273 274//274 217//217
f 271//271 272//272 273//273 216//216
f 94//94 95//95 96//96 44//44
f 301//301 352//352 351//351 300//300
f 302//302 353//353 352//352 301//301
f 303//303 354//354 353//353 302//302
f 304//304 355//355 354//354 303//303
f 357//357 356//356 355//355 304//304
f 309//309 360//360 357//357 306//306
f 310//310 361//361 360//360 309//309
f 311//311 362//362 361//361 310//310
f 312//312 363//363 362//362 311//311
f 313//313 364//364 363//363 312//312
f 379//379 364//364 313//313 326//326
f 81//81 29//29 83//83 82//82
f 76//76 26//26 78//78 77//77
f 70//70 71//71 72//72 19//19
f 213//213 270//270 271//271 214//214
f 210//210 264//264 270//270 213//213
f 197//197 252//252 253//253 198//198
f 198//198 253//253 254//254 199//199
f 199//199 254//254 256//256 201//201
f 201//201 256//256 257//257 202//202
f 62//62 9//9 64//64 63//63
f 252//252 197//197 47//47 99//99
f 99//99 47//47 46//46 98//98
f 98//98 46//46 45//45 97//97
f 97//97 45//45 44//44 96//96
f 42//42 94//94 44//44 43//43
f 94//94 42//42 40//40 91//91
f 91//91 40//40 39//39 90//90
f 90//90 39//39 38//38 89//89
f 89//89 38//38 37//37 88//88
f 327//327 380//380 379//379 326//326
f 382//382 381//381 380//380 327//327
f 330//330 383//383 382//382 329//329
f 331//331 384//384 383//383 330//330
f 385//385 384//384 331//331 332//332
f 338//338 392//392 385//385 332//332
f 88//88 37//37 36//36 87//87
f 257//257 258//258 259//259 204//204
f 204//204 259//259 260//260 206//206
f 340//340 394//394 392//392 338//338
f 206//206 260//260 261//261 207//207
f 341//341 395//395 394//394 340//340
f 207//207 261//261 262//262 208//208
f 209//209 263//263 264//264 210//210
f 87//87 36//36 35//35 86//86
f 84//84 32//32 101//101 151//151
f 83//83 31//31 32//32 84//84
f 29//29 30//30 31//31 83//83
f 78//78 27//27 29//29 81//81
f 78//78 26//26 27//27
f 75//75 25//25 26//26 76//76
f 65//65 12//12 25//25 75//75
f 86//86 35//35 20//20 73//73
f 73//73 20//20 19//19 72//72
f 19//19 18//18 17//17 70//70
f 70//70 17//17 15//15 68//68
f 68//68 15//15 14//14 67//67
f 67//67 14//14 5//5 58//58
f 64//64 11//11 12//12 65//65
f 9//9 10//10 11//11 64//64
f 61//61 8//8 9//9 62//62
f 58//58 5//5 4//4 57//57
f 56//56 3//3 8//8 61//61
f 55//55 2//2 3//3 56//56
f 57//57 4//4 2//2 55//55
o contraria
usemtl contraria
v -0.83722204 -0.49999988 -0.01243779 0.847643196 0.847643196 0.847643196
v -0.83728236 -0.49999988 0.018551170 0.847643196 0.847643196 0.847643196
v -0.79165685 -0.40309232 0.095104485 0.847643196 0.847643196 0.847643196
v -0.78470659 -0.41493264 0.106765955 0.847643196 0.847643196 0.847643196
v -0.76057309 -0.40309316 0.095104783 0.847643196 0.847643196 0.847643196
v -0.70890379 -0.49999988 0.001375049 0.847643196 0.847643196 0.847643196
v -0.70240742 -0.49999988 -0.01243779 0.847643196 0.847643196 0.847643196
v -0.70759028 -0.49999988 0.038722455 0.847643196 0.847643196 0.847643196
v -0.69867247 -0.49999988 0.075121134 0.847643196 0.847643196 0.847643196
v -0.68588072 -0.49999988 0.110366523 0.847643196 0.847643196 0.847643196
v -0.70890379 -0.42503446 0.001375079 0.847643196 0.847643196 0.847643196
v -0.70240742 -0.42503446 -0.01243779 0.847643196 0.847643196 0.847643196
v -0.70759028 -0.42503446 0.038722485 0.847643196 0.847643196 0.847643196
v -0.69867247 -0.42503449 0.075121134 0.847643196 0.847643196 0.847643196
v -0.68588072 -0.42503449 0.110366523 0.847643196 0.847643196 0.847643196
v -0.68588072 -0.41858867 0.110366523 0.847643196 0.847643196 0.847643196
v -0.69141972 -0.40309316 0.095104843 0.847643196 0.847643196 0.847643196
v -0.75403953 -0.43909034 0.158221066 0.847643196 0.847643196 0.847643196
v -0.77587169 -0.42998391 0.121589660 0.847643196 0.847643196 0.847643196
v -0.76057309 -0.42998391 0.121589541 0.847643196 0.847643196 0.847643196
v -0.76057172 -0.43636569 0.147260904 0.847643196 0.847643196 0.847643196
v -0.7341063 -0.43729195 0.191666185 0.847643196 0.847643196 0.847643196
v -0.67070591 -0.49999988 0.144657909 0.847643196 0.847643196 0.847643196
v -0.66077697 -0.49999991 0.16441679 0.847643196 0.847643196 0.847643196
v -0.68051094 -0.43909034 0.158221006 0.847643196 0.847643196 0.847643196
v -0.66389036 -0.43909034 0.158221006 0.847643196 0.847643196 0.847643196
v -0.65869051 -0.43853393 0.168568849 0.847643196 0.847643196 0.847643196
v -0.65386653 -0.49999991 0.178168714 0.847643196 0.847643196 0.847643196
v -0.65239692 -0.49999991 0.180837094 0.847643196 0.847643196 0.847643196
v -0.64443624 -0.49999991 0.199070364 0.847643196 0.847643196 0.847643196
v -0.65386653 -0.43801773 0.178168714 0.847643196 0.847643196 0.847643196
v -0.65239704 -0.43787426 0.180836856 0.847643196 0.847643196 0.847643196
v -0.68307132 -0.42503449 0.116715073 0.847643196 0.847643196 0.847643196
v -0.6809141 -0.429984 0.121589899 0.847643196 0.847643196 0.847643196
v -0.68051291 -0.43020937 0.122496455 0.847643196 0.847643196 0.847643196
v -0.67070591 -0.43571863 0.144657939 0.847643196 0.847643196 0.847643196
v -0.73141211 -0.43704885 0.196186661 0.847643196 0.847643196 0.847643196
v -0.69014579 -0.43729463 0.191616773 0.847643196 0.847643196 0.847643196
v -0.69040096 -0.43730104 0.191497713 0.847643196 0.847643196 0.847643196
v -0.70913315 -0.42990458 0.233567625 0.847643196 0.847643196 0.847643196
v -0.68051291 -0.43729728 0.191567361 0.847643196 0.847643196 0.847643196
v -0.68051285 -0.43730304 0.191460251 0.847643196 0.847643196 0.847643196
v -0.68051291 -0.43704885 0.196186661 0.847643196 0.847643196 0.847643196
v -0.64791822 -0.43732268 0.191095203 0.847643196 0.847643196 0.847643196
v -0.64687353 -0.43719399 0.193488001 0.847643196 0.847643196 0.847643196
v -0.64569563 -0.43704888 0.196185946 0.847643196 0.847643196 0.847643196
v -0.64443624 -0.43649763 0.199070394 0.847643196 0.847643196 0.847643196
v -0.68051291 -0.42990458 0.233567595 0.847643196 0.847643196 0.847643196
v -0.80212915 -0.36937809 0.077533334 0.847643196 0.847643196 0.847643196
v -0.80980533 -0.33356488 0.064653784 0.847643196 0.847643196 0.847643196
v -0.76057309 -0.36937809 0.077533334 0.847643196 0.847643196 0.847643196
v -0.76057309 -0.3335664 0.064653933 0.847643196 0.847643196 0.847643196
v -0.82049346 -0.25960094 0.046720624 0.847643196 0.847643196 0.847643196
v -0.76057309 -0.25960264 0.046720653 0.847643196 0.847643196 0.847643196
v -0.81575572 -0.29683253 0.054669857 0.847643196 0.847643196 0.847643196
v -0.76057309 -0.29683253 0.054669857 0.847643196 0.847643196 0.847643196
v -0.70890379 -0.34775549 0.001375079 0.847643196 0.847643196 0.847643196
v -0.70240742 -0.34775549 -0.01243779 0.847643196 0.847643196 0.847643196
v -0.70759028 -0.34775549 0.038722485 0.847643196 0.847643196 0.847643196
v -0.697797 -0.36937809 0.077533364 0.847643196 0.847643196 0.847643196
v -0.69867247 -0.36267081 0.075121134 0.847643196 0.847643196 0.847643196
v -0.69998676 -0.34775552 0.069756954 0.847643196 0.847643196 0.847643196
v -0.70123696 -0.3335664 0.064653962 0.847643196 0.847643196 0.847643196
v -0.70890373 -0.27047652 0.001375109 0.847643196 0.847643196 0.847643196
v -0.70240736 -0.27047652 -0.01243785 0.847643196 0.847643196 0.847643196
v -0.70759028 -0.27047652 0.038722515 0.847643196 0.847643196 0.847643196
v -0.70506191 -0.27047652 0.049042403 0.847643196 0.847643196 0.847643196
v -0.70563078 -0.25960264 0.046720653 0.847643196 0.847643196 0.847643196
v -0.70368314 -0.29683253 0.054669886 0.847643196 0.847643196 0.847643196
v -0.62819958 -0.49999991 0.232877194 0.847643196 0.847643196 0.847643196
v -0.62784213 -0.42990458 0.233567595 0.847643196 0.847643196 0.847643196
v -0.62819964 -0.43003651 0.232877194 0.847643196 0.847643196 0.847643196
v -0.65394092 -0.49999988 0.326172530 0.847643196 0.847643196 0.847643196
v -0.68725967 -0.41980213 0.270268321 0.847643196 0.847643196 0.847643196
v -0.68051291 -0.41980213 0.270268321 0.847643196 0.847643196 0.847643196
v -0.68051291 -0.416006 0.281588435 0.847643196 0.847643196 0.847643196
v -0.665748 -0.40769836 0.306361854 0.847643196 0.847643196 0.847643196
v -0.65539527 -0.40106058 0.323732316 0.847643196 0.847643196 0.847643196
v -0.64455289 -0.39410883 0.341924309 0.847643196 0.847643196 0.847643196
v -0.61095423 -0.49999991 0.266181200 0.847643196 0.847643196 0.847643196
v -0.59284979 -0.49999988 0.299026191 0.847643196 0.847643196 0.847643196
v -0.57556432 -0.49999991 0.328739643 0.847643196 0.847643196 0.847643196
v -0.57399082 -0.49999991 0.331444442 0.847643196 0.847643196 0.847643196
v -0.61868095 -0.42503461 0.251259535 0.847643196 0.847643196 0.847643196
v -0.61095423 -0.42503461 0.266181200 0.847643196 0.847643196 0.847643196
v -0.61095423 -0.42092717 0.266181200 0.847643196 0.847643196 0.847643196
v -0.60870147 -0.41980213 0.270268291 0.847643196 0.847643196 0.847643196
v -0.59284979 -0.42503461 0.299026221 0.847643196 0.847643196 0.847643196
v -0.60045242 -0.41478357 0.285233646 0.847643196 0.847643196 0.847643196
v -0.59284979 -0.41015831 0.299026221 0.847643196 0.847643196 0.847643196
v -0.60045236 -0.40769836 0.306361794 0.847643196 0.847643196 0.847643196
v -0.5885824 -0.40769836 0.306361794 0.847643196 0.847643196 0.847643196
v -0.60045236 -0.39410883 0.341924250 0.847643196 0.847643196 0.847643196
v -0.57399082 -0.42503461 0.331444501 0.847643196 0.847643196 0.847643196
v -0.57399082 -0.39811346 0.331444501 0.847643196 0.847643196 0.847643196
v -0.56759524 -0.39410883 0.341924250 0.847643196 0.847643196 0.847643196
v -0.60706365 -0.49999988 0.404825985 0.847643196 0.847643196 0.847643196
v -0.55445331 -0.49999988 0.363458216 0.847643196 0.847643196 0.847643196
v -0.53429192 -0.49999991 0.395082891 0.847643196 0.847643196 0.847643196
v -0.52782249 -0.49999991 0.404826015 0.847643196 0.847643196 0.847643196
v -0.62783647 -0.38229519 0.369972109 0.847643196 0.847643196 0.847643196
v -0.62364209 -0.37933099 0.377009689 0.847643196 0.847643196 0.847643196
v -0.60045236 -0.37933099 0.377009689 0.847643196 0.847643196 0.847643196
v -0.55445337 -0.42503461 0.363458216 0.847643196 0.847643196 0.847643196
v -0.53429192 -0.42503461 0.395082920 0.847643196 0.847643196 0.847643196
v -0.55445337 -0.38503879 0.363458216 0.847643196 0.847643196 0.847643196
v -0.54581404 -0.37933099 0.377009689 0.847643196 0.847643196 0.847643196
v -0.51354581 -0.48729146 0.426327139 0.847643196 0.847643196 0.847643196
v -0.50762546 -0.48222145 0.434904933 0.847643196 0.847643196 0.847643196
v -0.49224162 -0.46904731 0.457193940 0.847643196 0.847643196 0.847643196
v -0.51354581 -0.42503461 0.426327168 0.847643196 0.847643196 0.847643196
v -0.49224162 -0.42503464 0.457193940 0.847643196 0.847643196 0.847643196
v -0.60299104 -0.36355725 0.411659240 0.847643196 0.847643196 0.847643196
v -0.6004523 -0.36355725 0.411659240 0.847643196 0.847643196 0.847643196
v -0.6004523 -0.36148596 0.415918916 0.847643196 0.847643196 0.847643196
v -0.53429198 -0.37110338 0.395082920 0.847643196 0.847643196 0.847643196
v -0.58655345 -0.35014638 0.439239233 0.847643196 0.847643196 0.847643196
v -0.58258504 -0.34690866 0.445897728 0.847643196 0.847643196 0.847643196
v -0.56241524 -0.32946745 0.479739755 0.847643196 0.847643196 0.847643196
v -0.52328533 -0.36355725 0.411659210 0.847643196 0.847643196 0.847643196
v -0.52039212 -0.36143851 0.416016459 0.847643196 0.847643196 0.847643196
v -0.51354581 -0.3564249 0.426327168 0.847643196 0.847643196 0.847643196
v -0.52039212 -0.34690866 0.445897698 0.847643196 0.847643196 0.847643196
v -0.50124049 -0.34775564 0.444155842 0.847643196 0.847643196 0.847643196
v -0.50003827 -0.34690866 0.445897698 0.847643196 0.847643196 0.847643196
v -0.49224162 -0.34775564 0.457193970 0.847643196 0.847643196 0.847643196
v -0.52039206 -0.32946745 0.479739725 0.847643196 0.847643196 0.847643196
v -0.49224162 -0.34108689 0.457193970 0.847643196 0.847643196 0.847643196
v -0.47608623 -0.32946745 0.479739695 0.847643196 0.847643196 0.847643196
v -0.82430577 -0.22207335 0.040324151 0.847643196 0.847643196 0.847643196
v -0.76057309 -0.22207335 0.040324151 0.847643196 0.847643196 0.847643196
v -0.83786911 -0.16741392 -0.01243785 0.847643196 0.847643196 0.847643196
v -0.83831984 -0.16648188 0.016810506 0.847643196 0.847643196 0.847643196
v -0.827362 -0.1843473 0.035196214 0.847643196 0.847643196 0.847643196
v -0.8283456 -0.16890533 0.033545881 0.847643196 0.847643196 0.847643196
v -0.82977313 -0.1464926 0.031150668 0.847643196 0.847643196 0.847643196
v -0.76057309 -0.1843491 0.035195946 0.847643196 0.847643196 0.847643196
v -0.76057309 -0.1464926 0.031150668 0.847643196 0.847643196 0.847643196
v -0.7071979 -0.22207335 0.040324181 0.847643196 0.847643196 0.847643196
v -0.70890373 -0.19319753 0.001375109 0.847643196 0.847643196 0.847643196
v -0.70240736 -0.19319753 -0.01243785 0.847643196 0.847643196 0.847643196
v -0.70759028 -0.21029128 0.038722515 0.847643196 0.847643196 0.847643196
v -0.70767206 -0.19319755 0.036398798 0.847643196 0.847643196 0.847643196
v -0.70240736 -0.16297704 -0.01243785 0.847643196 0.847643196 0.847643196
v -0.70771438 -0.1843491 0.035195946 0.847643196 0.847643196 0.847643196
v -0.7078566 -0.1464926 0.031150698 0.847643196 0.847643196 0.847643196
v -0.83160847 -0.10854425 0.028071284 0.847643196 0.847643196 0.847643196
v -0.83291507 -0.07053643 0.025878995 0.847643196 0.847643196 0.847643196
v -0.76057309 -0.10854557 0.028070896 0.847643196 0.847643196 0.847643196
v -0.76057309 -0.07053643 0.025878995 0.847643196 0.847643196 0.847643196
v -0.8337177 -0.03248738 0.024532228 0.847643196 0.847643196 0.847643196
v -0.76057309 -0.03248835 0.024531751 0.847643196 0.847643196 0.847643196
v -0.70890373 -0.11591856 0.001375138 0.847643196 0.847643196 0.847643196
v -0.7024073 -0.11591856 -0.01243785 0.847643196 0.847643196 0.847643196
v -0.70794386 -0.11591857 0.028669297 0.847643196 0.847643196 0.847643196
v -0.7079649 -0.10854557 0.028070896 0.847643196 0.847643196 0.847643196
v -0.70804203 -0.07053643 0.025878995 0.847643196 0.847643196 0.847643196
v -0.70890373 -0.03863958 0.001375138 0.847643196 0.847643196 0.847643196
v -0.7024073 -0.03863958 -0.01243785 0.847643196 0.847643196 0.847643196
v -0.70808172 -0.03863959 0.024749577 0.847643196 0.847643196 0.847643196
v -0.70808941 -0.03248835 0.024531751 0.847643196 0.847643196 0.847643196
v -0.5425666 -0.43603709 0.513043046 0.847643196 0.847643196 0.847643196
v -0.47039646 -0.45102817 0.487680077 0.847643196 0.847643196 0.847643196
v -0.47039646 -0.42503464 0.487680107 0.847643196 0.847643196 0.847643196
v -0.44801873 -0.43323877 0.517777502 0.847643196 0.847643196 0.847643196
v -0.44801873 -0.42503464 0.517777502 0.847643196 0.847643196 0.847643196
v -0.43730929 -0.42503464 0.531657874 0.847643196 0.847643196 0.847643196
v -0.43247432 -0.42133078 0.537924349 0.847643196 0.847643196 0.847643196
v -0.42510828 -0.41568795 0.547471284 0.847643196 0.847643196 0.847643196
v -0.54248017 -0.31128296 0.513188123 0.847643196 0.847643196 0.847643196
v -0.47039646 -0.34775567 0.487680107 0.847643196 0.847643196 0.847643196
v -0.44801873 -0.34775567 0.517777502 0.847643196 0.847643196 0.847643196
v -0.42510828 -0.34775567 0.547471284 0.847643196 0.847643196 0.847643196
v -0.47039646 -0.32515058 0.487680107 0.847643196 0.847643196 0.847643196
v -0.52039206 -0.31128296 0.513188123 0.847643196 0.847643196 0.847643196
v -0.52278334 -0.29238102 0.546236634 0.847643196 0.847643196 0.847643196
v -0.52039206 -0.29238102 0.546236634 0.847643196 0.847643196 0.847643196
v -0.45143104 -0.31128296 0.513188064 0.847643196 0.847643196 0.847643196
v -0.44801873 -0.30865806 0.517777502 0.847643196 0.847643196 0.847643196
v -0.44033182 -0.30295986 0.527740359 0.847643196 0.847643196 0.847643196
v -0.44033182 -0.29238102 0.546236574 0.847643196 0.847643196 0.847643196
v -0.426061 -0.29238102 0.546236574 0.847643196 0.847643196 0.847643196
v -0.42510834 -0.29163882 0.547471284 0.847643196 0.847643196 0.847643196
v -0.52039206 -0.28996921 0.550248861 0.847643196 0.847643196 0.847643196
v -0.50333601 -0.2727668 0.578866481 0.847643196 0.847643196 0.847643196
v -0.4841556 -0.25242481 0.611048579 0.847643196 0.847643196 0.847643196
v -0.44033182 -0.2727668 0.578866422 0.847643196 0.847643196 0.847643196
v -0.44033182 -0.25242481 0.611048579 0.847643196 0.847643196 0.847643196
v -0.44184312 -0.33614799 0.682042956 0.847643196 0.847643196 0.847643196
v -0.46527156 -0.23131782 0.642733335 0.847643196 0.847643196 0.847643196
v -0.44033182 -0.23131782 0.642733335 0.847643196 0.847643196 0.847643196
v -0.44672719 -0.20937897 0.673848271 0.847643196 0.847643196 0.847643196
v -0.44033176 -0.20937897 0.673848271 0.847643196 0.847643196 0.847643196
v -0.44033176 -0.20131549 0.684578776 0.847643196 0.847643196 0.847643196
v -0.4285875 -0.18650801 0.704284071 0.847643196 0.847643196 0.847643196
v -0.40165803 -0.39838803 0.576740622 0.847643196 0.847643196 0.847643196
v -0.37765244 -0.38135633 0.60555619 0.847643196 0.847643196 0.847643196
v -0.40165803 -0.34775567 0.576740622 0.847643196 0.847643196 0.847643196
v -0.37765244 -0.34775567 0.60555619 0.847643196 0.847643196 0.847643196
v -0.40165803 -0.2740446 0.576740682 0.847643196 0.847643196 0.847643196
v -0.39988708 -0.2727668 0.578866422 0.847643196 0.847643196 0.847643196
v -0.39686882 -0.2704767 0.582489490 0.847643196 0.847643196 0.847643196
v -0.37765244 -0.2704767 0.60555619 0.847643196 0.847643196 0.847643196
v -0.37765244 -0.25589648 0.60555619 0.847643196 0.847643196 0.847643196
v -0.37288481 -0.25242481 0.611048579 0.847643196 0.847643196 0.847643196
v -0.37875053 -0.35283235 0.653815150 0.847643196 0.847643196 0.847643196
v -0.35757762 -0.36768717 0.628682732 0.847643196 0.847643196 0.847643196
v -0.35306716 -0.36461592 0.633878827 0.847643196 0.847643196 0.847643196
v -0.35306716 -0.34775567 0.633878827 0.847643196 0.847643196 0.847643196
v -0.32786819 -0.34775567 0.661656558 0.847643196 0.847643196 0.847643196
v -0.32786819 -0.34819761 0.661656558 0.847643196 0.847643196 0.847643196
v -0.32706079 -0.3476963 0.662504673 0.847643196 0.847643196 0.847643196
v -0.32715639 -0.34775567 0.662404239 0.847643196 0.847643196 0.847643196
v -0.35306716 -0.2704767 0.633878827 0.847643196 0.847643196 0.847643196
v -0.32786819 -0.2704767 0.661656558 0.847643196 0.847643196 0.847643196
v -0.30200878 -0.33214214 0.688820362 0.847643196 0.847643196 0.847643196
v -0.27542701 -0.31650454 0.715277195 0.847643196 0.847643196 0.847643196
v -0.30200878 -0.2704767 0.688820362 0.847643196 0.847643196 0.847643196
v -0.27542704 -0.2704767 0.715277195 0.847643196 0.847643196 0.847643196
v -0.38679293 -0.28155378 0.774409651 0.847643196 0.847643196 0.847643196
v -0.24804057 -0.30136025 0.740899443 0.847643196 0.847643196 0.847643196
v -0.21973862 -0.28681654 0.765505552 0.847643196 0.847643196 0.847643196
v -0.24804057 -0.27047673 0.740899443 0.847643196 0.847643196 0.847643196
v -0.21973862 -0.27047673 0.765505552 0.847643196 0.847643196 0.847643196
v -0.19037795 -0.27302647 0.788836717 0.847643196 0.847643196 0.847643196
v -0.19037795 -0.27047673 0.788836717 0.847643196 0.847643196 0.847643196
v -0.18427886 -0.27047673 0.793150544 0.847643196 0.847643196 0.847643196
v -0.16814086 -0.26373023 0.804564714 0.847643196 0.847643196 0.847643196
v -0.15976293 -0.2602278 0.810490369 0.847643196 0.847643196 0.847643196
v -0.36027157 -0.24274512 0.625579237 0.847643196 0.847643196 0.847643196
v -0.35306719 -0.23721625 0.633878886 0.847643196 0.847643196 0.847643196
v -0.36027154 -0.23131782 0.642733275 0.847643196 0.847643196 0.847643196
v -0.34503478 -0.23131782 0.642733275 0.847643196 0.847643196 0.847643196
v -0.34152624 -0.22859086 0.646600842 0.847643196 0.847643196 0.847643196
v -0.36027154 -0.20937897 0.673848211 0.847643196 0.847643196 0.847643196
v -0.32786819 -0.21797515 0.661656618 0.847643196 0.847643196 0.847643196
v -0.31626204 -0.20937897 0.673848211 0.847643196 0.847643196 0.847643196
v -0.4179312 -0.17202237 0.722163796 0.847643196 0.847643196 0.847643196
v -0.4109579 -0.16254315 0.733864069 0.847643196 0.847643196 0.847643196
v -0.36027148 -0.18650801 0.704284071 0.847643196 0.847643196 0.847643196
v -0.36027148 -0.16254315 0.733864069 0.847643196 0.847643196 0.847643196
v -0.30200878 -0.19812822 0.688820362 0.847643196 0.847643196 0.847643196
v -0.29541647 -0.19319773 0.695381641 0.847643196 0.847643196 0.847643196
v -0.27542704 -0.19319774 0.715277195 0.847643196 0.847643196 0.847643196
v -0.28647202 -0.18650801 0.704284071 0.847643196 0.847643196 0.847643196
v -0.2802113 -0.18145953 0.710515499 0.847643196 0.847643196 0.847643196
v -0.27542704 -0.17760167 0.715277195 0.847643196 0.847643196 0.847643196
v -0.2802113 -0.16254315 0.733863949 0.847643196 0.847643196 0.847643196
v -0.25556052 -0.16254315 0.733863949 0.847643196 0.847643196 0.847643196
v -0.39471492 -0.1382865 0.761117577 0.847643196 0.847643196 0.847643196
v -0.39401004 -0.13723384 0.762300372 0.847643196 0.847643196 0.847643196
v -0.36027148 -0.13723384 0.762300372 0.847643196 0.847643196 0.847643196
v -0.24804057 -0.19319774 0.740899443 0.847643196 0.847643196 0.847643196
v -0.21973862 -0.19319774 0.765505552 0.847643196 0.847643196 0.847643196
v -0.28021127 -0.13723384 0.762300252 0.847643196 0.847643196 0.847643196
v -0.24804057 -0.15628129 0.740899443 0.847643196 0.847643196 0.847643196
v -0.22342548 -0.13723384 0.762300252 0.847643196 0.847643196 0.847643196
v -0.21973862 -0.13399073 0.765505671 0.847643196 0.847643196 0.847643196
v -0.25975466 -0.15556781 0.987562060 0.847643196 0.847643196 0.847643196
v -0.25975466 -0.15467501 0.987562060 0.847643196 0.847643196 0.847643196
v -0.37805942 -0.11015604 0.789063215 0.847643196 0.847643196 0.847643196
v -0.36027148 -0.11015604 0.789063215 0.847643196 0.847643196 0.847643196
v -0.36381173 -0.0805703 0.812968969 0.847643196 0.847643196 0.847643196
v -0.36027148 -0.0805703 0.812968969 0.847643196 0.847643196 0.847643196
v -0.36240759 -0.0761282 0.815324902 0.847643196 0.847643196 0.847643196
v -0.36234701 -0.07593654 0.815426468 0.847643196 0.847643196 0.847643196
v -0.36027148 -0.0693704 0.818908929 0.847643196 0.847643196 0.847643196
v -0.35770503 -0.06125114 0.823215127 0.847643196 0.847643196 0.847643196
v -0.35321501 -0.04704646 0.830748677 0.847643196 0.847643196 0.847643196
v -0.35301128 -0.01092041 0.831090569 0.847643196 0.847643196 0.847643196
v -0.35300437 -0.00969367 0.831102132 0.847643196 0.847643196 0.847643196
v -0.28021127 -0.11015604 0.789063215 0.847643196 0.847643196 0.847643196
v -0.28021124 -0.0805703 0.812968969 0.847643196 0.847643196 0.847643196
v -0.28021124 -0.04704646 0.830748677 0.847643196 0.847643196 0.847643196
v -0.28021124 -0.00969367 0.831102132 0.847643196 0.847643196 0.847643196
v -0.25975463 -0.09391505 0.987562060 0.847643196 0.847643196 0.847643196
v -0.19037797 -0.19319774 0.788836717 0.847643196 0.847643196 0.847643196
v -0.15976293 -0.19319774 0.810490489 0.847643196 0.847643196 0.847643196
v -0.12762028 -0.2488184 0.829793691 0.847643196 0.847643196 0.847643196
v -0.12762029 -0.19319776 0.829793691 0.847643196 0.847643196 0.847643196
v -0.09363435 -0.23947901 0.845594883 0.847643196 0.847643196 0.847643196
v -0.08130792 -0.23745273 0.849022984 0.847643196 0.847643196 0.847643196
v -0.05756424 -0.23354965 0.855626583 0.847643196 0.847643196 0.847643196
v -0.09363436 -0.19319776 0.845594883 0.847643196 0.847643196 0.847643196
v -0.05756424 -0.19319776 0.855626583 0.847643196 0.847643196 0.847643196
v -0.04861486 -0.23350558 0.855701088 0.847643196 0.847643196 0.847643196
v -0.02020309 -0.23336568 0.855937838 0.847643196 0.847643196 0.847643196
v -0.02020309 -0.19319774 0.855937838 0.847643196 0.847643196 0.847643196
v -0.16899993 -0.15556781 0.987562060 0.847643196 0.847643196 0.847643196
v -0.16898893 -0.15410133 0.987562060 0.847643196 0.847643196 0.847643196
v -0.08307928 -0.22147365 0.876057624 0.847643196 0.847643196 0.847643196
v -0.06773166 -0.15556784 0.987562060 0.847643196 0.847643196 0.847643196
v -0.20015103 -0.11824259 0.781070709 0.847643196 0.847643196 0.847643196
v -0.19726065 -0.11591877 0.783367514 0.847643196 0.847643196 0.847643196
v -0.20015103 -0.11015604 0.789063215 0.847643196 0.847643196 0.847643196
v -0.19037797 -0.11591877 0.788836717 0.847643196 0.847643196 0.847643196
v -0.19037797 -0.11038514 0.788836717 0.847643196 0.847643196 0.847643196
v -0.19005781 -0.11015604 0.789063215 0.847643196 0.847643196 0.847643196
v -0.15976293 -0.11591877 0.810490489 0.847643196 0.847643196 0.847643196
v -0.20015103 -0.0805703 0.812968850 0.847643196 0.847643196 0.847643196
v -0.15976293 -0.08363753 0.810490489 0.847643196 0.847643196 0.847643196
v -0.12762029 -0.11591877 0.829793691 0.847643196 0.847643196 0.847643196
v -0.1556361 -0.0805703 0.812968850 0.847643196 0.847643196 0.847643196
v -0.20015103 -0.04704646 0.830748677 0.847643196 0.847643196 0.847643196
v -0.20015103 -0.00969367 0.831102132 0.847643196 0.847643196 0.847643196
v -0.12762029 -0.04884676 0.829793691 0.847643196 0.847643196 0.847643196
v -0.12556662 -0.04704646 0.830748558 0.847643196 0.847643196 0.847643196
v -0.12539549 -0.0386398 0.830828070 0.847643196 0.847643196 0.847643196
v -0.12480641 -0.00969367 0.831102013 0.847643196 0.847643196 0.847643196
v -0.12762029 -0.00717915 0.829793691 0.847643196 0.847643196 0.847643196
v -0.09363436 -0.11591877 0.845594883 0.847643196 0.847643196 0.847643196
v -0.05756424 -0.11591877 0.855626583 0.847643196 0.847643196 0.847643196
v -0.0202031 -0.11591877 0.855937838 0.847643196 0.847643196 0.847643196
v -0.09363437 -0.0386398 0.845594883 0.847643196 0.847643196 0.847643196
v -0.05756424 -0.0386398 0.855626583 0.847643196 0.847643196 0.847643196
v -0.0202031 -0.0386398 0.855937838 0.847643196 0.847643196 0.847643196
v -0.83402848 0.005580307 0.024010807 0.847643196 0.847643196 0.847643196
v -0.83384311 0.043649874 0.024321854 0.847643196 0.847643196 0.847643196
v -0.76057309 0.005580307 0.024010807 0.847643196 0.847643196 0.847643196
v -0.76057309 0.043649874 0.024321854 0.847643196 0.847643196 0.847643196
v -0.83314419 0.081703715 0.025494515 0.847643196 0.847643196 0.847643196
v -0.83189631 0.119717784 0.027588307 0.847643196 0.847643196 0.847643196
v -0.76057309 0.081703715 0.025494515 0.847643196 0.847643196 0.847643196
v -0.76057309 0.119717784 0.027588337 0.847643196 0.847643196 0.847643196
v -0.70810771 0.005580307 0.024010807 0.847643196 0.847643196 0.847643196
v -0.70890373 0.038639392 0.001375168 0.847643196 0.847643196 0.847643196
v -0.7024073 0.038639392 -0.01243785 0.847643196 0.847643196 0.847643196
v -0.70809817 0.038639389 0.024280935 0.847643196 0.847643196 0.847643196
v -0.7080968 0.043649874 0.024321854 0.847643196 0.847643196 0.847643196
v -0.7080555 0.081703715 0.025494545 0.847643196 0.847643196 0.847643196
v -0.70890373 0.115918368 0.001375168 0.847643196 0.847643196 0.847643196
v -0.7024073 0.115918368 -0.01243785 0.847643196 0.847643196 0.847643196
v -0.70798922 0.115918360 0.027379065 0.847643196 0.847643196 0.847643196
v -0.70798182 0.119717784 0.027588337 0.847643196 0.847643196 0.847643196
v -0.83786911 0.167414575 -0.01243785 0.847643196 0.847643196 0.847643196
v -0.83831984 0.166482493 0.016810506 0.847643196 0.847643196 0.847643196
v -0.830042 0.157661989 0.030699431 0.847643196 0.847643196 0.847643196
v -0.82891726 0.174358755 0.032586723 0.847643196 0.847643196 0.847643196
v -0.76057309 0.157661989 0.030699431 0.847643196 0.847643196 0.847643196
v -0.82749355 0.195491626 0.034975409 0.847643196 0.847643196 0.847643196
v -0.82411104 0.233136653 0.040650814 0.847643196 0.847643196 0.847643196
v -0.76057309 0.195491626 0.034975409 0.847643196 0.847643196 0.847643196
v -0.76057309 0.233136653 0.040650814 0.847643196 0.847643196 0.847643196
v -0.7024073 0.162977501 -0.01243785 0.847643196 0.847643196 0.847643196
v -0.70787245 0.157661989 0.030699461 0.847643196 0.847643196 0.847643196
v -0.70890373 0.193197339 0.001375198 0.847643196 0.847643196 0.847643196
v -0.7024073 0.193197339 -0.01243785 0.847643196 0.847643196 0.847643196
v -0.70773119 0.193197339 0.034716099 0.847643196 0.847643196 0.847643196
v -0.70772207 0.195491626 0.034975439 0.847643196 0.847643196 0.847643196
v -0.70759028 0.220346763 0.038722604 0.847643196 0.847643196 0.847643196
v -0.70711786 0.233136653 0.040650814 0.847643196 0.847643196 0.847643196
v -0.81967002 0.270468145 0.048102289 0.847643196 0.847643196 0.847643196
v -0.76057309 0.270468145 0.048102289 0.847643196 0.847643196 0.847643196
v -0.81377906 0.307224631 0.057986438 0.847643196 0.847643196 0.847643196
v -0.76057309 0.307224631 0.057986468 0.847643196 0.847643196 0.847643196
v -0.80566251 0.342747867 0.071604937 0.847643196 0.847643196 0.847643196
v -0.80047601 0.356374949 0.080307155 0.847643196 0.847643196 0.847643196
v -0.79774219 0.363557845 0.084894150 0.847643196 0.847643196 0.847643196
v -0.79349554 0.374715477 0.092019349 0.847643196 0.847643196 0.847643196
v -0.76057309 0.342747867 0.071604967 0.847643196 0.847643196 0.847643196
v -0.76057309 0.374715477 0.092019349 0.847643196 0.847643196 0.847643196
v -0.70890373 0.270476311 0.001375198 0.847643196 0.847643196 0.847643196
v -0.70240724 0.270476311 -0.01243785 0.847643196 0.847643196 0.847643196
v -0.70759028 0.270476311 0.038722604 0.847643196 0.847643196 0.847643196
v -0.70529169 0.270476311 0.048104494 0.847643196 0.847643196 0.847643196
v -0.70287055 0.307224631 0.057986468 0.847643196 0.847643196 0.847643196
v -0.70890373 0.347755312 0.001375228 0.847643196 0.847643196 0.847643196
v -0.70240724 0.347755312 -0.01243785 0.847643196 0.847643196 0.847643196
v -0.70759028 0.347755283 0.038722634 0.847643196 0.847643196 0.847643196
v -0.69953394 0.342747867 0.071604967 0.847643196 0.847643196 0.847643196
v -0.6987505 0.347755283 0.074802696 0.847643196 0.847643196 0.847643196
v -0.69867241 0.348254174 0.075121283 0.847643196 0.847643196 0.847643196
v -0.69253951 0.374715477 0.092019379 0.847643196 0.847643196 0.847643196
v -0.7870543 0.380712837 0.102826982 0.847643196 0.847643196 0.847643196
v -0.7687844 0.376575708 0.095371633 0.847643196 0.847643196 0.847643196
v -0.76057309 0.376608073 0.095429927 0.847643196 0.847643196 0.847643196
v -0.76057321 0.376624643 0.095459848 0.847643196 0.847643196 0.847643196
v -0.83774453 0.469783514 0.017775654 0.847643196 0.847643196 0.847643196
v -0.83722204 0.499996721 -0.01243785 0.847643196 0.847643196 0.847643196
v -0.83728254 0.499997019 0.018550902 0.847643196 0.847643196 0.847643196
v -0.70890373 0.425034284 0.001375228 0.847643196 0.847643196 0.847643196
v -0.70240724 0.425034284 -0.01243785 0.847643196 0.847643196 0.847643196
v -0.70759028 0.425034284 0.038722634 0.847643196 0.847643196 0.847643196
v -0.69083261 0.377325415 0.096722573 0.847643196 0.847643196 0.847643196
v -0.69067019 0.377573669 0.097170025 0.847643196 0.847643196 0.847643196
v -0.68947238 0.379405200 0.100470513 0.847643196 0.847643196 0.847643196
v -0.68588072 0.384896785 0.110366672 0.847643196 0.847643196 0.847643196
v -0.69867241 0.425034254 0.075121313 0.847643196 0.847643196 0.847643196
v -0.68588066 0.425034254 0.110366702 0.847643196 0.847643196 0.847643196
v -0.70890373 0.499997466 0.001375258 0.847643196 0.847643196 0.847643196
v -0.70240724 0.499997437 -0.01243785 0.847643196 0.847643196 0.847643196
v -0.70759028 0.499997615 0.038722664 0.847643196 0.847643196 0.847643196
v -0.69867241 0.499997824 0.075121313 0.847643196 0.847643196 0.847643196
v -0.68588066 0.499998003 0.110366702 0.847643196 0.847643196 0.847643196
v -0.77402341 0.392845571 0.124690830 0.847643196 0.847643196 0.847643196
v -0.76057309 0.392845571 0.124690830 0.847643196 0.847643196 0.847643196
v -0.76057315 0.393785804 0.147258579 0.847643196 0.847643196 0.847643196
v -0.75733 0.394012510 0.152700066 0.847643196 0.847643196 0.847643196
v -0.73993707 0.394018352 0.152840018 0.847643196 0.847643196 0.847643196
v -0.75297827 0.394316732 0.160001635 0.847643196 0.847643196 0.847643196
v -0.75142175 0.394425541 0.162613332 0.847643196 0.847643196 0.847643196
v -0.68051285 0.391627967 0.122496634 0.847643196 0.847643196 0.847643196
v -0.68051285 0.392845571 0.124690830 0.847643196 0.847643196 0.847643196
v -0.67969036 0.392659336 0.124355197 0.847643196 0.847643196 0.847643196
v -0.67954183 0.392845571 0.124690830 0.847643196 0.847643196 0.847643196
v -0.67787421 0.393002599 0.128459394 0.847643196 0.847643196 0.847643196
v -0.67070585 0.393677473 0.144658088 0.847643196 0.847643196 0.847643196
v -0.68051285 0.394028693 0.153087914 0.847643196 0.847643196 0.847643196
v -0.68051296 0.394021153 0.152907371 0.847643196 0.847643196 0.847643196
v -0.6664412 0.394031047 0.153144776 0.847643196 0.847643196 0.847643196
v -0.68051285 0.394425541 0.162613332 0.847643196 0.847643196 0.847643196
v -0.66168326 0.394425541 0.162613332 0.847643196 0.847643196 0.847643196
v -0.67070585 0.425034254 0.144658088 0.847643196 0.847643196 0.847643196
v -0.72898203 0.388931751 0.200264096 0.847643196 0.847643196 0.847643196
v -0.70695901 0.379797339 0.237215519 0.847643196 0.847643196 0.847643196
v -0.68051291 0.388931751 0.200264036 0.847643196 0.847643196 0.847643196
v -0.6444363 0.389105886 0.199070543 0.847643196 0.847643196 0.847643196
v -0.64386308 0.388931751 0.200264036 0.847643196 0.847643196 0.847643196
v -0.65386647 0.392155766 0.178168892 0.847643196 0.847643196 0.847643196
v -0.65239739 0.391766548 0.180836260 0.847643196 0.847643196 0.847643196
v -0.68051291 0.379797339 0.237215519 0.847643196 0.847643196 0.847643196
v -0.65386647 0.425034254 0.178168892 0.847643196 0.847643196 0.847643196
v -0.65239739 0.425034254 0.180836260 0.847643196 0.847643196 0.847643196
v -0.6444363 0.425034165 0.199070543 0.847643196 0.847643196 0.847643196
v -0.68001336 0.499998092 0.123625457 0.847643196 0.847643196 0.847643196
v -0.67070585 0.499998301 0.144658118 0.847643196 0.847643196 0.847643196
v -0.65386647 0.499998629 0.178168892 0.847643196 0.847643196 0.847643196
v -0.65239739 0.499998658 0.180836260 0.847643196 0.847643196 0.847643196
v -0.6444363 0.499998837 0.199070572 0.847643196 0.847643196 0.847643196
v -0.62819964 0.380869716 0.232877373 0.847643196 0.847643196 0.847643196
v -0.62595326 0.379797339 0.237215459 0.847643196 0.847643196 0.847643196
v -0.62819964 0.425034165 0.232877373 0.847643196 0.847643196 0.847643196
v -0.62819964 0.499999165 0.232877373 0.847643196 0.847643196 0.847643196
v -0.68531728 0.368366271 0.273527443 0.847643196 0.847643196 0.847643196
v -0.68051291 0.365421474 0.281588494 0.847643196 0.847643196 0.847643196
v -0.68051291 0.368366271 0.273527443 0.847643196 0.847643196 0.847643196
v -0.64298356 0.340973198 0.344557464 0.847643196 0.847643196 0.847643196
v -0.6640051 0.355303168 0.309286236 0.847643196 0.847643196 0.847643196
v -0.64886874 0.344985008 0.334682941 0.847643196 0.847643196 0.847643196
v -0.67977893 0.499999642 0.282820045 0.847643196 0.847643196 0.847643196
v -0.61095423 0.370678842 0.266181349 0.847643196 0.847643196 0.847643196
v -0.6069051 0.368366271 0.273527383 0.847643196 0.847643196 0.847643196
v -0.59284985 0.359051197 0.29902637 0.847643196 0.847643196 0.847643196
v -0.60045236 0.364089727 0.285233944 0.847643196 0.847643196 0.847643196
v -0.60045236 0.340973198 0.344557464 0.847643196 0.847643196 0.847643196
v -0.60045236 0.355303168 0.309286236 0.847643196 0.847643196 0.847643196
v -0.58688128 0.355303168 0.309286236 0.847643196 0.847643196 0.847643196
v -0.56598836 0.340973198 0.344557404 0.847643196 0.847643196 0.847643196
v -0.57607353 0.347755163 0.327864587 0.847643196 0.847643196 0.847643196
v -0.57399088 0.346300661 0.331444621 0.847643196 0.847643196 0.847643196
v -0.57399088 0.347755163 0.331444621 0.847643196 0.847643196 0.847643196
v -0.6004523 0.308302730 0.415918976 0.847643196 0.847643196 0.847643196
v -0.601704 0.309354424 0.413818776 0.847643196 0.847643196 0.847643196
v -0.6004523 0.309354424 0.413818776 0.847643196 0.847643196 0.847643196
v -0.58141488 0.292307406 0.447861075 0.847643196 0.847643196 0.847643196
v -0.58796036 0.297806948 0.436878681 0.847643196 0.847643196 0.847643196
v -0.56766641 0.280127078 0.470929026 0.847643196 0.847643196 0.847643196
v -0.56134945 0.274530559 0.481528163 0.847643196 0.847643196 0.847643196
v -0.62222248 0.325609028 0.379391670 0.847643196 0.847643196 0.847643196
v -0.60045236 0.325609028 0.379391670 0.847643196 0.847643196 0.847643196
v -0.55445337 0.332636654 0.363458395 0.847643196 0.847643196 0.847643196
v -0.54429561 0.325609028 0.379391670 0.847643196 0.847643196 0.847643196
v -0.53429198 0.318200379 0.395083069 0.847643196 0.847643196 0.847643196
v -0.55445337 0.347755163 0.363458395 0.847643196 0.847643196 0.847643196
v -0.53429198 0.347755163 0.395083069 0.847643196 0.847643196 0.847643196
v -0.52039212 0.308253794 0.416016638 0.847643196 0.847643196 0.847643196
v -0.52185154 0.309354424 0.413818746 0.847643196 0.847643196 0.847643196
v -0.52039206 0.274530559 0.481528133 0.847643196 0.847643196 0.847643196
v -0.47480491 0.274530559 0.481528103 0.847643196 0.847643196 0.847643196
v -0.52039212 0.292307406 0.447861045 0.847643196 0.847643196 0.847643196
v -0.49868333 0.292307406 0.447861045 0.847643196 0.847643196 0.847643196
v -0.51354587 0.303090632 0.426327318 0.847643196 0.847643196 0.847643196
v -0.49224165 0.287379384 0.457194089 0.847643196 0.847643196 0.847643196
v -0.51354587 0.347755134 0.426327318 0.847643196 0.847643196 0.847643196
v -0.49224165 0.347755134 0.457194089 0.847643196 0.847643196 0.847643196
v -0.61095434 0.425034135 0.266181379 0.847643196 0.847643196 0.847643196
v -0.59284985 0.425034135 0.29902637 0.847643196 0.847643196 0.847643196
v -0.57399088 0.425034135 0.331444621 0.847643196 0.847643196 0.847643196
v -0.61095434 0.499999493 0.266181379 0.847643196 0.847643196 0.847643196
v -0.60178298 0.499999672 0.282820016 0.847643196 0.847643196 0.847643196
v -0.59284985 0.489916503 0.299026399 0.847643196 0.847643196 0.847643196
v -0.57399088 0.469746708 0.331444680 0.847643196 0.847643196 0.847643196
v -0.55445337 0.425034135 0.363458395 0.847643196 0.847643196 0.847643196
v -0.52495384 0.421402663 0.409146547 0.847643196 0.847643196 0.847643196
v -0.53429198 0.425034135 0.395083069 0.847643196 0.847643196 0.847643196
v -0.52882946 0.425034135 0.403309792 0.847643196 0.847643196 0.847643196
v -0.53429198 0.430152595 0.395083069 0.847643196 0.847643196 0.847643196
v -0.55445337 0.449828565 0.363458395 0.847643196 0.847643196 0.847643196
v -0.49224165 0.391508698 0.457194119 0.847643196 0.847643196 0.847643196
v -0.51354587 0.410713225 0.426327318 0.847643196 0.847643196 0.847643196
v -0.52189481 0.236914977 0.547727465 0.847643196 0.847643196 0.847643196
v -0.52039206 0.236914977 0.547727465 0.847643196 0.847643196 0.847643196
v -0.44033182 0.248543486 0.527740538 0.847643196 0.847643196 0.847643196
v -0.44033182 0.236914977 0.547727406 0.847643196 0.847643196 0.847643196
v -0.42490324 0.236914977 0.547727406 0.847643196 0.847643196 0.847643196
v -0.42510834 0.237063914 0.547471404 0.847643196 0.847643196 0.847643196
v -0.50252271 0.217091158 0.580231249 0.847643196 0.847643196 0.847643196
v -0.48341054 0.196569711 0.612298786 0.847643196 0.847643196 0.847643196
v -0.52039206 0.235377162 0.550248920 0.847643196 0.847643196 0.847643196
v -0.44033182 0.217091158 0.580231249 0.847643196 0.847643196 0.847643196
v -0.44033182 0.196569711 0.612298786 0.847643196 0.847643196 0.847643196
v -0.44609937 0.153236895 0.674901664 0.847643196 0.847643196 0.847643196
v -0.44705442 0.154377013 0.673299253 0.847643196 0.847643196 0.847643196
v -0.44033176 0.153236895 0.674901664 0.847643196 0.847643196 0.847643196
v -0.46458778 0.175308004 0.643880784 0.847643196 0.847643196 0.847643196
v -0.44033182 0.175308004 0.643880784 0.847643196 0.847643196 0.847643196
v -0.42801058 0.130253061 0.705251932 0.847643196 0.847643196 0.847643196
v -0.44033176 0.145908489 0.684578776 0.847643196 0.847643196 0.847643196
v -0.54150772 0.256060838 0.514819800 0.847643196 0.847643196 0.847643196
v -0.5470013 0.361390441 0.505602300 0.847643196 0.847643196 0.847643196
v -0.52039206 0.256060838 0.514819800 0.847643196 0.847643196 0.847643196
v -0.45021793 0.256060838 0.514819800 0.847643196 0.847643196 0.847643196
v -0.44801879 0.254339963 0.517777621 0.847643196 0.847643196 0.847643196
v -0.47039649 0.271117419 0.487680256 0.847643196 0.847643196 0.847643196
v -0.46953711 0.270476162 0.488836139 0.847643196 0.847643196 0.847643196
v -0.44801879 0.270476162 0.517777621 0.847643196 0.847643196 0.847643196
v -0.42510834 0.270476162 0.547471404 0.847643196 0.847643196 0.847643196
v -0.42510834 0.335340559 0.547471404 0.847643196 0.847643196 0.847643196
v -0.47039649 0.347755134 0.487680256 0.847643196 0.847643196 0.847643196
v -0.44801879 0.347755134 0.517777621 0.847643196 0.847643196 0.847643196
v -0.44853452 0.354246795 0.517084002 0.847643196 0.847643196 0.847643196
v -0.44801879 0.353815227 0.517777621 0.847643196 0.847643196 0.847643196
v -0.47039649 0.372541010 0.487680256 0.847643196 0.847643196 0.847643196
v -0.44050363 0.347755134 0.527517855 0.847643196 0.847643196 0.847643196
v -0.50961149 0.322358399 0.568337202 0.847643196 0.847643196 0.847643196
v -0.47896162 0.290362387 0.619763433 0.847643196 0.847643196 0.847643196
v -0.4104282 0.106190033 0.734752774 0.847643196 0.847643196 0.847643196
v -0.36027148 0.106190033 0.734752774 0.847643196 0.847643196 0.847643196
v -0.2802113 0.106190033 0.734752774 0.847643196 0.847643196 0.847643196
v -0.27542704 0.122075684 0.715277314 0.847643196 0.847643196 0.847643196
v -0.26735827 0.115918174 0.722826242 0.847643196 0.847643196 0.847643196
v -0.25461054 0.106190033 0.734752774 0.847643196 0.847643196 0.847643196
v -0.39875019 0.217091158 0.580231249 0.847643196 0.847643196 0.847643196
v -0.37765247 0.200884491 0.605556309 0.847643196 0.847643196 0.847643196
v -0.37179974 0.196569711 0.612298727 0.847643196 0.847643196 0.847643196
v -0.40165806 0.219219982 0.576740741 0.847643196 0.847643196 0.847643196
v -0.36027154 0.153236895 0.674901604 0.847643196 0.847643196 0.847643196
v -0.31525925 0.153236895 0.674901604 0.847643196 0.847643196 0.847643196
v -0.34826824 0.178480088 0.639168977 0.847643196 0.847643196 0.847643196
v -0.35306719 0.182041436 0.633878946 0.847643196 0.847643196 0.847643196
v -0.36027154 0.175308004 0.643880724 0.847643196 0.847643196 0.847643196
v -0.34399393 0.175308004 0.643880724 0.847643196 0.847643196 0.847643196
v -0.32786822 0.162660554 0.661656677 0.847643196 0.847643196 0.847643196
v -0.36027148 0.130253061 0.705251932 0.847643196 0.847643196 0.847643196
v -0.36745119 0.193197161 0.617308318 0.847643196 0.847643196 0.847643196
v -0.36027157 0.187628895 0.625579357 0.847643196 0.847643196 0.847643196
v -0.35306719 0.193197161 0.633878946 0.847643196 0.847643196 0.847643196
v -0.32786822 0.193197161 0.661656677 0.847643196 0.847643196 0.847643196
v -0.30200881 0.142696395 0.688820362 0.847643196 0.847643196 0.847643196
v -0.28549969 0.130253061 0.705251932 0.847643196 0.847643196 0.847643196
v -0.2802113 0.125959694 0.710515499 0.847643196 0.847643196 0.847643196
v -0.30200881 0.193197146 0.688820481 0.847643196 0.847643196 0.847643196
v -0.27542707 0.193197146 0.715277314 0.847643196 0.847643196 0.847643196
v -0.30200881 0.247396960 0.688820481 0.847643196 0.847643196 0.847643196
v -0.27542707 0.230936229 0.715277314 0.847643196 0.847643196 0.847643196
v -0.38269696 0.062305588 0.781282067 0.847643196 0.847643196 0.847643196
v -0.3776257 0.053645260 0.789790868 0.847643196 0.847643196 0.847643196
v -0.36027148 0.053645260 0.789790868 0.847643196 0.847643196 0.847643196
v -0.36027148 0.013742045 0.818908929 0.847643196 0.847643196 0.847643196
v -0.36344022 0.023960862 0.813592314 0.847643196 0.847643196 0.847643196
v -0.36027148 0.023960862 0.813592314 0.847643196 0.847643196 0.847643196
v -0.39352381 0.080795027 0.763116121 0.847643196 0.847643196 0.847643196
v -0.36027148 0.080795027 0.763116121 0.847643196 0.847643196 0.847643196
v -0.28021127 0.053645260 0.789790868 0.847643196 0.847643196 0.847643196
v -0.28021124 0.023960862 0.813592195 0.847643196 0.847643196 0.847643196
v -0.28021127 0.080795027 0.763116121 0.847643196 0.847643196 0.847643196
v -0.22248709 0.080795027 0.763116121 0.847643196 0.847643196 0.847643196
v -0.21973865 0.078362919 0.765505671 0.847643196 0.847643196 0.847643196
v -0.24804057 0.100686565 0.740899562 0.847643196 0.847643196 0.847643196
v -0.24804057 0.115918166 0.740899562 0.847643196 0.847643196 0.847643196
v -0.21973865 0.115918166 0.765505671 0.847643196 0.847643196 0.847643196
v -0.25975466 0.061527855 0.987562060 0.847643196 0.847643196 0.847643196
v -0.3656137 0.172036275 0.809945464 0.847643196 0.847643196 0.847643196
v -0.2480406 0.193197146 0.740899562 0.847643196 0.847643196 0.847643196
v -0.2480406 0.214994743 0.740899562 0.847643196 0.847643196 0.847643196
v -0.21973865 0.193197146 0.765505671 0.847643196 0.847643196 0.847643196
v -0.21973865 0.199685469 0.765505671 0.847643196 0.847643196 0.847643196
v -0.20015103 0.053645260 0.789790868 0.847643196 0.847643196 0.847643196
v -0.19037798 0.054616328 0.788836717 0.847643196 0.847643196 0.847643196
v -0.18902905 0.053645260 0.789790868 0.847643196 0.847643196 0.847643196
v -0.20015103 0.023960862 0.813592195 0.847643196 0.847643196 0.847643196
v -0.15976293 0.027829220 0.810490489 0.847643196 0.847643196 0.847643196
v -0.17201756 0.038639184 0.801822900 0.847643196 0.847643196 0.847643196
v -0.15976293 0.038639184 0.810490489 0.847643196 0.847643196 0.847643196
v -0.15459819 0.023960862 0.813592195 0.847643196 0.847643196 0.847643196
v -0.12762031 0.038639180 0.829793810 0.847643196 0.847643196 0.847643196
v -0.20015103 0.062520623 0.781070709 0.847643196 0.847643196 0.847643196
v -0.19037798 0.115918159 0.788836836 0.847643196 0.847643196 0.847643196
v -0.15976293 0.115918159 0.810490489 0.847643196 0.847643196 0.847643196
v -0.12762031 0.115918159 0.829793810 0.847643196 0.847643196 0.847643196
v -0.09363437 0.038639180 0.845594883 0.847643196 0.847643196 0.847643196
v -0.05756425 0.038639180 0.855626583 0.847643196 0.847643196 0.847643196
v -0.02020311 0.038639184 0.855937838 0.847643196 0.847643196 0.847643196
v -0.09363437 0.115918159 0.845594883 0.847643196 0.847643196 0.847643196
v -0.05756425 0.115918159 0.855626583 0.847643196 0.847643196 0.847643196
v -0.02020311 0.115918159 0.855937838 0.847643196 0.847643196 0.847643196
v -0.16898893 0.061527859 0.987562060 0.847643196 0.847643196 0.847643196
v -0.19206624 0.186004161 0.787495255 0.847643196 0.847643196 0.847643196
v -0.19037798 0.185169473 0.788836836 0.847643196 0.847643196 0.847643196
v -0.15976293 0.171697109 0.810490489 0.847643196 0.847643196 0.847643196
v -0.12762031 0.159687146 0.829793810 0.847643196 0.847643196 0.847643196
v -0.12115966 0.157818272 0.832797527 0.847643196 0.847643196 0.847643196
v -0.20661509 0.193197146 0.775934219 0.847643196 0.847643196 0.847643196
v -0.09363437 0.149856090 0.845594883 0.847643196 0.847643196 0.847643196
v -0.05756425 0.14361462 0.855626583 0.847643196 0.847643196 0.847643196
v -0.02020311 0.143421009 0.855937838 0.847643196 0.847643196 0.847643196
v -0.40165806 0.270476132 0.576740741 0.847643196 0.847643196 0.847643196
v -0.37765247 0.270476132 0.605556309 0.847643196 0.847643196 0.847643196
v -0.37765247 0.299201667 0.605556309 0.847643196 0.847643196 0.847643196
v -0.40165806 0.317129939 0.576740801 0.847643196 0.847643196 0.847643196
v -0.36765304 0.292034536 0.617075800 0.847643196 0.847643196 0.847643196
v -0.35306722 0.270476132 0.633878946 0.847643196 0.847643196 0.847643196
v -0.32786822 0.264297574 0.661656677 0.847643196 0.847643196 0.847643196
v -0.33687696 0.270476132 0.651726067 0.847643196 0.847643196 0.847643196
v -0.35306722 0.281580090 0.633878946 0.847643196 0.847643196 0.847643196
v 0.628200709 -0.49999991 0.232875168 0.847643196 0.847643196 0.847643196
v 0.627842962 -0.42990473 0.233566224 0.847643196 0.847643196 0.847643196
v 0.628200769 -0.43003681 0.232875198 0.847643196 0.847643196 0.847643196
v 0.702407300 -0.49999991 -0.01243779 0.847643196 0.847643196 0.847643196
v 0.708903968 -0.49999991 0.001376211 0.847643196 0.847643196 0.847643196
v 0.707590103 -0.49999991 0.03872329 0.847643196 0.847643196 0.847643196
v 0.698672235 -0.49999991 0.075122058 0.847643196 0.847643196 0.847643196
v 0.685880363 -0.49999991 0.110367149 0.847643196 0.847643196 0.847643196
v 0.702407300 -0.42503446 -0.01243779 0.847643196 0.847643196 0.847643196
v 0.708903968 -0.42503446 0.001376241 0.847643196 0.847643196 0.847643196
v 0.707590103 -0.42503446 0.03872329 0.847643196 0.847643196 0.847643196
v 0.698672235 -0.42503449 0.075122058 0.847643196 0.847643196 0.847643196
v 0.685880363 -0.42503449 0.110367178 0.847643196 0.847643196 0.847643196
v 0.685880363 -0.41858944 0.110367178 0.847643196 0.847643196 0.847643196
v 0.687046527 -0.41532713 0.107154220 0.847643196 0.847643196 0.847643196
v 0.687597394 -0.41378602 0.105636447 0.847643196 0.847643196 0.847643196
v 0.711707592 -0.41357008 0.105423778 0.847643196 0.847643196 0.847643196
v 0.690976798 -0.40433213 0.096325248 0.847643196 0.847643196 0.847643196
v 0.691419661 -0.40309316 0.095105022 0.847643196 0.847643196 0.847643196
v 0.837226450 -0.49999991 -0.01243779 0.847643196 0.847643196 0.847643196
v 0.837286114 -0.49999991 0.018544912 0.847643196 0.847643196 0.847643196
v 0.760571658 -0.41235805 0.104230076 0.847643196 0.847643196 0.847643196
v 0.760571539 -0.41257104 0.104439824 0.847643196 0.847643196 0.847643196
v 0.760571539 -0.40309316 0.095105022 0.847643196 0.847643196 0.847643196
v 0.786266624 -0.4122754 0.104148656 0.847643196 0.847643196 0.847643196
v 0.791656553 -0.40309316 0.095105022 0.847643196 0.847643196 0.847643196
v 0.670705676 -0.49999991 0.144658327 0.847643196 0.847643196 0.847643196
v 0.660774767 -0.49999991 0.164421230 0.847643196 0.847643196 0.847643196
v 0.663890600 -0.4390904 0.158220589 0.847643196 0.847643196 0.847643196
v 0.680511772 -0.4390904 0.158220589 0.847643196 0.847643196 0.847643196
v 0.653866529 -0.49999991 0.178168833 0.847643196 0.847643196 0.847643196
v 0.652396202 -0.49999991 0.180838465 0.847643196 0.847643196 0.847643196
v 0.644437015 -0.49999991 0.199068486 0.847643196 0.847643196 0.847643196
v 0.653866529 -0.43801776 0.178168833 0.847643196 0.847643196 0.847643196
v 0.652396202 -0.4378742 0.180838465 0.847643196 0.847643196 0.847643196
v 0.651667296 -0.43778443 0.182507991 0.847643196 0.847643196 0.847643196
v 0.649900138 -0.43756679 0.186555564 0.847643196 0.847643196 0.847643196
v 0.659994542 -0.43757209 0.186456918 0.847643196 0.847643196 0.847643196
v 0.680511295 -0.43756953 0.186504364 0.847643196 0.847643196 0.847643196
v 0.680511474 -0.43755355 0.186801374 0.847643196 0.847643196 0.847643196
v 0.680914342 -0.429984 0.121589303 0.847643196 0.847643196 0.847643196
v 0.680862009 -0.43001339 0.121707499 0.847643196 0.847643196 0.847643196
v 0.680511415 -0.43021035 0.122499793 0.847643196 0.847643196 0.847643196
v 0.670705676 -0.43571889 0.144658356 0.847643196 0.847643196 0.847643196
v 0.669968009 -0.43608382 0.146126270 0.847643196 0.847643196 0.847643196
v 0.668098032 -0.43700895 0.149847686 0.847643196 0.847643196 0.847643196
v 0.680511415 -0.43674037 0.148767352 0.847643196 0.847643196 0.847643196
v 0.680511295 -0.43700895 0.149847686 0.847643196 0.847643196 0.847643196
v 0.683071494 -0.42503449 0.116714686 0.847643196 0.847643196 0.847643196
v 0.649171114 -0.43747699 0.188225418 0.847643196 0.847643196 0.847643196
v 0.645695626 -0.43704888 0.196185708 0.847643196 0.847643196 0.847643196
v 0.644437015 -0.43649793 0.199068486 0.847643196 0.847643196 0.847643196
v 0.680512428 -0.43704888 0.196185469 0.847643196 0.847643196 0.847643196
v 0.640892922 -0.43508762 0.206447899 0.847643196 0.847643196 0.847643196
v 0.635094106 -0.43277997 0.218522071 0.847643196 0.847643196 0.847643196
v 0.648787140 -0.43273553 0.218754589 0.847643196 0.847643196 0.847643196
v 0.632600128 -0.43178749 0.223714917 0.847643196 0.847643196 0.847643196
v 0.680511474 -0.43328205 0.215894997 0.847643196 0.847643196 0.847643196
v 0.680511295 -0.4331663 0.216500818 0.847643196 0.847643196 0.847643196
v 0.680513024 -0.4299047 0.233566314 0.847643196 0.847643196 0.847643196
v 0.731412649 -0.43704885 0.196185827 0.847643196 0.847643196 0.847643196
v 0.719468891 -0.43321887 0.216225743 0.847643196 0.847643196 0.847643196
v 0.709133923 -0.4299047 0.233566373 0.847643196 0.847643196 0.847643196
v 0.754039824 -0.4390904 0.158220529 0.847643196 0.847643196 0.847643196
v 0.737417519 -0.43759072 0.186110496 0.847643196 0.847643196 0.847643196
v 0.760571658 -0.429984 0.121589243 0.847643196 0.847643196 0.847643196
v 0.775871992 -0.429984 0.121589243 0.847643196 0.847643196 0.847643196
v 0.778269648 -0.42589918 0.117566287 0.847643196 0.847643196 0.847643196
v 0.739152967 -0.4366543 0.148421168 0.847643196 0.847643196 0.847643196
v 0.760571539 -0.43636596 0.147261321 0.847643196 0.847643196 0.847643196
v 0.759916544 -0.43663916 0.148360252 0.847643196 0.847643196 0.847643196
v 0.702407300 -0.34775549 -0.01243779 0.847643196 0.847643196 0.847643196
v 0.708903968 -0.34775549 0.001376241 0.847643196 0.847643196 0.847643196
v 0.707590103 -0.34775549 0.038723319 0.847643196 0.847643196 0.847643196
v 0.697797417 -0.36937556 0.077532202 0.847643196 0.847643196 0.847643196
v 0.698672235 -0.362674 0.075122088 0.847643196 0.847643196 0.847643196
v 0.699986755 -0.34775552 0.069756835 0.847643196 0.847643196 0.847643196
v 0.701237201 -0.33356386 0.064653009 0.847643196 0.847643196 0.847643196
v 0.702407300 -0.30249768 -0.01243779 0.847643196 0.847643196 0.847643196
v 0.702407300 -0.27047652 -0.01243779 0.847643196 0.847643196 0.847643196
v 0.708903968 -0.27047652 0.001376271 0.847643196 0.847643196 0.847643196
v 0.705061912 -0.27047652 0.049042224 0.847643196 0.847643196 0.847643196
v 0.705630898 -0.25960031 0.046719938 0.847643196 0.847643196 0.847643196
v 0.707590103 -0.27047652 0.038723319 0.847643196 0.847643196 0.847643196
v 0.703683316 -0.29683033 0.054669261 0.847643196 0.847643196 0.847643196
v 0.760571658 -0.36937556 0.077532172 0.847643196 0.847643196 0.847643196
v 0.760571658 -0.33356386 0.064652979 0.847643196 0.847643196 0.847643196
v 0.802129983 -0.36937556 0.077532142 0.847643196 0.847643196 0.847643196
v 0.809805929 -0.33356386 0.064652949 0.847643196 0.847643196 0.847643196
v 0.808054387 -0.34173563 0.067591816 0.847643196 0.847643196 0.847643196
v 0.760571658 -0.25960031 0.046719908 0.847643196 0.847643196 0.847643196
v 0.820493936 -0.25960031 0.046719878 0.847643196 0.847643196 0.847643196
v 0.760571658 -0.29683033 0.054669231 0.847643196 0.847643196 0.847643196
v 0.815756201 -0.29683033 0.054669201 0.847643196 0.847643196 0.847643196
v 0.610955417 -0.49999991 0.266179174 0.847643196 0.847643196 0.847643196
v 0.592850804 -0.49999988 0.299024373 0.847643196 0.847643196 0.847643196
v 0.575564384 -0.49999991 0.328739643 0.847643196 0.847643196 0.847643196
v 0.573991954 -0.49999991 0.331442594 0.847643196 0.847643196 0.847643196
v 0.622588157 -0.42711136 0.243714258 0.847643196 0.847643196 0.847643196
v 0.618681371 -0.42503461 0.251258909 0.847643196 0.847643196 0.847643196
v 0.610955417 -0.42503461 0.266179204 0.847643196 0.847643196 0.847643196
v 0.617541909 -0.42442888 0.253459483 0.847643196 0.847643196 0.847643196
v 0.610955417 -0.42092755 0.266179204 0.847643196 0.847643196 0.847643196
v 0.592850804 -0.42503461 0.299024373 0.847643196 0.847643196 0.847643196
v 0.602140188 -0.41581023 0.282171666 0.847643196 0.847643196 0.847643196
v 0.600451231 -0.4147827 0.285235762 0.847643196 0.847643196 0.847643196
v 0.592850804 -0.41015875 0.299024373 0.847643196 0.847643196 0.847643196
v 0.608701825 -0.41980219 0.270267635 0.847643196 0.847643196 0.847643196
v 0.607059598 -0.41880307 0.273246973 0.847643196 0.847643196 0.847643196
v 0.623324930 -0.41634402 0.280579865 0.847643196 0.847643196 0.847643196
v 0.573991954 -0.42503461 0.331442654 0.847643196 0.847643196 0.847643196
v 0.573991954 -0.398114 0.331442654 0.847643196 0.847643196 0.847643196
v 0.567595481 -0.39410883 0.341923713 0.847643196 0.847643196 0.847643196
v 0.588582694 -0.40769836 0.306361198 0.847643196 0.847643196 0.847643196
v 0.591048598 -0.40911987 0.302122294 0.847643196 0.847643196 0.847643196
v 0.600451171 -0.40769836 0.306361258 0.847643196 0.847643196 0.847643196
v 0.583175003 -0.40414616 0.315657019 0.847643196 0.847643196 0.847643196
v 0.600451290 -0.40316865 0.318215131 0.847643196 0.847643196 0.847643196
v 0.600451290 -0.39410883 0.341923713 0.847643196 0.847643196 0.847643196
v 0.513547182 -0.48729262 0.426325082 0.847643196 0.847643196 0.847643196
v 0.492243230 -0.46904856 0.457191765 0.847643196 0.847643196 0.847643196
v 0.481531053 -0.46021247 0.472141295 0.847643196 0.847643196 0.847643196
v 0.513547182 -0.42503461 0.426325082 0.847643196 0.847643196 0.847643196
v 0.492243230 -0.42503464 0.457191765 0.847643196 0.847643196 0.847643196
v 0.554454684 -0.49999988 0.363456070 0.847643196 0.847643196 0.847643196
v 0.553851068 -0.49999988 0.364402830 0.847643196 0.847643196 0.847643196
v 0.534293055 -0.49999991 0.395081043 0.847643196 0.847643196 0.847643196
v 0.527822494 -0.49999991 0.404825925 0.847643196 0.847643196 0.847643196
v 0.607063710 -0.49999988 0.404825925 0.847643196 0.847643196 0.847643196
v 0.554454684 -0.42503461 0.363456070 0.847643196 0.847643196 0.847643196
v 0.534293055 -0.42503461 0.395081073 0.847643196 0.847643196 0.847643196
v 0.545814275 -0.37933099 0.377009213 0.847643196 0.847643196 0.847643196
v 0.542203307 -0.37675247 0.382673323 0.847643196 0.847643196 0.847643196
v 0.554454684 -0.38503951 0.363456070 0.847643196 0.847643196 0.847643196
v 0.600451290 -0.37933099 0.377009153 0.847643196 0.847643196 0.847643196
v 0.623642504 -0.37933099 0.377009153 0.847643196 0.847643196 0.847643196
v 0.621033728 -0.37733838 0.381386280 0.847643196 0.847643196 0.847643196
v 0.523285567 -0.36355728 0.411658734 0.847643196 0.847643196 0.847643196
v 0.520390927 -0.36143744 0.416018247 0.847643196 0.847643196 0.847643196
v 0.514525055 -0.35714176 0.424852430 0.847643196 0.847643196 0.847643196
v 0.504676938 -0.35017645 0.439176917 0.847643196 0.847643196 0.847643196
v 0.513547182 -0.35642567 0.426325112 0.847643196 0.847643196 0.847643196
v 0.520391106 -0.3568978 0.425354152 0.847643196 0.847643196 0.847643196
v 0.501240849 -0.34775564 0.444155395 0.847643196 0.847643196 0.847643196
v 0.500038623 -0.34690866 0.445897251 0.847643196 0.847643196 0.847643196
v 0.520391106 -0.34690866 0.445897221 0.847643196 0.847643196 0.847643196
v 0.492243230 -0.34775564 0.457191795 0.847643196 0.847643196 0.847643196
v 0.492243230 -0.34108779 0.457191795 0.847643196 0.847643196 0.847643196
v 0.476086735 -0.32946745 0.479739248 0.847643196 0.847643196 0.847643196
v 0.479016125 -0.33157438 0.475651085 0.847643196 0.847643196 0.847643196
v 0.520390808 -0.33382776 0.471278697 0.847643196 0.847643196 0.847643196
v 0.520390808 -0.32946748 0.479739219 0.847643196 0.847643196 0.847643196
v 0.534293115 -0.371104 0.395081073 0.847643196 0.847643196 0.847643196
v 0.529731333 -0.36797643 0.401951283 0.847643196 0.847643196 0.847643196
v 0.580436050 -0.36750072 0.402996242 0.847643196 0.847643196 0.847643196
v 0.600451290 -0.37031743 0.396808862 0.847643196 0.847643196 0.847643196
v 0.600451052 -0.36986679 0.397798836 0.847643196 0.847643196 0.847643196
v 0.600451052 -0.36355728 0.411658734 0.847643196 0.847643196 0.847643196
v 0.600451111 -0.36148474 0.415921002 0.847643196 0.847643196 0.847643196
v 0.611703693 -0.37021187 0.397040754 0.847643196 0.847643196 0.847643196
v 0.602991402 -0.36355728 0.411658734 0.847643196 0.847643196 0.847643196
v 0.573764324 -0.35245824 0.434484303 0.847643196 0.847643196 0.847643196
v 0.574241399 -0.33969343 0.459897279 0.847643196 0.847643196 0.847643196
v 0.562415659 -0.32946748 0.479739248 0.847643196 0.847643196 0.847643196
v 0.588451564 -0.35169467 0.436054557 0.847643196 0.847643196 0.847643196
v 0.582585394 -0.34690866 0.445897191 0.847643196 0.847643196 0.847643196
v 0.653940916 -0.49999988 0.326172471 0.847643196 0.847643196 0.847643196
v 0.639336168 -0.42499787 0.251392394 0.847643196 0.847643196 0.847643196
v 0.680511295 -0.42566824 0.248957023 0.847643196 0.847643196 0.847643196
v 0.680511474 -0.42548493 0.249622941 0.847643196 0.847643196 0.847643196
v 0.680511295 -0.41980252 0.270266562 0.847643196 0.847643196 0.847643196
v 0.680511295 -0.41600487 0.281591177 0.847643196 0.847643196 0.847643196
v 0.700237989 -0.42579606 0.248492613 0.847643196 0.847643196 0.847643196
v 0.687260747 -0.41980252 0.270266562 0.847643196 0.847643196 0.847643196
v 0.665748417 -0.40769836 0.306361258 0.847643196 0.847643196 0.847643196
v 0.646494150 -0.39535326 0.338667154 0.847643196 0.847643196 0.847643196
v 0.646460592 -0.39533174 0.338723480 0.847643196 0.847643196 0.847643196
v 0.644553721 -0.39410913 0.341922938 0.847643196 0.847643196 0.847643196
v 0.707198023 -0.22207114 0.040323674 0.847643196 0.847643196 0.847643196
v 0.702407240 -0.19319753 -0.01243779 0.847643196 0.847643196 0.847643196
v 0.708903968 -0.19319753 0.001376271 0.847643196 0.847643196 0.847643196
v 0.707590103 -0.21029851 0.038723349 0.847643196 0.847643196 0.847643196
v 0.707671880 -0.19319755 0.036398708 0.847643196 0.847643196 0.847643196
v 0.702407240 -0.16297707 -0.01243779 0.847643196 0.847643196 0.847643196
v 0.7077142 -0.18434688 0.035195589 0.847643196 0.847643196 0.847643196
v 0.707856535 -0.14649093 0.031150311 0.847643196 0.847643196 0.847643196
v 0.760571658 -0.22207114 0.040323644 0.847643196 0.847643196 0.847643196
v 0.824306130 -0.22207114 0.040323615 0.847643196 0.847643196 0.847643196
v 0.760571658 -0.18434688 0.035195559 0.847643196 0.847643196 0.847643196
v 0.760571658 -0.14649093 0.031150281 0.847643196 0.847643196 0.847643196
v 0.837867498 -0.16741392 -0.01243779 0.847643196 0.847643196 0.847643196
v 0.838318347 -0.16648181 0.016812980 0.847643196 0.847643196 0.847643196
v 0.827362418 -0.18434688 0.035195499 0.847643196 0.847643196 0.847643196
v 0.828975141 -0.15902467 0.032489597 0.847643196 0.847643196 0.847643196
v 0.829773366 -0.14649093 0.031150251 0.847643196 0.847643196 0.847643196
v 0.702407240 -0.11591856 -0.01243779 0.847643196 0.847643196 0.847643196
v 0.708903968 -0.11591856 0.001376301 0.847643196 0.847643196 0.847643196
v 0.707943797 -0.11591857 0.028669148 0.847643196 0.847643196 0.847643196
v 0.707964837 -0.10854401 0.028070628 0.847643196 0.847643196 0.847643196
v 0.708041966 -0.07053532 0.025878965 0.847643196 0.847643196 0.847643196
v 0.702407240 -0.03863958 -0.01243779 0.847643196 0.847643196 0.847643196
v 0.708903968 -0.03863959 0.001376301 0.847643196 0.847643196 0.847643196
v 0.708081722 -0.03863959 0.024749457 0.847643196 0.847643196 0.847643196
v 0.708089351 -0.03248724 0.024531602 0.847643196 0.847643196 0.847643196
v 0.760571658 -0.10854401 0.028070598 0.847643196 0.847643196 0.847643196
v 0.760571658 -0.07053532 0.025878936 0.847643196 0.847643196 0.847643196
v 0.831608831 -0.10854401 0.028070569 0.847643196 0.847643196 0.847643196
v 0.832915067 -0.07053532 0.025878906 0.847643196 0.847643196 0.847643196
v 0.760571658 -0.03248724 0.024531573 0.847643196 0.847643196 0.847643196
v 0.833718061 -0.03248724 0.024531543 0.847643196 0.847643196 0.847643196
v 0.401660054 -0.39838952 0.576737999 0.847643196 0.847643196 0.847643196
v 0.377654343 -0.38135767 0.605553746 0.847643196 0.847643196 0.847643196
v 0.401660054 -0.34775567 0.576737999 0.847643196 0.847643196 0.847643196
v 0.377654343 -0.34775567 0.605553746 0.847643196 0.847643196 0.847643196
v 0.401660054 -0.27404603 0.576738059 0.847643196 0.847643196 0.847643196
v 0.403062433 -0.27509823 0.574987649 0.847643196 0.847643196 0.847643196
v 0.399887055 -0.27276674 0.578866303 0.847643196 0.847643196 0.847643196
v 0.377654343 -0.2704767 0.605553805 0.847643196 0.847643196 0.847643196
v 0.372885018 -0.25242487 0.611048221 0.847643196 0.847643196 0.847643196
v 0.377654343 -0.25589782 0.605553805 0.847643196 0.847643196 0.847643196
v 0.396868884 -0.2704767 0.582489252 0.847643196 0.847643196 0.847643196
v 0.302011042 -0.33214349 0.688817977 0.847643196 0.847643196 0.847643196
v 0.275429189 -0.31650576 0.715275049 0.847643196 0.847643196 0.847643196
v 0.302011042 -0.2704767 0.688818097 0.847643196 0.847643196 0.847643196
v 0.275429189 -0.27047673 0.715275168 0.847643196 0.847643196 0.847643196
v 0.353069305 -0.36461726 0.633876442 0.847643196 0.847643196 0.847643196
v 0.353069305 -0.34775567 0.633876442 0.847643196 0.847643196 0.847643196
v 0.327156424 -0.34775567 0.66240412 0.847643196 0.847643196 0.847643196
v 0.327870339 -0.34775567 0.661654174 0.847643196 0.847643196 0.847643196
v 0.327870339 -0.34819892 0.661654174 0.847643196 0.847643196 0.847643196
v 0.353069335 -0.2704767 0.633876442 0.847643196 0.847643196 0.847643196
v 0.327870339 -0.2704767 0.661654174 0.847643196 0.847643196 0.847643196
v 0.190380558 -0.27302766 0.788834691 0.847643196 0.847643196 0.847643196
v 0.190380558 -0.27047673 0.788834691 0.847643196 0.847643196 0.847643196
v 0.184278652 -0.27047673 0.793150544 0.847643196 0.847643196 0.847643196
v 0.154764428 -0.25845367 0.813492059 0.847643196 0.847643196 0.847643196
v 0.159765183 -0.26022878 0.810488820 0.847643196 0.847643196 0.847643196
v 0.219740882 -0.28681773 0.765503644 0.847643196 0.847643196 0.847643196
v 0.224908530 -0.28947324 0.761010766 0.847643196 0.847643196 0.847643196
v 0.248042836 -0.3013615 0.740897297 0.847643196 0.847643196 0.847643196
v 0.219740882 -0.27047673 0.765503644 0.847643196 0.847643196 0.847643196
v 0.248042836 -0.27047673 0.740897297 0.847643196 0.847643196 0.847643196
v 0.402912169 -0.29753947 0.747363567 0.847643196 0.847643196 0.847643196
v 0.302011042 -0.19812967 0.688818097 0.847643196 0.847643196 0.847643196
v 0.295416832 -0.19319773 0.695381283 0.847643196 0.847643196 0.847643196
v 0.275429189 -0.19319774 0.715275168 0.847643196 0.847643196 0.847643196
v 0.255560636 -0.16254322 0.733863711 0.847643196 0.847643196 0.847643196
v 0.28647241 -0.18650801 0.704283714 0.847643196 0.847643196 0.847643196
v 0.272826939 -0.17563066 0.717709779 0.847643196 0.847643196 0.847643196
v 0.270400583 -0.17379156 0.719979763 0.847643196 0.847643196 0.847643196
v 0.280210405 -0.18145856 0.710516333 0.847643196 0.847643196 0.847643196
v 0.275429189 -0.17760314 0.715275168 0.847643196 0.847643196 0.847643196
v 0.280210405 -0.17851976 0.714143753 0.847643196 0.847643196 0.847643196
v 0.280210107 -0.17452563 0.719073653 0.847643196 0.847643196 0.847643196
v 0.280210107 -0.16254322 0.733863711 0.847643196 0.847643196 0.847643196
v 0.360270470 -0.24274406 0.625580549 0.847643196 0.847643196 0.847643196
v 0.353069335 -0.23721766 0.633876442 0.847643196 0.847643196 0.847643196
v 0.345034867 -0.23131771 0.642733097 0.847643196 0.847643196 0.847643196
v 0.360270619 -0.2313177 0.642733156 0.847643196 0.847643196 0.847643196
v 0.316262215 -0.20937897 0.673847913 0.847643196 0.847643196 0.847643196
v 0.327870369 -0.21797666 0.661654174 0.847643196 0.847643196 0.847643196
v 0.360270619 -0.20937897 0.673847913 0.847643196 0.847643196 0.847643196
v 0.400300771 -0.20937897 0.673847913 0.847643196 0.847643196 0.847643196
v 0.400300443 -0.19794358 0.689065575 0.847643196 0.847643196 0.847643196
v 0.360270947 -0.18650801 0.704283714 0.847643196 0.847643196 0.847643196
v 0.360270321 -0.16254322 0.733863830 0.847643196 0.847643196 0.847643196
v 0.410958021 -0.16254322 0.733863830 0.847643196 0.847643196 0.847643196
v 0.000000105 -0.23627557 0.851014733 0.847643196 0.847643196 0.847643196
v 0.020204786 -0.23336557 0.855938077 0.847643196 0.847643196 0.847643196
v 0.031122813 -0.2334194 0.855846881 0.847643196 0.847643196 0.847643196
v 0.000000106 -0.19319774 0.851014733 0.847643196 0.847643196 0.847643196
v 0.020204789 -0.19319774 0.855938077 0.847643196 0.847643196 0.847643196
v 0.05756649 -0.23354986 0.855626225 0.847643196 0.847643196 0.847643196
v 0.093636840 -0.23947957 0.845593929 0.847643196 0.847643196 0.847643196
v 0.057566497 -0.19319776 0.855626225 0.847643196 0.847643196 0.847643196
v 0.093636848 -0.19319776 0.845593929 0.847643196 0.847643196 0.847643196
v 0.190380558 -0.19319774 0.788834691 0.847643196 0.847643196 0.847643196
v 0.127622544 -0.24881917 0.829792380 0.847643196 0.847643196 0.847643196
v 0.116697274 -0.24581683 0.834872007 0.847643196 0.847643196 0.847643196
v 0.127622559 -0.19319776 0.829792499 0.847643196 0.847643196 0.847643196
v 0.159765198 -0.19319774 0.810488820 0.847643196 0.847643196 0.847643196
v 0.168999925 -0.15556778 0.987562060 0.847643196 0.847643196 0.847643196
v 0.168988943 -0.15410133 0.987562060 0.847643196 0.847643196 0.847643196
v 0.000000044 -0.11591877 0.851014733 0.847643196 0.847643196 0.847643196
v 0.020204793 -0.11591877 0.855938077 0.847643196 0.847643196 0.847643196
v 0.057566501 -0.11591877 0.855626225 0.847643196 0.847643196 0.847643196
v 0.093636848 -0.11591877 0.845593929 0.847643196 0.847643196 0.847643196
v 0.000000106 -0.03863979 0.851014733 0.847643196 0.847643196 0.847643196
v 0.020204799 -0.0386398 0.855938077 0.847643196 0.847643196 0.847643196
v 0.057566501 -0.0386398 0.855626225 0.847643196 0.847643196 0.847643196
v 0.093636855 -0.0386398 0.845593929 0.847643196 0.847643196 0.847643196
v 0.200150132 -0.11824165 0.781071305 0.847643196 0.847643196 0.847643196
v 0.197260960 -0.11591877 0.783367157 0.847643196 0.847643196 0.847643196
v 0.190380573 -0.11591877 0.788834691 0.847643196 0.847643196 0.847643196
v 0.190380573 -0.11038698 0.788834691 0.847643196 0.847643196 0.847643196
v 0.190057814 -0.11015601 0.789062976 0.847643196 0.847643196 0.847643196
v 0.200150296 -0.11015601 0.789062976 0.847643196 0.847643196 0.847643196
v 0.127622559 -0.11591877 0.829792499 0.847643196 0.847643196 0.847643196
v 0.155635967 -0.0805703 0.812968730 0.847643196 0.847643196 0.847643196
v 0.159765198 -0.11591877 0.810488820 0.847643196 0.847643196 0.847643196
v 0.159765198 -0.08363938 0.810488820 0.847643196 0.847643196 0.847643196
v 0.200150236 -0.0805703 0.812968730 0.847643196 0.847643196 0.847643196
v 0.127622559 -0.04884866 0.829792499 0.847643196 0.847643196 0.847643196
v 0.125566259 -0.04704598 0.830748558 0.847643196 0.847643196 0.847643196
v 0.125514745 -0.04451494 0.830772519 0.847643196 0.847643196 0.847643196
v 0.125395268 -0.0386398 0.830828070 0.847643196 0.847643196 0.847643196
v 0.125363826 -0.03709267 0.830842614 0.847643196 0.847643196 0.847643196
v 0.146777272 -0.03459529 0.830866336 0.847643196 0.847643196 0.847643196
v 0.124806560 -0.00969321 0.831101775 0.847643196 0.847643196 0.847643196
v 0.127622559 -0.00717678 0.829792499 0.847643196 0.847643196 0.847643196
v 0.128508210 -0.00615449 0.829260587 0.847643196 0.847643196 0.847643196
v 0.200149744 -0.04704598 0.830748558 0.847643196 0.847643196 0.847643196
v 0.200150236 -0.03459506 0.830866336 0.847643196 0.847643196 0.847643196
v 0.200149744 -0.00969321 0.831101775 0.847643196 0.847643196 0.847643196
v 0.219740882 -0.19319774 0.765503644 0.847643196 0.847643196 0.847643196
v 0.248042836 -0.19319774 0.740897297 0.847643196 0.847643196 0.847643196
v 0.248042836 -0.15628311 0.740897297 0.847643196 0.847643196 0.847643196
v 0.229177027 -0.14168434 0.757299661 0.847643196 0.847643196 0.847643196
v 0.219740882 -0.13399248 0.765503644 0.847643196 0.847643196 0.847643196
v 0.223425805 -0.13723393 0.762299895 0.847643196 0.847643196 0.847643196
v 0.280210107 -0.13723381 0.762300133 0.847643196 0.847643196 0.847643196
v 0.360270321 -0.13723381 0.762300133 0.847643196 0.847643196 0.847643196
v 0.394010186 -0.13723381 0.762300133 0.847643196 0.847643196 0.847643196
v 0.259754657 -0.15556778 0.987562060 0.847643196 0.847643196 0.847643196
v 0.259754657 -0.15467501 0.987562000 0.847643196 0.847643196 0.847643196
v 0.280210107 -0.11015601 0.789062976 0.847643196 0.847643196 0.847643196
v 0.280210435 -0.0953631 0.801015853 0.847643196 0.847643196 0.847643196
v 0.280210465 -0.0805703 0.812968611 0.847643196 0.847643196 0.847643196
v 0.280210107 -0.04704598 0.830748558 0.847643196 0.847643196 0.847643196
v 0.280210465 -0.02214439 0.830983996 0.847643196 0.847643196 0.847643196
v 0.280210107 -0.00969321 0.831101775 0.847643196 0.847643196 0.847643196
v 0.360270321 -0.11015601 0.789062976 0.847643196 0.847643196 0.847643196
v 0.378059566 -0.11015601 0.789062976 0.847643196 0.847643196 0.847643196
v 0.360270679 -0.09536309 0.801015853 0.847643196 0.847643196 0.847643196
v 0.360270679 -0.0805703 0.812968611 0.847643196 0.847643196 0.847643196
v 0.363397926 -0.0792608 0.813663125 0.847643196 0.847643196 0.847643196
v 0.363811850 -0.0805703 0.812968611 0.847643196 0.847643196 0.847643196
v 0.36027053 -0.06936702 0.818910360 0.847643196 0.847643196 0.847643196
v 0.370064199 -0.0935535 0.802477955 0.847643196 0.847643196 0.847643196
v 0.353215038 -0.04704598 0.830748558 0.847643196 0.847643196 0.847643196
v 0.333584040 -0.02214456 0.830983996 0.847643196 0.847643196 0.847643196
v 0.353061884 -0.01987257 0.831005573 0.847643196 0.847643196 0.847643196
v 0.353004515 -0.00969321 0.831101775 0.847643196 0.847643196 0.847643196
v 0.354006141 -0.00646294 0.829421162 0.847643196 0.847643196 0.847643196
v 0.259754687 -0.09391503 0.987562060 0.847643196 0.847643196 0.847643196
v 0.309589564 -0.01122158 0.903945922 0.847643196 0.847643196 0.847643196
v 0.470398396 -0.45102954 0.487677693 0.847643196 0.847643196 0.847643196
v 0.470398396 -0.42503464 0.487677693 0.847643196 0.847643196 0.847643196
v 0.44802019 -0.43323994 0.517775416 0.847643196 0.847643196 0.847643196
v 0.44802019 -0.42503464 0.517775416 0.847643196 0.847643196 0.847643196
v 0.437309235 -0.42503464 0.531657755 0.847643196 0.847643196 0.847643196
v 0.425109982 -0.4156892 0.547469079 0.847643196 0.847643196 0.847643196
v 0.470398396 -0.34775567 0.487677723 0.847643196 0.847643196 0.847643196
v 0.448020219 -0.34775567 0.517775416 0.847643196 0.847643196 0.847643196
v 0.425109982 -0.34775567 0.547469079 0.847643196 0.847643196 0.847643196
v 0.470398396 -0.32515165 0.487677723 0.847643196 0.847643196 0.847643196
v 0.467775523 -0.32323381 0.491205394 0.847643196 0.847643196 0.847643196
v 0.451431334 -0.31128296 0.513187646 0.847643196 0.847643196 0.847643196
v 0.448020219 -0.30865899 0.517775416 0.847643196 0.847643196 0.847643196
v 0.448824435 -0.30927762 0.516693830 0.847643196 0.847643196 0.847643196
v 0.440330863 -0.30295894 0.527741551 0.847643196 0.847643196 0.847643196
v 0.429508239 -0.29493624 0.541768610 0.847643196 0.847643196 0.847643196
v 0.425109982 -0.29163989 0.547469139 0.847643196 0.847643196 0.847643196
v 0.426061242 -0.29238102 0.546236217 0.847643196 0.847643196 0.847643196
v 0.440331190 -0.29238102 0.546236217 0.847643196 0.847643196 0.847643196
v 0.467017501 -0.30498233 0.524203777 0.847643196 0.847643196 0.847643196
v 0.520391166 -0.31128296 0.513187646 0.847643196 0.847643196 0.847643196
v 0.520390808 -0.29238117 0.546235978 0.847643196 0.847643196 0.847643196
v 0.522783756 -0.29238117 0.546235978 0.847643196 0.847643196 0.847643196
v 0.440330535 -0.27276674 0.578866303 0.847643196 0.847643196 0.847643196
v 0.440330535 -0.25242487 0.611048221 0.847643196 0.847643196 0.847643196
v 0.520390808 -0.28996769 0.550251007 0.847643196 0.847643196 0.847643196
v 0.503336191 -0.27276674 0.578866303 0.847643196 0.847643196 0.847643196
v 0.484155803 -0.25242487 0.611048221 0.847643196 0.847643196 0.847643196
v 0.542480409 -0.31128296 0.513187646 0.847643196 0.847643196 0.847643196
v 0.527667224 -0.29706755 0.538042187 0.847643196 0.847643196 0.847643196
v 0.442224800 -0.33652645 0.681402444 0.847643196 0.847643196 0.847643196
v 0.440330535 -0.23131777 0.642733097 0.847643196 0.847643196 0.847643196
v 0.465271711 -0.23131777 0.642733097 0.847643196 0.847643196 0.847643196
v 0.440330535 -0.20937915 0.673847675 0.847643196 0.847643196 0.847643196
v 0.452431291 -0.21612698 0.664277553 0.847643196 0.847643196 0.847643196
v 0.446727484 -0.20937915 0.673847675 0.847643196 0.847643196 0.847643196
v 0.440330535 -0.20131373 0.684580802 0.847643196 0.847643196 0.847643196
v 0.428587794 -0.18650816 0.704283595 0.847643196 0.847643196 0.847643196
v 0.428067594 -0.18580106 0.705156326 0.847643196 0.847643196 0.847643196
v 0.708107709 0.005581089 0.024010658 0.847643196 0.847643196 0.847643196
v 0.702407240 0.038639392 -0.01243779 0.847643196 0.847643196 0.847643196
v 0.708903968 0.038639392 0.001376330 0.847643196 0.847643196 0.847643196
v 0.708098173 0.038639389 0.024280637 0.847643196 0.847643196 0.847643196
v 0.708096742 0.043651681 0.024321585 0.847643196 0.847643196 0.847643196
v 0.708055496 0.081705525 0.025494486 0.847643196 0.847643196 0.847643196
v 0.702407240 0.115918368 -0.01243779 0.847643196 0.847643196 0.847643196
v 0.708903968 0.115918368 0.001376330 0.847643196 0.847643196 0.847643196
v 0.707989215 0.115918360 0.027379006 0.847643196 0.847643196 0.847643196
v 0.707981824 0.119719602 0.027588397 0.847643196 0.847643196 0.847643196
v 0.760571658 0.005581089 0.024010628 0.847643196 0.847643196 0.847643196
v 0.760571658 0.043651681 0.024321556 0.847643196 0.847643196 0.847643196
v 0.834028542 0.005581089 0.024010598 0.847643196 0.847643196 0.847643196
v 0.833843290 0.043651681 0.024321526 0.847643196 0.847643196 0.847643196
v 0.760571658 0.081705525 0.025494456 0.847643196 0.847643196 0.847643196
v 0.760571658 0.119719602 0.027588367 0.847643196 0.847643196 0.847643196
v 0.833144247 0.081705525 0.025494426 0.847643196 0.847643196 0.847643196
v 0.831896245 0.119719602 0.027588337 0.847643196 0.847643196 0.847643196
v 0.702407181 0.162977561 -0.01243779 0.847643196 0.847643196 0.847643196
v 0.707872390 0.157663583 0.030699521 0.847643196 0.847643196 0.847643196
v 0.702407240 0.193197339 -0.01243779 0.847643196 0.847643196 0.847643196
v 0.708903968 0.193197339 0.001376360 0.847643196 0.847643196 0.847643196
v 0.707731068 0.193197339 0.034716069 0.847643196 0.847643196 0.847643196
v 0.707721948 0.195493459 0.034975618 0.847643196 0.847643196 0.847643196
v 0.707117855 0.233138039 0.040650904 0.847643196 0.847643196 0.847643196
v 0.707590103 0.220352992 0.038723439 0.847643196 0.847643196 0.847643196
v 0.760571658 0.157663583 0.030699491 0.847643196 0.847643196 0.847643196
v 0.830954790 0.138985291 0.02916798 0.847643196 0.847643196 0.847643196
v 0.837867498 0.167414605 -0.01243779 0.847643196 0.847643196 0.847643196
v 0.838318347 0.166482463 0.016812980 0.847643196 0.847643196 0.847643196
v 0.830042004 0.157663583 0.030699461 0.847643196 0.847643196 0.847643196
v 0.760571658 0.195493459 0.034975588 0.847643196 0.847643196 0.847643196
v 0.760571658 0.233138039 0.040650874 0.847643196 0.847643196 0.847643196
v 0.827493548 0.195493459 0.034975558 0.847643196 0.847643196 0.847643196
v 0.824111044 0.233138039 0.040650844 0.847643196 0.847643196 0.847643196
v 0.628200769 0.380870133 0.232875347 0.847643196 0.847643196 0.847643196
v 0.625953793 0.379797458 0.237214744 0.847643196 0.847643196 0.847643196
v 0.628200769 0.425034165 0.232875347 0.847643196 0.847643196 0.847643196
v 0.628200769 0.499999165 0.232875376 0.847643196 0.847643196 0.847643196
v 0.702407181 0.270476311 -0.01243779 0.847643196 0.847643196 0.847643196
v 0.708903968 0.270476311 0.001376360 0.847643196 0.847643196 0.847643196
v 0.705292105 0.270469665 0.048102617 0.847643196 0.847643196 0.847643196
v 0.707590103 0.270476311 0.038723439 0.847643196 0.847643196 0.847643196
v 0.702870488 0.30722633 0.057986766 0.847643196 0.847643196 0.847643196
v 0.702407181 0.347755312 -0.01243779 0.847643196 0.847643196 0.847643196
v 0.708903968 0.347755312 0.001376390 0.847643196 0.847643196 0.847643196
v 0.707590043 0.347755283 0.038723439 0.847643196 0.847643196 0.847643196
v 0.699533820 0.342748761 0.071605265 0.847643196 0.847643196 0.847643196
v 0.698750495 0.347755283 0.074802488 0.847643196 0.847643196 0.847643196
v 0.698672175 0.348255932 0.075122207 0.847643196 0.847643196 0.847643196
v 0.694176554 0.367652505 0.087509065 0.847643196 0.847643196 0.847643196
v 0.692539453 0.374715596 0.092019647 0.847643196 0.847643196 0.847643196
v 0.760571658 0.270469665 0.048102587 0.847643196 0.847643196 0.847643196
v 0.819669783 0.270469665 0.048102557 0.847643196 0.847643196 0.847643196
v 0.760571658 0.30722633 0.057986736 0.847643196 0.847643196 0.847643196
v 0.813778877 0.30722633 0.057986706 0.847643196 0.847643196 0.847643196
v 0.760571658 0.342748761 0.071605235 0.847643196 0.847643196 0.847643196
v 0.760571658 0.374716311 0.092020094 0.847643196 0.847643196 0.847643196
v 0.805662334 0.342748761 0.071605235 0.847643196 0.847643196 0.847643196
v 0.793495178 0.374716311 0.092020064 0.847643196 0.847643196 0.847643196
v 0.702407181 0.425034284 -0.01243779 0.847643196 0.847643196 0.847643196
v 0.708903968 0.425034284 0.001376390 0.847643196 0.847643196 0.847643196
v 0.707590043 0.425034284 0.038723468 0.847643196 0.847643196 0.847643196
v 0.685880363 0.384897053 0.110367327 0.847643196 0.847643196 0.847643196
v 0.698672175 0.425034254 0.075122237 0.847643196 0.847643196 0.847643196
v 0.685880363 0.425034254 0.110367357 0.847643196 0.847643196 0.847643196
v 0.702407181 0.499997407 -0.01243779 0.847643196 0.847643196 0.847643196
v 0.708903908 0.499997437 0.001376420 0.847643196 0.847643196 0.847643196
v 0.707590043 0.499997586 0.038723468 0.847643196 0.847643196 0.847643196
v 0.698672175 0.499997794 0.075122237 0.847643196 0.847643196 0.847643196
v 0.685880363 0.499998003 0.110367357 0.847643196 0.847643196 0.847643196
v 0.784447312 0.383140325 0.107201069 0.847643196 0.847643196 0.847643196
v 0.837748527 0.469790101 0.017769128 0.847643196 0.847643196 0.847643196
v 0.83722651 0.499996691 -0.01243779 0.847643196 0.847643196 0.847643196
v 0.837286412 0.499996960 0.018544554 0.847643196 0.847643196 0.847643196
v 0.680511415 0.391629666 0.122499823 0.847643196 0.847643196 0.847643196
v 0.679284393 0.392870008 0.125272572 0.847643196 0.847643196 0.847643196
v 0.680511415 0.392845809 0.124691367 0.847643196 0.847643196 0.847643196
v 0.679541587 0.392845809 0.124691367 0.847643196 0.847643196 0.847643196
v 0.664267778 0.394211262 0.157470107 0.847643196 0.847643196 0.847643196
v 0.670705616 0.393677562 0.144658535 0.847643196 0.847643196 0.847643196
v 0.680511415 0.394206613 0.157358586 0.847643196 0.847643196 0.847643196
v 0.680511295 0.394217729 0.157625675 0.847643196 0.847643196 0.847643196
v 0.661683142 0.394425541 0.162613511 0.847643196 0.847643196 0.847643196
v 0.680511295 0.394425541 0.162613511 0.847643196 0.847643196 0.847643196
v 0.670705616 0.425034254 0.144658535 0.847643196 0.847643196 0.847643196
v 0.691526353 0.394208163 0.157395958 0.847643196 0.847643196 0.847643196
v 0.644437074 0.389106094 0.199068665 0.847643196 0.847643196 0.847643196
v 0.643863260 0.388931751 0.200263470 0.847643196 0.847643196 0.847643196
v 0.653866469 0.392155706 0.178169012 0.847643196 0.847643196 0.847643196
v 0.652396678 0.391766309 0.180837690 0.847643196 0.847643196 0.847643196
v 0.680511474 0.388931751 0.200263440 0.847643196 0.847643196 0.847643196
v 0.637674927 0.385746568 0.213148564 0.847643196 0.847643196 0.847643196
v 0.636574149 0.385179936 0.215440601 0.847643196 0.847643196 0.847643196
v 0.636070489 0.384920716 0.216489255 0.847643196 0.847643196 0.847643196
v 0.646200299 0.385017037 0.216099649 0.847643196 0.847643196 0.847643196
v 0.680511295 0.385326087 0.214849412 0.847643196 0.847643196 0.847643196
v 0.680511474 0.385234534 0.215219825 0.847643196 0.847643196 0.847643196
v 0.680511295 0.379797458 0.237214744 0.847643196 0.847643196 0.847643196
v 0.653866469 0.425034254 0.178169012 0.847643196 0.847643196 0.847643196
v 0.652396678 0.425034254 0.180837690 0.847643196 0.847643196 0.847643196
v 0.644437074 0.425034165 0.199068665 0.847643196 0.847643196 0.847643196
v 0.728982389 0.388931751 0.200263440 0.847643196 0.847643196 0.847643196
v 0.706959486 0.379797458 0.237214744 0.847643196 0.847643196 0.847643196
v 0.721407711 0.385790020 0.212972760 0.847643196 0.847643196 0.847643196
v 0.680011749 0.499998092 0.123629003 0.847643196 0.847643196 0.847643196
v 0.670705616 0.499998271 0.144658565 0.847643196 0.847643196 0.847643196
v 0.653866469 0.499998629 0.178169041 0.847643196 0.847643196 0.847643196
v 0.652396678 0.499998658 0.180837690 0.847643196 0.847643196 0.847643196
v 0.644437074 0.499998837 0.199068665 0.847643196 0.847643196 0.847643196
v 0.776841700 0.390221595 0.119962215 0.847643196 0.847643196 0.847643196
v 0.760571658 0.392845809 0.124691367 0.847643196 0.847643196 0.847643196
v 0.774023175 0.392845809 0.124691307 0.847643196 0.847643196 0.847643196
v 0.754242301 0.394228339 0.157880902 0.847643196 0.847643196 0.847643196
v 0.75142169 0.394425541 0.162613511 0.847643196 0.847643196 0.847643196
v 0.760571718 0.393785983 0.147261023 0.847643196 0.847643196 0.847643196
v 0.610955417 0.370679289 0.266179353 0.847643196 0.847643196 0.847643196
v 0.592850863 0.359051734 0.299024522 0.847643196 0.847643196 0.847643196
v 0.600451052 0.364088714 0.285236299 0.847643196 0.847643196 0.847643196
v 0.606905341 0.368366271 0.273526907 0.847643196 0.847643196 0.847643196
v 0.565988838 0.340973377 0.344556689 0.847643196 0.847643196 0.847643196
v 0.576073765 0.347755163 0.327864229 0.847643196 0.847643196 0.847643196
v 0.573992013 0.346301257 0.331442773 0.847643196 0.847643196 0.847643196
v 0.573992013 0.347755163 0.331442773 0.847643196 0.847643196 0.847643196
v 0.600451052 0.340973377 0.344556689 0.847643196 0.847643196 0.847643196
v 0.586881756 0.355303347 0.309285402 0.847643196 0.847643196 0.847643196
v 0.590460419 0.357550621 0.303133666 0.847643196 0.847643196 0.847643196
v 0.600451052 0.355303347 0.309285402 0.847643196 0.847643196 0.847643196
v 0.520390808 0.308252662 0.416018575 0.847643196 0.847643196 0.847643196
v 0.523534774 0.310551196 0.411283642 0.847643196 0.847643196 0.847643196
v 0.521852254 0.309354811 0.413817584 0.847643196 0.847643196 0.847643196
v 0.474805712 0.274530917 0.481527179 0.847643196 0.847643196 0.847643196
v 0.520390808 0.274530917 0.481527209 0.847643196 0.847643196 0.847643196
v 0.498683989 0.292307764 0.447860091 0.847643196 0.847643196 0.847643196
v 0.520390808 0.292307764 0.447860091 0.847643196 0.847643196 0.847643196
v 0.513547182 0.303091526 0.426325231 0.847643196 0.847643196 0.847643196
v 0.492243230 0.287380367 0.457191914 0.847643196 0.847643196 0.847643196
v 0.513547241 0.347755134 0.426325231 0.847643196 0.847643196 0.847643196
v 0.492243260 0.347755134 0.457191914 0.847643196 0.847643196 0.847643196
v 0.600451052 0.308301478 0.415921092 0.847643196 0.847643196 0.847643196
v 0.600451052 0.309354811 0.413817584 0.847643196 0.847643196 0.847643196
v 0.601704716 0.309354811 0.413817584 0.847643196 0.847643196 0.847643196
v 0.559120893 0.272455930 0.485267370 0.847643196 0.847643196 0.847643196
v 0.561349988 0.274530917 0.481527209 0.847643196 0.847643196 0.847643196
v 0.581415474 0.292307764 0.447860121 0.847643196 0.847643196 0.847643196
v 0.544296324 0.325609386 0.379390478 0.847643196 0.847643196 0.847643196
v 0.554454743 0.332637429 0.363456189 0.847643196 0.847643196 0.847643196
v 0.534293115 0.318201094 0.395081222 0.847643196 0.847643196 0.847643196
v 0.554454743 0.347755163 0.363456189 0.847643196 0.847643196 0.847643196
v 0.534293115 0.347755163 0.395081222 0.847643196 0.847643196 0.847643196
v 0.600451052 0.325609386 0.379390478 0.847643196 0.847643196 0.847643196
v 0.622223198 0.325609386 0.379390478 0.847643196 0.847643196 0.847643196
v 0.610955476 0.425034135 0.266179353 0.847643196 0.847643196 0.847643196
v 0.592850863 0.425034135 0.299024552 0.847643196 0.847643196 0.847643196
v 0.573992013 0.425034135 0.331442773 0.847643196 0.847643196 0.847643196
v 0.610955476 0.499999493 0.266179382 0.847643196 0.847643196 0.847643196
v 0.601783037 0.499999672 0.282819896 0.847643196 0.847643196 0.847643196
v 0.592850863 0.489917576 0.299024552 0.847643196 0.847643196 0.847643196
v 0.573992013 0.469747781 0.331442832 0.847643196 0.847643196 0.847643196
v 0.492243260 0.391510039 0.457191944 0.847643196 0.847643196 0.847643196
v 0.513547241 0.410714477 0.426325261 0.847643196 0.847643196 0.847643196
v 0.554454743 0.425034135 0.363456249 0.847643196 0.847643196 0.847643196
v 0.534293115 0.425034135 0.395081251 0.847643196 0.847643196 0.847643196
v 0.528829455 0.425034135 0.403309673 0.847643196 0.847643196 0.847643196
v 0.534293115 0.430153638 0.395081251 0.847643196 0.847643196 0.847643196
v 0.554454743 0.449829876 0.363456249 0.847643196 0.847643196 0.847643196
v 0.680511295 0.365420341 0.281591147 0.847643196 0.847643196 0.847643196
v 0.680511295 0.368366271 0.273526907 0.847643196 0.847643196 0.847643196
v 0.677453756 0.363546252 0.286721259 0.847643196 0.847643196 0.847643196
v 0.685317575 0.368366271 0.273526907 0.847643196 0.847643196 0.847643196
v 0.642983973 0.340973377 0.344556748 0.847643196 0.847643196 0.847643196
v 0.664005577 0.355303347 0.309285402 0.847643196 0.847643196 0.847643196
v 0.679778933 0.499999642 0.282819926 0.847643196 0.847643196 0.847643196
v 0.254611462 0.106190607 0.734751820 0.847643196 0.847643196 0.847643196
v 0.280210107 0.106190875 0.734751582 0.847643196 0.847643196 0.847643196
v 0.275429219 0.122077152 0.715275168 0.847643196 0.847643196 0.847643196
v 0.267358452 0.115918174 0.722826004 0.847643196 0.847643196 0.847643196
v 0.360270321 0.106190875 0.734751582 0.847643196 0.847643196 0.847643196
v 0.410428911 0.106190875 0.734751582 0.847643196 0.847643196 0.847643196
v 0.398750394 0.217091158 0.580230832 0.847643196 0.847643196 0.847643196
v 0.371800005 0.19656986 0.612298250 0.847643196 0.847643196 0.847643196
v 0.377927720 0.201095834 0.605225741 0.847643196 0.847643196 0.847643196
v 0.377654373 0.200885862 0.605553865 0.847643196 0.847643196 0.847643196
v 0.401660084 0.219221338 0.576738119 0.847643196 0.847643196 0.847643196
v 0.285500824 0.130253672 0.705250859 0.847643196 0.847643196 0.847643196
v 0.294696062 0.137184426 0.696098804 0.847643196 0.847643196 0.847643196
v 0.302011072 0.142697945 0.688818097 0.847643196 0.847643196 0.847643196
v 0.280210107 0.125958442 0.710516810 0.847643196 0.847643196 0.847643196
v 0.261568337 0.222869157 0.728243231 0.847643196 0.847643196 0.847643196
v 0.302011072 0.193197146 0.688818097 0.847643196 0.847643196 0.847643196
v 0.275429219 0.193197146 0.715275168 0.847643196 0.847643196 0.847643196
v 0.302011072 0.247398391 0.688818097 0.847643196 0.847643196 0.847643196
v 0.290818631 0.240467473 0.699958086 0.847643196 0.847643196 0.847643196
v 0.275429219 0.230937510 0.715275168 0.847643196 0.847643196 0.847643196
v 0.315259963 0.153237327 0.674900829 0.847643196 0.847643196 0.847643196
v 0.360270351 0.153237327 0.674900829 0.847643196 0.847643196 0.847643196
v 0.353069365 0.182042941 0.633876502 0.847643196 0.847643196 0.847643196
v 0.335799366 0.168880909 0.652913808 0.847643196 0.847643196 0.847643196
v 0.327870369 0.162662178 0.661654233 0.847643196 0.847643196 0.847643196
v 0.343994587 0.175308436 0.64387995 0.847643196 0.847643196 0.847643196
v 0.360270351 0.175308436 0.64387995 0.847643196 0.847643196 0.847643196
v 0.360270351 0.130253672 0.705250859 0.847643196 0.847643196 0.847643196
v 0.360270351 0.187627807 0.625580787 0.847643196 0.847643196 0.847643196
v 0.353069365 0.193197161 0.633876502 0.847643196 0.847643196 0.847643196
v 0.327870369 0.193197161 0.661654233 0.847643196 0.847643196 0.847643196
v 0.36745134 0.193197161 0.617308080 0.847643196 0.847643196 0.847643196
v 0.417700499 0.226410746 0.722550869 0.847643196 0.847643196 0.847643196
v 0.000000105 0.038639187 0.851014733 0.847643196 0.847643196 0.847643196
v 0.020204803 0.038639184 0.855938077 0.847643196 0.847643196 0.847643196
v 0.057566508 0.038639180 0.855626225 0.847643196 0.847643196 0.847643196
v 0.093636855 0.038639180 0.845593929 0.847643196 0.847643196 0.847643196
v 0.000000105 0.115918159 0.851014733 0.847643196 0.847643196 0.847643196
v 0.020204806 0.115918159 0.855938077 0.847643196 0.847643196 0.847643196
v 0.057566516 0.115918159 0.855626225 0.847643196 0.847643196 0.847643196
v 0.093636855 0.115918159 0.845593929 0.847643196 0.847643196 0.847643196
v 0.189029857 0.053645845 0.789790034 0.847643196 0.847643196 0.847643196
v 0.190380573 0.054618217 0.788834691 0.847643196 0.847643196 0.847643196
v 0.200149744 0.053645938 0.789790034 0.847643196 0.847643196 0.847643196
v 0.135161072 0.001524836 0.825265049 0.847643196 0.847643196 0.847643196
v 0.146777331 0.001524746 0.825265169 0.847643196 0.847643196 0.847643196
v 0.154598653 0.023961322 0.813591718 0.847643196 0.847643196 0.847643196
v 0.127622559 0.038639180 0.829792499 0.847643196 0.847643196 0.847643196
v 0.159765213 0.027831047 0.810488820 0.847643196 0.847643196 0.847643196
v 0.200150236 0.00713393 0.822346806 0.847643196 0.847643196 0.847643196
v 0.200149744 0.023961322 0.813591718 0.847643196 0.847643196 0.847643196
v 0.164768025 0.032244049 0.806950330 0.847643196 0.847643196 0.847643196
v 0.159765213 0.038639184 0.810488820 0.847643196 0.847643196 0.847643196
v 0.172017678 0.038639184 0.801822781 0.847643196 0.847643196 0.847643196
v 0.200150221 0.038803383 0.801691055 0.847643196 0.847643196 0.847643196
v 0.207503691 0.068467363 0.775227904 0.847643196 0.847643196 0.847643196
v 0.200150057 0.062519729 0.781071424 0.847643196 0.847643196 0.847643196
v 0.190380588 0.115918159 0.788834691 0.847643196 0.847643196 0.847643196
v 0.127622559 0.115918159 0.829792499 0.847643196 0.847643196 0.847643196
v 0.159765213 0.115918159 0.810488939 0.847643196 0.847643196 0.847643196
v 0.168988943 0.061527937 0.987562060 0.847643196 0.847643196 0.847643196
v 0.000000153 0.146484032 0.851014733 0.847643196 0.847643196 0.847643196
v 0.020204808 0.143420860 0.855938077 0.847643196 0.847643196 0.847643196
v 0.057566516 0.143614888 0.855626225 0.847643196 0.847643196 0.847643196
v 0.093636855 0.149856731 0.845593929 0.847643196 0.847643196 0.847643196
v 0.095034144 0.150260925 0.844944357 0.847643196 0.847643196 0.847643196
v 0.181154072 0.181110531 0.795360565 0.847643196 0.847643196 0.847643196
v 0.190380588 0.185170784 0.788834691 0.847643196 0.847643196 0.847643196
v 0.127622559 0.159687966 0.829792499 0.847643196 0.847643196 0.847643196
v 0.159765213 0.171698108 0.810488939 0.847643196 0.847643196 0.847643196
v 0.206615001 0.193197146 0.775934100 0.847643196 0.847643196 0.847643196
v 0.280210107 0.053645938 0.789790034 0.847643196 0.847643196 0.847643196
v 0.280210465 0.015547381 0.817969441 0.847643196 0.847643196 0.847643196
v 0.280210107 0.023961322 0.813591718 0.847643196 0.847643196 0.847643196
v 0.222488194 0.080795645 0.763115167 0.847643196 0.847643196 0.847643196
v 0.219740912 0.078364595 0.765503764 0.847643196 0.847643196 0.847643196
v 0.237851053 0.092754691 0.749758243 0.847643196 0.847643196 0.847643196
v 0.219740912 0.115918166 0.765503764 0.847643196 0.847643196 0.847643196
v 0.248042836 0.100688315 0.740897297 0.847643196 0.847643196 0.847643196
v 0.245750308 0.098903708 0.742890477 0.847643196 0.847643196 0.847643196
v 0.248042836 0.115918166 0.740897297 0.847643196 0.847643196 0.847643196
v 0.280210107 0.080794915 0.763116002 0.847643196 0.847643196 0.847643196
v 0.360270321 0.053645938 0.789790153 0.847643196 0.847643196 0.847643196
v 0.377626180 0.053645938 0.789790153 0.847643196 0.847643196 0.847643196
v 0.360270649 0.013739080 0.818910241 0.847643196 0.847643196 0.847643196
v 0.360850274 0.015608295 0.817937731 0.847643196 0.847643196 0.847643196
v 0.360270679 0.015547381 0.817969441 0.847643196 0.847643196 0.847643196
v 0.360270321 0.023961322 0.813591718 0.847643196 0.847643196 0.847643196
v 0.363440513 0.023961322 0.813591718 0.847643196 0.847643196 0.847643196
v 0.360270321 0.080795928 0.763115048 0.847643196 0.847643196 0.847643196
v 0.393524467 0.080795928 0.763115048 0.847643196 0.847643196 0.847643196
v 0.259754687 0.061527930 0.987562000 0.847643196 0.847643196 0.847643196
v 0.259754657 0.061527907 0.987562060 0.847643196 0.847643196 0.847643196
v 0.303761720 0.107467666 0.913724422 0.847643196 0.847643196 0.847643196
v 0.219740912 0.193197146 0.765503764 0.847643196 0.847643196 0.847643196
v 0.219740912 0.199686661 0.765503764 0.847643196 0.847643196 0.847643196
v 0.248042866 0.193197146 0.740897297 0.847643196 0.847643196 0.847643196
v 0.248042866 0.214996114 0.740897297 0.847643196 0.847643196 0.847643196
v 0.341170907 0.146519959 0.850957036 0.847643196 0.847643196 0.847643196
v 0.390596717 0.198116555 0.768027424 0.847643196 0.847643196 0.847643196
v 0.327910900 0.132677525 0.873205363 0.847643196 0.847643196 0.847643196
v 0.401660084 0.270476132 0.576738119 0.847643196 0.847643196 0.847643196
v 0.377654373 0.270476132 0.605553865 0.847643196 0.847643196 0.847643196
v 0.377654403 0.299203217 0.605553925 0.847643196 0.847643196 0.847643196
v 0.399435102 0.315469861 0.579409003 0.847643196 0.847643196 0.847643196
v 0.401660114 0.317131578 0.576738178 0.847643196 0.847643196 0.847643196
v 0.405785292 0.320335060 0.571589350 0.847643196 0.847643196 0.847643196
v 0.412011295 0.319092720 0.573586106 0.847643196 0.847643196 0.847643196
v 0.416429936 0.328601270 0.558303296 0.847643196 0.847643196 0.847643196
v 0.353069365 0.270476132 0.633876562 0.847643196 0.847643196 0.847643196
v 0.327870398 0.264299005 0.661654293 0.847643196 0.847643196 0.847643196
v 0.336876988 0.270476132 0.651726007 0.847643196 0.847643196 0.847643196
v 0.353069365 0.281581580 0.633876562 0.847643196 0.847643196 0.847643196
v 0.422358661 0.122517623 0.714735150 0.847643196 0.847643196 0.847643196
v 0.437979102 0.246769189 0.530789732 0.847643196 0.847643196 0.847643196
v 0.440330863 0.248542577 0.527741670 0.847643196 0.847643196 0.847643196
v 0.440330863 0.24648799 0.531273067 0.847643196 0.847643196 0.847643196
v 0.424903541 0.236915066 0.547726929 0.847643196 0.847643196 0.847643196
v 0.425110042 0.237065017 0.547469198 0.847643196 0.847643196 0.847643196
v 0.440330535 0.236915066 0.547726929 0.847643196 0.847643196 0.847643196
v 0.433374464 0.243296966 0.536757767 0.847643196 0.847643196 0.847643196
v 0.433205395 0.243169486 0.536976873 0.847643196 0.847643196 0.847643196
v 0.440330535 0.243296966 0.536757767 0.847643196 0.847643196 0.847643196
v 0.520390808 0.236915066 0.547726929 0.847643196 0.847643196 0.847643196
v 0.521895170 0.236915066 0.547726929 0.847643196 0.847643196 0.847643196
v 0.440330863 0.217091158 0.580230832 0.847643196 0.847643196 0.847643196
v 0.440330535 0.19656986 0.612298309 0.847643196 0.847643196 0.847643196
v 0.502523064 0.217091307 0.580230593 0.847643196 0.847643196 0.847643196
v 0.483410745 0.19656986 0.612298309 0.847643196 0.847643196 0.847643196
v 0.487687319 0.201161727 0.605122864 0.847643196 0.847643196 0.847643196
v 0.520390868 0.235375747 0.550250887 0.847643196 0.847643196 0.847643196
v 0.440330535 0.153237327 0.674900829 0.847643196 0.847643196 0.847643196
v 0.446099877 0.153237327 0.674900829 0.847643196 0.847643196 0.847643196
v 0.440330535 0.175308436 0.64387995 0.847643196 0.847643196 0.847643196
v 0.464588224 0.175308436 0.64387995 0.847643196 0.847643196 0.847643196
v 0.428011238 0.130253672 0.705250859 0.847643196 0.847643196 0.847643196
v 0.437996476 0.142941072 0.688497066 0.847643196 0.847643196 0.847643196
v 0.440330535 0.145906761 0.684580802 0.847643196 0.847643196 0.847643196
v 0.450218200 0.256060838 0.514819383 0.847643196 0.847643196 0.847643196
v 0.448020219 0.254340916 0.517775535 0.847643196 0.847643196 0.847643196
v 0.456774562 0.260952949 0.506001353 0.847643196 0.847643196 0.847643196
v 0.458301931 0.262092649 0.503947079 0.847643196 0.847643196 0.847643196
v 0.460345417 0.260678350 0.506496310 0.847643196 0.847643196 0.847643196
v 0.469537407 0.270476162 0.488835841 0.847643196 0.847643196 0.847643196
v 0.470398396 0.271118611 0.487677842 0.847643196 0.847643196 0.847643196
v 0.448020219 0.270476162 0.517775535 0.847643196 0.847643196 0.847643196
v 0.425110042 0.270476162 0.547469198 0.847643196 0.847643196 0.847643196
v 0.520391166 0.256060838 0.514819324 0.847643196 0.847643196 0.847643196
v 0.49675861 0.308941036 0.589902520 0.847643196 0.847643196 0.847643196
v 0.425110042 0.335341930 0.547469258 0.847643196 0.847643196 0.847643196
v 0.470398396 0.347755134 0.487677842 0.847643196 0.847643196 0.847643196
v 0.448020219 0.347755134 0.517775595 0.847643196 0.847643196 0.847643196
v 0.448020219 0.353816509 0.517775595 0.847643196 0.847643196 0.847643196
v 0.470398396 0.372542530 0.487677842 0.847643196 0.847643196 0.847643196
v 0.440503567 0.347755134 0.527517855 0.847643196 0.847643196 0.847643196
v 0.541507959 0.256060838 0.514819324 0.847643196 0.847643196 0.847643196
vn -0.21042173 -0.5645377 -0.79813516
vn -0.85689414 -0.34398586 0.383934915
vn -0.64023972 0.230777770 0.732690095
vn -0.74127001 0.196890309 0.641679704
vn 0 0.577282130 0.816544771
vn 0.754025697 -0.65238762 0.076391562
vn 0.104871921 -0.09429356 -0.99000543
vn 0.769873321 -0.62919807 -0.10679414
vn 0.778493106 -0.58163989 -0.23588876
vn 0.713224768 -0.64370185 -0.27741376
vn 0.994907379 0 0.100793533
vn 0.221161633 0 -0.97523719
vn 0.992456018 0 -0.12260124
vn 0.959842860 0 -0.28053808
vn 0.931398809 0 -0.36400029
vn 0.186363816 0.722729980 0.665529847
vn 0.311907738 0.544902682 0.778328180
vn -0.57974064 0.710991144 0.397985667
vn -0.83546996 0.084965184 0.542927980
vn 0 0.874652087 0.484751313
vn -0.6266489 0.582079112 0.518164992
vn -0.71025491 0.584802508 0.391846954
vn 0.723369181 -0.6069051 -0.32924643
vn 0.664102733 -0.6690309 -0.33371413
vn 0 0.991392374 0.13092421
vn 0.892463564 0.123181723 -0.43397579
vn 0.662599980 0.652319848 -0.36802197
vn 0.090069294 -0.99488556 -0.04571819
vn 0.778948485 -0.51759028 -0.3540332
vn 0.809145391 -0.45092976 -0.37675712
vn 0.674378335 0.633205950 -0.37982091
vn 0.891800463 0.180207043 -0.41499072
vn 0.188990056 0.729651629 0.657184302
vn 0.549404025 0.834637820 0.039178971
vn 0.411272436 0.910434305 0.044322758
vn 0.905581474 0.118600733 -0.4072544
vn -0.64600933 0.717075288 0.261677295
vn 0 0.998558223 -0.05368003
vn 0 0.998558223 -0.05368003
vn -0.86355478 0.141000017 0.484140843
vn 0 0.998556554 -0.05371045
vn 0 0.998558223 -0.05368003
vn 0 0.985113263 -0.17190662
vn 0.875192344 0.276525139 -0.39695361
vn 0.810623705 0.447262436 -0.37794906
vn 0.296861678 0.908026158 -0.29557002
vn 0.736220419 0.506269216 -0.44907796
vn 0 0.975319922 -0.22079681
vn -0.59912443 0.181368038 0.779843211
vn -0.52595848 0.162722021 0.834798872
vn 0 0.399973422 0.916526854
vn 0 0.296180367 0.955132126
vn -0.41005644 0.125922769 0.903325557
vn 0 0.186252385 0.982501983
vn -0.46433234 0.143951699 0.873884141
vn 0 0.235268965 0.971930325
vn 0.994907379 0 0.100793533
vn 0.057671528 0 -0.9983356
vn 0.992317855 0 -0.12371446
vn 0.231997788 0.473647415 0.849608838
vn 0.964002072 0.162728056 0.210284650
vn 0.674915611 0.301648914 0.673421740
vn 0.206787899 0.302337288 0.930500268
vn 0.991427183 0 0.130660355
vn 0.062698364 0 -0.99803257
vn 0.997741997 0 -0.067163
vn 0.385368406 0.211934521 0.898095250
vn 0.071421124 0.186975225 0.979764938
vn 0.437478005 0.249258682 0.863992571
vn 0.758449316 -0.53366029 -0.37411416
vn 0.720731079 0.476154446 -0.50380909
vn 0.855969250 0.225444376 -0.46528652
vn -0.61546862 -0.69759446 0.366824954
vn -0.86329001 0.041427280 0.503005206
vn 0 0.956904113 -0.29040414
vn -0.86609721 0.059078466 0.496372163
vn -0.54287845 0.839367508 0.027297737
vn -0.66944921 0.733300089 0.118779763
vn -0.87564242 0.199850246 0.439670562
vn 0.805551827 -0.40700784 -0.43061692
vn 0.758550465 -0.49325818 -0.42579061
vn 0.270477056 -0.94977993 -0.15735382
vn 0.678228497 -0.61372107 -0.40416887
vn 0.461731702 0.764653861 -0.44956446
vn 0.879776895 0 -0.47538671
vn 0.054696027 0.954975247 -0.29160038
vn 0.070944152 0.934299349 -0.34935898
vn 0.870081782 0 -0.4929074
vn 0.733756959 0.409823149 -0.54189092
vn 0.808995008 0.228671118 -0.54151332
vn 0 0.942014813 -0.33557129
vn 0.589082062 0.580070138 -0.56258404
vn 0 0.929020524 -0.37002823
vn 0.857735872 0 -0.51409072
vn 0.633614420 0.515076756 -0.57725966
vn 0.510398268 0.637725770 -0.57688755
vn -0.70726782 -0.45002791 0.545203745
vn 0.775537431 -0.40559492 -0.4837712
vn 0.784731268 -0.35600317 -0.50740373
vn 0.199840337 -0.90840983 0.367226570
vn -0.86764944 0.054422564 0.494188964
vn -0.87470615 0.268662393 0.403372675
vn 0 0.916662573 -0.39966199
vn 0.848489582 0 -0.52921212
vn 0.838304996 0 -0.54520148
vn 0.548315227 0.589360714 -0.59329957
vn 0.476892560 0.647276282 -0.59464854
vn 0.484104305 -0.85613954 0.180743232
vn 0.571525156 -0.81587738 0.087767154
vn 0.745646774 -0.65211177 -0.13697127
vn 0.827587246 0 -0.56133717
vn 0.817588925 0 -0.57580245
vn -0.87357527 0.095074251 0.477312475
vn 0 0.905026912 -0.42535427
vn -0.86238813 0.016447769 0.505980312
vn 0.506434619 0.609269022 -0.61017638
vn -0.87582159 0.104417055 0.471204519
vn -0.66098654 0.750236749 0.015541936
vn -0.81174749 0.550835132 0.194027677
vn 0.538072168 0.564329862 -0.62610698
vn 0.268938392 0.783836126 -0.55970806
vn 0.796427667 0.104060821 -0.59571326
vn 0 0.894524216 -0.44701958
vn 0.804960250 0.069308981 -0.58926666
vn 0.047896992 0.876786470 -0.47848836
vn 0.814559698 0 -0.58007967
vn 0 0.884555757 -0.46643451
vn 0.273411214 0.761500001 -0.587677
vn 0.229167386 0.780700385 -0.58136851
vn -0.3602812 0.108685150 0.926490724
vn 0 0.151220083 0.988500177
vn -0.24029182 -0.00032101 -0.97070062
vn -0.99270976 -0.00102441 0.120524972
vn -0.56340379 0.061516895 0.823888301
vn -0.71680015 0.028788954 0.696684181
vn -0.08754981 0.088173382 0.992250204
vn 0 0.118992388 0.992895185
vn 0 0.091707892 0.995785951
vn 0.099844954 0.166708022 0.980938017
vn 0.992900371 0 0.118949011
vn 0.187633365 0 -0.98223925
vn 0.899771869 0.063841529 0.431665122
vn 0.692194223 0.100476101 0.714682877
vn 0.070044152 0 -0.99754387
vn 0.524914085 0.101863279 0.845037937
vn 0.511232495 0.082696057 0.855454683
vn -0.10053081 0.064622081 0.992833018
vn -0.08830721 0.043769050 0.995131194
vn 0 0.069154001 0.997606039
vn 0 0.046632785 0.998912155
vn -0.24068877 0.020259287 0.970390915
vn 0 0.024506485 0.999699711
vn 0.992304861 0 0.123819030
vn 0.248276799 0 -0.96868908
vn 0.252223581 0.079001575 0.964438676
vn 0.272597909 0.057957381 0.960380792
vn 0.437254726 0.042945757 0.898311734
vn 0.985613346 0 0.169015809
vn 0.118523851 0 -0.99295121
vn 0.580823242 0.029539182 0.813493549
vn 0.233524754 0.015015581 0.972234904
vn -0.63079214 -0.4424369 0.637456536
vn 0.493461310 -0.85698038 0.148595809
vn 0.808160901 0 -0.58896172
vn 0.225849941 -0.90309829 0.365246921
vn 0.799976110 0 -0.60003191
vn 0.681812524 -0.72499168 -0.09756384
vn 0.147026956 -0.89704609 0.416762918
vn 0.822938323 -0.19293438 -0.5343678
vn -0.88162279 0.314087063 0.352264970
vn 0.807349383 0 -0.59007376
vn 0.797249794 0 -0.60364956
vn 0.785367369 0 -0.61902994
vn 0.341236233 0.696354925 -0.63138562
vn 0 0.873383700 -0.48703283
vn -0.87701333 0.088031426 0.472332477
vn 0 0.861719727 -0.50738472
vn 0.319136530 0.705838382 -0.63241136
vn 0.446778565 0.584148526 -0.67761302
vn 0.755029559 0.111234061 -0.64618683
vn 0 0.862690031 -0.50573307
vn 0.586748719 0.412706375 -0.69670606
vn 0.655864656 0.287534236 -0.69797254
vn -0.8632766 0.016692912 0.504455089
vn -0.69705969 0.716590225 -0.02462377
vn -0.80266565 0.588186800 0.098813578
vn 0 0.851952493 -0.52361923
vn 0 0.838706255 -0.54458398
vn -0.65386671 -0.41311473 0.633872747
vn -0.88198 0.094230160 0.461770623
vn 0 0.824843466 -0.5653612
vn -0.86793411 0.030377047 0.495749592
vn 0 0.809397399 -0.58726138
vn -0.87180823 0.041947543 0.488048017
vn -0.63228047 0.747900784 -0.20215309
vn 0.818316817 -0.32289669 -0.4754948
vn 0.793317914 -0.45980725 -0.3990289
vn 0.775611460 0 -0.63121051
vn 0.762320876 0 -0.64719921
vn 0.721232652 0.149460881 -0.67637634
vn 0.663747847 0.244244948 -0.70695353
vn 0.436147779 0.550870597 -0.71155936
vn 0.759498059 0 -0.65050954
vn 0.316580385 0.655836701 -0.685314
vn 0.480871975 0.480792492 -0.73321259
vn 0 -0.86086565 0.508832335
vn 0.733510792 -0.62488943 -0.26734829
vn 0.358748585 -0.90862793 0.213763386
vn 0.748587191 0 -0.66303635
vn 0.740423679 0 -0.67214036
vn 0.349575936 -0.91046929 0.221002966
vn 0.769995749 -0.23987816 -0.59124035
vn 0.767246365 -0.42861846 -0.47709471
vn 0.747790575 0 -0.66393465
vn 0.732623279 0 -0.68063432
vn 0.763766884 -0.26071441 -0.59049839
vn 0.747760176 -0.32022277 -0.58164597
vn 0.715003848 0 -0.69912058
vn 0.694986045 0 -0.71902311
vn -0.58448529 -0.49647865 0.641783356
vn 0.725281953 -0.3972238 -0.5622983
vn 0.039473749 -0.87990445 0.473508209
vn 0.670692384 0 -0.74173558
vn 0.640557050 0 -0.7679106
vn 0.010026997 -0.86631984 0.499389022
vn 0.601891040 0 -0.7985782
vn 0.011746735 -0.86799073 0.496441483
vn 0.006805085 -0.86503792 0.501660406
vn 0.548505008 -0.73390883 -0.40064946
vn 0.117584496 0.776361763 -0.61922234
vn 0.682508409 0.167432442 -0.71144134
vn 0 0.823650062 -0.5670985
vn 0.597453057 0.292881697 -0.74650526
vn 0.558950245 0.348186999 -0.75255597
vn 0 0.807968020 -0.58922642
vn 0.618022024 0.238166227 -0.74921668
vn 0.621445417 0.219622656 -0.75204486
vn -0.73799419 0.667243778 -0.10074883
vn -0.89995384 0.142012715 0.412207961
vn 0 0.788160264 -0.61547005
vn 0 0.764117896 -0.64507669
vn 0.547314584 0.310540020 -0.77718186
vn 0.060888651 0.767620682 -0.63800561
vn 0.693416476 0 -0.72053707
vn 0.043073464 0.757449328 -0.6514715
vn 0.349087595 0.525079548 -0.77616322
vn 0.554289400 0.253359019 -0.79282564
vn 0 0.761373519 -0.64831346
vn 0.388184547 0.449651122 -0.80444181
vn -0.87613773 0.047713268 0.479693800
vn -0.87959218 0.470259666 0.071927100
vn 0 0.726927936 -0.6867137
vn 0.668669819 0 -0.74355942
vn 0.638667643 0 -0.76948267
vn 0 0.725978434 -0.68771756
vn 0.413580566 0.392572134 -0.82148534
vn 0.346874535 0.443835169 -0.8262496
vn 0.322394490 0.433190703 -0.84166956
vn -0.48822349 -0.59047502 0.642633020
vn -0.69795549 0 0.716141164
vn -0.92366862 0.222151309 0.312225908
vn 0 0.669434487 -0.74287111
vn -0.86468464 0.010495954 0.502205491
vn 0 0.56565696 -0.82464069
vn -0.85939747 0.000469003 0.511307835
vn -0.86462307 0.006871522 0.502374231
vn -0.86050773 0.001830470 0.509433984
vn -0.95738405 0.184945970 0.221835047
vn -0.9284122 0.017138602 0.371156334
vn -0.92340618 0.001566216 0.383821040
vn -0.91608286 -0.07807602 0.393314480
vn 0 0.665588557 -0.746319
vn 0 0.555993020 -0.83118701
vn 0 0.252117276 -0.96769679
vn 0 -0.23761372 -0.97135973
vn -0.55969131 0 0.828701138
vn 0.599885404 0 -0.8000859
vn 0.547718405 0 -0.83666271
vn 0.317213058 -0.94786888 -0.03033739
vn 0.470688939 0 -0.88229913
vn 0.199559003 -0.97633463 0.083347797
vn 0.093847721 -0.96757674 0.234494775
vn 0.204463273 -0.19440262 -0.95937598
vn 0.348339259 0 -0.93736845
vn 0.127238661 0 -0.99187213
vn 0.001447832 -0.92695504 0.375169783
vn -0.02785314 -0.97163874 0.234823942
vn -0.0915109 0 -0.99580401
vn 0 -0.8569119 0.515462935
vn 0 0 1
vn 0 -0.86086565 0.508832335
vn 0 -0.85822833 0.513268053
vn 0.443989545 0.286798030 -0.8488934
vn 0.584925413 0.071048297 -0.80796939
vn 0 0.649588108 -0.76028633
vn 0.584125578 0 -0.81166339
vn 0.452200740 0.232602864 -0.86105192
vn 0.273478478 0.395998716 -0.87658113
vn 0.546387016 0 -0.83753288
vn 0 0.541159451 -0.84092003
vn 0.33734712 0.299762368 -0.89237845
vn 0.471309304 0 -0.88196796
vn 0.246137067 0.279725581 -0.92799252
vn 0 0.259895503 -0.96563673
vn 0 -0.20297191 -0.97918457
vn 0.256403952 0.237163037 -0.93702227
vn 0.266458541 0.011391613 -0.96377903
vn 0.180558964 0.005624575 -0.98354805
vn 0.230668216 -0.13111705 -0.96415794
vn 0.171099796 -0.33200771 -0.92762899
vn 0.345824003 0 -0.93829936
vn 0.139471277 0 -0.99022609
vn -0.07985727 0 -0.99680632
vn 0.334103703 0 -0.94253629
vn 0.139471277 0 -0.99022609
vn -0.07985727 0 -0.99680632
vn -0.23082307 0.002302715 0.972993016
vn -0.0649295 -0.01865719 0.997715354
vn 0 0.002899246 0.999995827
vn 0 -0.01947009 0.999810457
vn -0.08063178 -0.04061644 0.995916128
vn -0.09221405 -0.06418802 0.993668198
vn 0 -0.04272471 0.999086976
vn 0 -0.06829727 0.997665047
vn 0.407119393 0.002894274 0.913370311
vn 0.977871179 0 0.209207996
vn 0.220047161 0 -0.97548932
vn 0.752959489 -0.00558645 0.658043265
vn 0.564626038 -0.02484111 0.824972987
vn 0.232374683 -0.04179279 0.971728086
vn 0.984538972 0 0.175165772
vn 0.039000984 0 -0.99923915
vn 0.611935496 -0.0446768 0.789644777
vn 0.633278071 -0.0640358 0.771270513
vn -0.25998566 0.000258911 -0.96561247
vn -0.99323022 0.000768589 0.116159446
vn -0.09427134 -0.08630095 0.991798937
vn -0.69590449 -0.03421897 0.717318654
vn 0 -0.09680211 0.99530375
vn -0.4731032 -0.07827532 0.877522826
vn -0.36055925 -0.12371756 0.924495041
vn 0 -0.13360688 0.991034388
vn 0 -0.17407091 0.984733104
vn 0.032680563 0 -0.99946588
vn 0.294308155 -0.09353189 0.951122820
vn 0.991158425 0 0.132683739
vn 0.270956754 0 -0.96259153
vn 0.704745709 -0.08245055 0.704652726
vn 0.976346433 -0.03653797 0.213102445
vn 0.619446218 -0.1208294 0.775684654
vn 0.066177383 -0.17976865 0.98148036
vn -0.42136744 -0.14956626 0.894471585
vn 0 -0.22741984 0.973796844
vn -0.49262354 -0.17931826 0.851567387
vn 0 -0.30831632 0.951283931
vn -0.56824452 -0.20090003 0.797958195
vn -0.78235036 -0.09532316 0.615500986
vn -0.65137893 -0.21646068 0.727220892
vn -0.75722438 -0.14313067 0.637279272
vn 0 -0.44805697 0.894005000
vn 0 -0.59769082 0.801726698
vn 0.994808852 0 0.101761169
vn 0.126462772 0 -0.99197137
vn 0.996932029 0 -0.07827196
vn 0.265958130 -0.23468702 0.934980332
vn 0.354608476 -0.31578383 0.880075752
vn 0.994907379 0 0.100793533
vn 0.220047161 0 -0.97548932
vn 0.992107629 0 -0.12538922
vn 0.295057207 -0.38142887 0.876044094
vn 0.484479725 -0.52342063 0.700935244
vn 0.894000709 -0.33933714 0.292597204
vn 0.341064065 -0.59069884 0.731266081
vn -0.80537802 -0.16234969 0.570095419
vn 0 -0.87439412 0.485216289
vn 0 -0.87439412 0.485216289
vn 0 -0.87439412 0.485216289
vn -0.95567065 0.001149943 0.294435590
vn -0.26638225 0.615642368 -0.74163663
vn -0.79717141 0.381505608 0.467943608
vn 0.994907379 0 0.100793533
vn 0.056777991 0 -0.9983868
vn 0.990525543 0 -0.13732888
vn 0.639756977 -0.74667895 0.182157874
vn 0.384777754 -0.85922182 0.337170630
vn 0.567899644 -0.7896921 0.232113033
vn 0.786937415 -0.61548477 0.043680608
vn 0.958298444 0 -0.28576934
vn 0.928973317 0 -0.37014666
vn 0.754015922 0.652399063 0.076390564
vn 0.038292393 0.034441210 -0.9986729
vn 0.769864022 0.629209637 -0.10679284
vn 0.778485000 0.581651568 -0.23588631
vn 0.821544826 0.468777477 -0.32451782
vn -0.81911182 -0.14793335 0.554230570
vn 0 -0.96097052 0.276650995
vn -0.8409012 -0.18430637 0.508838176
vn -0.77946055 -0.40103719 0.481259286
vn 0 -0.99913323 0.041626732
vn -0.85427696 -0.08557632 0.512725770
vn -0.4939428 -0.84382516 0.209713339
vn 0.425148040 -0.85807937 0.288008600
vn 0 -0.98860765 0.150515869
vn 0.918738305 -0.02224917 -0.39423963
vn 0.914860069 -0.01722823 -0.40340334
vn 0.905784547 -0.15504278 -0.3943553
vn 0.898406267 -0.17122783 -0.40440959
vn 0 -0.99913323 0.041626732
vn 0 -0.99913323 0.041626732
vn 0.742572963 -0.57144278 -0.34934023
vn 0 -0.99304128 -0.11776725
vn 0.719753801 -0.55122906 -0.42202008
vn 0.903868913 0 -0.42780945
vn -0.59829539 -0.77214301 0.214097499
vn -0.71687549 -0.64928734 0.253998935
vn 0 -0.981754 -0.19015571
vn 0.773857951 -0.48318693 -0.40948045
vn 0.580531895 -0.68108171 -0.44621792
vn 0.584984660 -0.70564443 -0.39982361
vn 0.798869907 -0.42817688 -0.42245883
vn 0 -0.96296495 -0.26962653
vn 0.892141997 0 -0.45175505
vn 0.911584436 0 -0.41111284
vn 0.906613767 0 -0.4219614
vn 0.155155003 0.985500097 -0.06867539
vn 0.784326434 0.488061338 -0.38292053
vn 0.736087203 0.565153002 -0.37252879
vn 0.832412838 0.407464534 -0.37558177
vn 0.81901443 0.429171145 -0.38082471
vn 0.578182339 -0.68208218 -0.44773763
vn 0.749272346 -0.41602242 -0.51528269
vn 0.894552171 0 -0.44696367
vn 0.813997209 0.415311038 -0.40610996
vn -0.82426155 -0.44465226 0.350538492
vn -0.85959899 -0.00370552 0.510955870
vn 0 -0.94721758 -0.32059154
vn -0.7843802 -0.57928103 0.221767991
vn -0.87272871 -0.13912132 0.467963516
vn -0.76640165 -0.60700297 0.210180416
vn -0.66208565 0.543715059 0.515768051
vn 0.521989703 -0.69696999 -0.49169061
vn 0.142237559 -0.90998757 -0.3894752
vn 0.858794927 -0.07707039 -0.50648934
vn 0.477799326 -0.70686162 -0.52158827
vn 0 -0.91978157 -0.39243078
vn 0 -0.93008643 -0.36734095
vn 0.681463897 -0.449958 -0.57718694
vn 0.359072625 -0.75902456 -0.54309165
vn 0.791894733 -0.24400115 -0.55979109
vn 0.330846697 -0.78663111 -0.52129829
vn 0.857381820 0 -0.51468092
vn -0.85930711 -0.00135997 0.511458218
vn -0.87876481 -0.14880602 0.453463584
vn 0 -0.90035832 -0.43514928
vn -0.80334806 -0.56373101 0.19193542
vn -0.85927927 -0.00126618 0.511505067
vn -0.88410193 -0.18647969 0.428472906
vn -0.6045056 -0.79379147 -0.06684352
vn -0.87337208 -0.29345968 0.388719320
vn 0 -0.90930164 -0.41613767
vn 0.145303010 -0.86866188 -0.47361761
vn 0.320563912 -0.77078122 -0.55057704
vn 0.289261847 -0.7798757 -0.55508685
vn 0.848058998 0 -0.5299018
vn 0.838771581 0 -0.54448342
vn 0.271938473 -0.77597189 -0.56913716
vn 0.081739224 -0.87453979 -0.47801542
vn 0 -0.87915564 -0.47653481
vn 0.599762260 -0.43895158 -0.66903418
vn 0 -0.88790786 -0.46002144
vn 0.681560814 -0.34067306 -0.6476239
vn 0.764518022 -0.19728416 -0.61367029
vn 0.645087957 -0.38934737 -0.65747249
vn 0.827885985 0 -0.56089652
vn 0.817640721 0 -0.57572865
vn 0.882618963 0 -0.47008911
vn 0.869899272 0 -0.49322942
vn 0.858664035 0 -0.51253873
vn 0.832395017 0.330818951 -0.44460928
vn 0.661466300 0.737109422 -0.13831916
vn 0.831956386 0.536897182 -0.13996378
vn 0.229856565 0.881592690 0.412262469
vn 0.848940730 0 -0.5284881
vn 0.610408186 0.787548720 0.084669023
vn 0.838792741 0 -0.54445094
vn 0.051303930 0.862887620 0.502785146
vn 0.227751120 0.885327696 0.405369252
vn 0.1245756 0.875183761 0.467476546
vn 0.428976267 0.870530664 0.241154804
vn 0.482591152 0.852226734 0.202028498
vn -0.87186474 -0.05708094 0.486408740
vn 0 -0.8596797 -0.51083344
vn 0.345440506 -0.67048526 -0.65659761
vn 0 -0.85705376 -0.51522708
vn 0.580458581 -0.40022895 -0.70914352
vn 0.729601025 -0.17049895 -0.66227823
vn -0.61368811 -0.78036928 -0.12004459
vn -0.7521162 -0.65877944 0.018189726
vn -0.86247665 -0.01329973 0.505921900
vn 0 -0.847844 -0.53024584
vn 0 -0.83533156 -0.54974651
vn -0.88031691 -0.07895017 0.467770248
vn -0.89919013 -0.27578348 0.339706659
vn 0 -0.8064642 -0.5912829
vn -0.87759006 -0.41534883 0.239418
vn 0 -0.82230979 -0.56904018
vn -0.54184872 -0.78764373 -0.29328734
vn -0.87491012 -0.05293259 0.481383740
vn -0.88732409 -0.21774609 0.406500458
vn -0.5604713 0.510838389 0.651855886
vn 0 -0.87081736 -0.49160668
vn 0.086535885 -0.83633161 -0.54135096
vn 0.034568671 -0.85211188 -0.52221674
vn 0.656180620 -0.34342349 -0.67192799
vn 0.182158976 -0.79610825 -0.57708728
vn 0.797928929 0 -0.60275155
vn 0.786031127 0 -0.61818689
vn 0.664642572 0.744612753 -0.06166207
vn 0.807370901 0 -0.5900442
vn 0.797738730 0 -0.60300338
vn 0.052853975 0.865038037 0.498914480
vn 0.068668581 0.869370877 0.489365935
vn 0.446118503 0.868300497 0.216869965
vn 0.575019657 0.815647542 0.063808374
vn -0.45445704 0.609207093 0.649873495
vn -0.64865923 0.409606725 0.641454219
vn -0.62701166 -0.73730844 -0.25146082
vn 0 -0.76075822 -0.64903545
vn 0 -0.75736427 -0.65299278
vn 0.661382556 -0.06739215 -0.74701506
vn 0.313228189 -0.54394108 -0.77847046
vn 0.245854958 -0.59854305 -0.76243132
vn 0.670306742 -0.23080155 -0.70527971
vn 0.504057228 -0.47132701 -0.72372454
vn 0.180219769 -0.746319 -0.64072531
vn 0.577429950 -0.4033418 -0.7098521
vn 0 -0.80598372 -0.59193766
vn 0.384865701 -0.52496225 -0.7591396
vn 0.386361897 -0.56373638 -0.7300176
vn 0.476915866 -0.47405547 -0.74015039
vn 0 -0.82079452 -0.57122368
vn 0.413425475 -0.52331656 -0.74513024
vn 0.403543829 -0.52831149 -0.74702036
vn 0 -0.78597826 -0.61825407
vn 0.690980315 -0.1571766 -0.70557898
vn 0.029994901 -0.81690991 -0.57598472
vn 0.748259902 0 -0.66340566
vn 0.732173442 0 -0.68111837
vn 0.378438621 -0.52372396 -0.76321512
vn 0.357030749 -0.53106862 -0.76843679
vn 0.286977767 -0.58060956 -0.76192927
vn 0.714397013 0 -0.69974059
vn 0.693340718 0 -0.72060984
vn 0.512813568 0.857816517 0.034250184
vn 0.367600143 0.910739421 0.188212424
vn -0.87742734 -0.04452508 0.477638632
vn -0.91107023 -0.12607211 0.392500609
vn 0 -0.66693223 -0.74511838
vn -0.86025298 -0.0014547 0.509865284
vn -0.90906215 -0.11024272 0.401811599
vn 0 -0.55230343 -0.83364314
vn -0.89707851 -0.11547506 0.426515638
vn 0 -0.72518003 -0.68855941
vn 0 -0.65864283 -0.75245571
vn 0 -0.54724115 -0.83697504
vn 0 -0.72076619 -0.69317824
vn 0.201433017 -0.58521795 -0.78545827
vn 0.211019039 -0.54157925 -0.81373394
vn 0.289147377 -0.52469462 -0.80068058
vn 0.668281734 0 -0.74390817
vn 0.640645027 0 -0.76783723
vn -0.60140401 0.156739071 0.783419609
vn -0.39313206 0.657122492 0.643146276
vn 0.670637846 0 -0.74178487
vn 0.208758607 0.916344165 0.341662377
vn 0.641011118 0 -0.76753169
vn 0.097987368 0.891986966 0.441313713
vn 0 -0.65903378 -0.75211334
vn 0.587337315 -0.0119054 -0.80925471
vn 0.093013048 -0.55740291 -0.82501543
vn 0 -0.53558344 -0.84448236
vn 0.126196607 -0.52508527 -0.84164119
vn 0.103010661 -0.54853809 -0.82975596
vn 0.541254758 0 -0.84085858
vn 0.291819512 -0.24225253 -0.92528647
vn 0.462141364 0 -0.88680631
vn 0.587912559 -0.06525126 -0.80628848
vn 0.598204374 0 -0.80134356
vn 0.547103226 0 -0.83706516
vn 0.470974892 0 -0.88214666
vn 0.34129861 0 -0.93995494
vn 0.139471277 0 -0.99022609
vn -0.07985727 0 -0.99680632
vn 0.347325176 0 -0.93774474
vn 0.141457602 0 -0.98994434
vn -0.08063167 0 -0.99674392
vn 0 0.470955669 0.882156908
vn 0.039018951 0.869715988 0.492007792
vn 0.426817089 0.903491556 -0.03911695
vn 0.373649537 0.927517890 0.009821703
vn 0.278943687 0.952821910 0.119669757
vn 0.196842491 0.964390337 0.176647469
vn 0.036657344 0.868543922 0.494254767
vn 0.154672235 0.969528436 0.189976424
vn 0.057068798 0.973630130 0.220878884
vn -0.02446277 0.953928887 0.299034088
vn 0.774404287 0 -0.63269103
vn 0.761756718 0 -0.64786327
vn 0.228608056 0.900881230 0.368986785
vn 0.417287617 0.884084820 0.210392803
vn 0.038091417 0.862949192 0.503853082
vn 0.747757613 0 -0.66397178
vn 0.493086665 0.866469085 0.078082114
vn 0.424525946 0.889621496 0.168378174
vn 0.029486341 0.86008358 0.509300172
vn -0.78183508 -0.48334518 -0.39384177
vn -0.49676701 0.749350369 -0.43783164
vn -0.84992754 0.259854078 -0.45836565
vn -0.10487195 -0.09429647 -0.99000508
vn -0.75402695 -0.65238619 0.076391391
vn -0.76987445 -0.6291967 -0.10679391
vn -0.77849412 -0.58163869 -0.23588829
vn -0.77637309 -0.54816437 -0.31106398
vn -0.22117317 0 -0.97523451
vn -0.99490738 0 0.100793533
vn -0.99056023 0 -0.13707794
vn -0.95714676 0 -0.28960323
vn -0.93663812 0 -0.3502982
vn -0.25493556 0.724193990 0.640742480
vn -0.39371052 0.712600052 0.580683231
vn -0.30378348 0.721463024 0.622259438
vn 0 0.701699852 0.712472736
vn -0.22611013 0.723378598 0.652378380
vn -0.26201457 0.529183507 0.807039678
vn 0.219679310 -0.57817489 -0.78578287
vn 0.856448888 -0.34500909 0.384010434
vn 0 0.701715171 0.712457716
vn 0 0.701699852 0.712472736
vn 0 0.509753048 0.860320746
vn 0.762489557 0.167853236 0.624848008
vn 0.713209450 0.155743941 0.683429598
vn -0.76107591 -0.54097259 -0.3579275
vn -0.09110118 -0.99478847 -0.04578653
vn -0.86378115 0.267502903 -0.42699447
vn 0 0.999695181 0.024689482
vn -0.42760074 -0.87662351 -0.22065561
vn -0.81892043 -0.43922213 -0.36939567
vn -0.78051978 -0.50600225 -0.367084
vn -0.87445456 0.174436941 -0.45265999
vn -0.89455956 0.059059608 -0.44302955
vn -0.89058638 0.215646699 -0.40044031
vn -0.91397977 0.055109486 -0.40200001
vn 0 0.998556554 -0.05371045
vn 0 0.998558223 -0.05368003
vn 0 0.998556554 -0.05371045
vn -0.28112343 0.909287929 0.306863427
vn -0.01498755 0.971884310 0.234981164
vn -0.86624974 0.413393586 -0.28056571
vn -0.91675693 0.063251130 -0.39440605
vn -0.89442372 0.201121062 -0.39944524
vn -0.88163388 0.292574018 -0.37029999
vn 0 0.970463097 0.241250053
vn 0 0.970463097 0.241250053
vn -0.66504496 0.650729715 0.366423487
vn -0.75458568 0.549308955 -0.35897109
vn -0.7701093 0.491111606 -0.40711302
vn -0.81627154 0.369386106 -0.44413358
vn 0 0.990660369 -0.1363524
vn -0.71631891 0.536214828 -0.44649851
vn -0.82105893 0.339183658 -0.45914766
vn 0 0.982223272 -0.1877166
vn -0.89603126 0.054166790 -0.44067445
vn 0 0.982223272 -0.1877166
vn 0 0.982223272 -0.1877166
vn 0 0.972417414 -0.23324732
vn 0.698556184 0.636465489 0.327003032
vn 0.401475638 0.913582623 0.064684867
vn 0.657682418 0.714187264 0.239562660
vn 0.516292512 0.796990990 0.313444376
vn 0.387736737 0.903519451 0.182518020
vn 0 0.836762070 0.547566711
vn 0.790343523 0.183585822 0.584511160
vn 0.793057382 0.122213587 0.596761107
vn 0 0.970463097 0.241250053
vn 0.836298465 0.133823424 0.531691849
vn 0.596354186 0.620219290 0.509597659
vn -0.03923623 0 -0.99922997
vn -0.99490738 0 0.100793533
vn -0.99407083 0 -0.10873391
vn -0.1611909 0.435344457 0.885715901
vn -0.8624419 0.237661570 0.446890234
vn -0.963934 0.161112919 0.211834564
vn -0.25187227 0.292413890 0.922526180
vn -0.03289671 0 -0.99945885
vn -0.26821741 0 -0.9633584
vn -0.99628669 0 0.086097888
vn -0.68774587 0.185818374 0.701767146
vn -0.0787888 0.184645816 0.979641854
vn -0.99694002 0 -0.07816987
vn -0.30679059 0.241970226 0.920505166
vn 0 0.410079181 0.912050008
vn 0 0.299875021 0.953978538
vn 0.59005481 0.188251078 0.785109460
vn 0.524206042 0.147442728 0.838730394
vn 0.558526754 0.172093063 0.811438083
vn 0 0.188239529 0.982123196
vn 0.410066843 0.125922128 0.903320968
vn 0 0.238929182 0.971037030
vn 0.464345842 0.143915414 0.873882889
vn -0.78413963 -0.45583841 -0.42111337
vn -0.80072099 -0.39138317 -0.45350319
vn -0.27048728 -0.94977707 -0.15735336
vn -0.59521592 -0.71963918 -0.35754374
vn -0.59096307 0.645595967 -0.4837029
vn -0.88330251 0.036313813 -0.46739507
vn -0.8806743 0 -0.47372231
vn -0.12353294 0.938537299 -0.32231545
vn -0.04390891 0.957077205 -0.28648767
vn -0.87114185 0 -0.49103138
vn -0.07417328 0.932456493 -0.35358649
vn -0.52821845 0.673546195 -0.51703072
vn -0.80982709 0.245491966 -0.5328356
vn -0.02674712 0.954213857 -0.29792696
vn -0.04396385 0.939632058 -0.33935046
vn 0 0.948113977 -0.31793061
vn -0.85849816 0 -0.51281667
vn -0.63031179 0.525988519 -0.57100189
vn -0.5104031 0.637723743 -0.5768857
vn -0.65164125 0.50277704 -0.56796014
vn -0.65124255 0.519584596 -0.55309582
vn 0 0.940627038 -0.33944178
vn -0.24935216 0.847350955 -0.46884957
vn 0 0.934117198 -0.35696664
vn 0 0.926032066 -0.37744507
vn -0.1756833 -0.89517802 0.409623980
vn -0.71316618 -0.69549513 -0.08763782
vn -0.53111523 -0.83938342 0.115550905
vn -0.82778406 0 -0.56104672
vn -0.81801713 0 -0.57519382
vn -0.6424799 -0.65824687 -0.39234006
vn -0.77059519 -0.40596431 -0.49130028
vn -0.80254161 -0.28895825 -0.52194834
vn -0.07391652 -0.88578129 0.458178848
vn 0.712280631 -0.39504579 0.580168247
vn -0.84803861 0 -0.52993453
vn -0.83847797 0 -0.54493558
vn -0.27802566 0.799694359 -0.53215647
vn -0.52413684 0.597976803 -0.6063863
vn -0.50179642 0.641966164 -0.57972383
vn 0 0.918385267 -0.3956874
vn 0.876877784 0.182737946 0.444625973
vn 0.864298284 0.028468407 0.502173364
vn -0.27509069 0.784764528 -0.55540055
vn -0.56959671 0.524163544 -0.63309735
vn -0.817298 0.062047798 -0.57286477
vn -0.74002743 0.240983426 -0.62792224
vn -0.74520314 0.231410473 -0.62539709
vn 0 0.899321794 -0.43728754
vn -0.81723273 0.024161497 -0.57580107
vn -0.06932867 0.867875635 -0.49192014
vn 0 0.893362045 -0.44933766
vn -0.81675529 0 -0.57698417
vn -0.11583648 0.847149789 -0.51857418
vn -0.53230733 0.529663145 -0.66038311
vn -0.10354719 0.851956367 -0.51327229
vn 0 0.888897061 -0.45810708
vn 0 0.881589829 -0.47201627
vn -0.70007992 0.361068397 -0.61605018
vn -0.40959328 0.696595430 -0.58905703
vn 0 0.910123407 -0.41433737
vn 0 0.910123407 -0.41433737
vn 0 0.910123407 -0.41433737
vn 0 0.903382837 -0.42883512
vn 0.873428165 0.084128305 0.479630768
vn 0.878940820 0.186460509 0.438971012
vn 0.866318583 0.040474414 0.497849404
vn 0 0.899321794 -0.43728754
vn 0.776202082 0.613207459 0.146584510
vn 0.876150012 0.341634243 0.340069055
vn 0.878083407 0.128084316 0.461046576
vn 0.855347693 0.424654722 0.296729773
vn 0.615841209 -0.69715816 0.367028653
vn 0 0.964143514 -0.2653816
vn 0 0.964143514 -0.2653816
vn 0 0.964143514 -0.2653816
vn 0 0.956299364 -0.29238948
vn 0.811331391 0.489656686 0.319339364
vn 0.293560743 0.951967835 -0.08705955
vn 0.861193835 0.018970200 0.507922411
vn 0.714629828 0.674096643 0.186809659
vn 0.754649698 0.620737075 0.212578177
vn 0.865345537 0.300938874 0.400765240
vn 0.718443810 0.67892766 0.151313379
vn -0.06978507 0.157228708 0.985093474
vn -0.14273326 0 -0.98976123
vn -0.99071294 0 0.13596946
vn -0.83688331 0.078025773 0.541791677
vn -0.94963908 0.046662051 0.309851974
vn -0.10651261 0 -0.99431139
vn -0.29098368 0.109797373 0.950406849
vn -0.6305002 0.079023458 0.772155940
vn 0 0.152593791 0.988288998
vn 0.360292047 0.108651138 0.926490426
vn 0 0.121036782 0.992648124
vn 0 0.093476846 0.995621502
vn 0.240298703 -0.00032101 -0.97069889
vn 0.992348372 -0.00097295 0.123465992
vn 0.518005251 0.066600173 0.852780640
vn 0.591216087 0.048371773 0.805061280
vn 0.120445258 0.077805206 0.989666223
vn -0.24829537 0 -0.96868432
vn -0.98976815 0 0.142684951
vn -0.65078396 0.063248850 0.756623983
vn -0.1904166 0.065534167 0.979513526
vn -0.43724394 0.042946010 0.898316979
vn -0.11853836 0 -0.99294943
vn -0.98284417 0 0.184437751
vn -0.58082676 0.029539091 0.813491046
vn -0.54973251 0.013100578 0.835238039
vn 0 0.068056345 0.997681558
vn 0 0.046632785 0.998912155
vn 0.100515767 0.064622186 0.992834568
vn 0.088291816 0.04376911 0.995132565
vn 0 0.024506485 0.999699711
vn 0.071917668 0.023396728 0.997136116
vn -0.62643409 -0.77784586 -0.05036066
vn -0.45941624 -0.8785665 0.130605608
vn -0.77382284 0 -0.63340223
vn -0.76101965 0 -0.64872873
vn -0.62885922 0.330476313 -0.70379072
vn -0.69452083 0.215989142 -0.68628675
vn -0.55599141 0.411141753 -0.72238219
vn -0.76118249 0 -0.64853764
vn -0.20100151 0.727088868 -0.65646046
vn -0.16570455 0.764808833 -0.62258279
vn -0.42957929 0.557598412 -0.71031386
vn -0.36077845 -0.91345155 0.188269183
vn -0.25716534 -0.92451096 0.281328082
vn -0.71454197 0 -0.69959247
vn -0.69315249 0 -0.72079098
vn -0.23671837 -0.91312647 0.331910431
vn -0.7485885 0 -0.66303486
vn -0.00287745 -0.86206353 0.506792068
vn -0.73336977 0 -0.6798299
vn -0.05816342 -0.88164014 0.468324393
vn -0.74728948 0 -0.66449863
vn -0.73194396 0 -0.68136477
vn -0.02627513 -0.87474793 0.483865261
vn -0.60187936 0 -0.79858702
vn -0.00629808 -0.86472535 0.502205491
vn -0.09930201 -0.92023557 0.378557145
vn -0.17716137 -0.94013584 0.291133344
vn -0.00897673 -0.86568695 0.500505328
vn -0.022306 -0.87168318 0.489561975
vn -0.37856939 -0.91690916 0.126343920
vn -0.64055967 0 -0.76790839
vn -0.6707831 0 -0.7416535
vn 0.627573788 -0.44637516 0.637887299
vn -0.65924299 0.130661934 -0.74049062
vn -0.37934473 0.51537925 -0.76842815
vn -0.69315249 0 -0.72079098
vn -0.37878722 0.460113823 -0.80300397
vn -0.06828308 0.758304953 -0.64831388
vn -0.61834377 0.138992279 -0.77351934
vn -0.28455704 0.573116004 -0.76848263
vn -0.15333594 0.686809420 -0.71047938
vn -0.61183113 0.182470575 -0.76965398
vn 0 0.777007699 -0.62949127
vn 0 0.777007699 -0.62949127
vn 0 0.753774523 -0.6571331
vn -0.18633966 0.735322952 -0.65159625
vn -0.61763412 0.279808312 -0.73500711
vn -0.69108844 0.123126804 -0.71220535
vn 0 0.820168137 -0.57212257
vn -0.53904688 0.351118892 -0.76560038
vn -0.54288179 0.365678161 -0.75601512
vn 0 0.805504560 -0.59258962
vn 0 0.811417818 -0.58446664
vn 0 0.799440860 -0.6007449
vn 0 0.786820769 -0.6171816
vn 0 0.762383461 -0.64712566
vn 0.819103837 0.573625981 0.004701477
vn 0 -0.99982727 -0.0185854
vn 0.056138128 -0.95998698 0.274360328
vn -0.00513974 -0.99969614 -0.02410965
vn 0 0 -1
vn 0.080505028 0 -0.99675417
vn -0.12377753 -0.96773618 -0.21946742
vn -0.02975743 -0.89784706 0.439300864
vn -0.14451426 0 -0.98950267
vn -0.34835851 0 -0.93736136
vn -0.59719664 0 -0.80209482
vn -0.28132507 -0.95933062 0.023260375
vn -0.0362742 -0.89252764 0.449531585
vn -0.47373804 0 -0.88066572
vn -0.5505895 0 -0.83477622
vn 0 -0.85650975 0.516131043
vn 0 0 1
vn 0 0 -1
vn 0.079859696 0 -0.99680609
vn -0.13948517 0 -0.99022412
vn -0.34430844 0 -0.9388566
vn 0 0 -1
vn 0.079859696 0 -0.99680609
vn -0.13948517 0 -0.99022412
vn -0.33739969 0 -0.94136149
vn -0.21354178 0.539421200 -0.81450886
vn -0.26820785 0.487604051 -0.83084702
vn -0.59666693 0 -0.80248904
vn -0.21176516 0.540246605 -0.81442559
vn -0.49309176 0.131776899 -0.85993922
vn 0 0.654036402 -0.75646311
vn -0.46485963 0 -0.88538438
vn -0.20810451 0.342760592 -0.9160828
vn -0.54639113 0 -0.8375302
vn -0.35003057 0.286440759 -0.89186901
vn 0 0.530953884 -0.84740072
vn -0.18442914 0.326275378 -0.92710853
vn -0.32738423 0.011722506 -0.94481856
vn -0.25006044 0.004060969 -0.96822166
vn -0.37927443 0.001029840 -0.92528367
vn -0.11976501 0.006956984 -0.99277782
vn 0 0.009460603 -0.9999553
vn -0.29241785 -0.00929222 -0.95624548
vn -0.39656791 -0.0532041 -0.91646236
vn -0.09369484 -0.39444631 -0.91412979
vn 0 0.337843388 -0.9412024
vn 0 0.009460603 -0.9999553
vn 0 -0.21398903 -0.97683609
vn -0.63789892 0 -0.77012008
vn -0.66863811 0 -0.74358803
vn -0.44953036 0.354832738 -0.81976587
vn -0.49784032 0.279185801 -0.8211031
vn -0.44742593 0.286349594 -0.84723902
vn -0.20615564 0.595420658 -0.77651405
vn 0 0.722808778 -0.69104809
vn 0 0.726927936 -0.6867137
vn 0.896379709 0.420021832 0.141721904
vn 0.411538511 -0.65463817 0.634101748
vn 0.505397141 0 0.862886905
vn 0 0.680416643 -0.73282558
vn 0 0.628487944 -0.77781934
vn 0 0.533333957 -0.84590489
vn 0 0.311719149 -0.95017433
vn 0 0.009460603 -0.9999553
vn 0 -0.30090645 -0.95365369
vn 0 0.680637836 -0.73262012
vn 0.922998309 0.224499717 0.312528282
vn 0 0.628487944 -0.77781934
vn 0 0.527756571 -0.84939575
vn 0.885113239 0.033590652 0.464161723
vn 0.877642810 0.036177258 0.477948129
vn 0.861545145 0.003052887 0.507671773
vn 0.918266177 0.144235566 0.368759185
vn 0.970438718 0.141000643 0.195876315
vn 0 0.009460603 -0.9999553
vn 0.946886420 0.008351146 -0.32145962
vn 0.838110029 -0.2470206 -0.4863666
vn 0.880408406 -0.02668331 0.473464876
vn 0.340198576 0 0.940353632
vn 0.859003126 0 0.511970460
vn -0.24855106 -0.90288776 0.350736439
vn -0.80816174 0 -0.58896071
vn -0.14491333 -0.89537418 0.421076327
vn -0.79769623 0 -0.60305947
vn -0.05986338 -0.87887323 0.473284483
vn -0.72690618 -0.66317672 -0.17833647
vn -0.8072142 0 -0.5902586
vn -0.79657102 0 -0.60454488
vn -0.7855289 0 -0.61882502
vn -0.38470557 0.663977384 -0.64119864
vn -0.13835804 0.823309600 -0.55047095
vn -0.21536332 0.777592301 -0.59073591
vn -0.66314179 0.316137105 -0.67845434
vn -0.48473465 0.553695678 -0.67709196
vn -0.70843619 0.218001827 -0.67126256
vn -0.69102854 0.252225548 -0.67739344
vn -0.63527751 0.330733656 -0.69788074
vn -0.72729009 0.172552943 -0.66428494
vn 0 0.862184166 -0.50659519
vn 0 0.868041157 -0.49649233
vn 0 0.873523712 -0.48678166
vn 0 0.863380253 -0.50455391
vn 0.883954584 0.142269492 0.445402681
vn 0 0.850427746 -0.52609187
vn 0 0.839401602 -0.54351157
vn 0.824043571 0.541837334 0.165422737
vn 0.709413766 0.704721987 -0.00995759
vn 0.820747017 0.556259930 0.130188494
vn 0.871635079 0.059864994 0.486485868
vn 0.862986087 0.016360390 0.504962563
vn 0.537595510 -0.5455901 0.642901599
vn 0 0.826257348 -0.56329292
vn 0.890027046 0.345155447 0.297858148
vn 0 0.811803221 -0.58393115
vn 0.897970080 0.212426111 0.385389268
vn 0.881125211 0.084039084 0.465355694
vn 0.902548313 0.275580197 0.330850720
vn 0.895429015 0.153934001 0.417745381
vn 0.906965255 0.239696472 0.346351981
vn -0.40710902 0.002894289 0.913374960
vn -0.22005872 0 -0.97548664
vn -0.98581827 0 0.167816728
vn -0.21480837 -0.00804264 0.976623058
vn -0.5646143 -0.02484135 0.824980974
vn -0.42685369 -0.03915294 0.903472781
vn -0.0542936 0 -0.99852496
vn -0.98968071 0 0.143290147
vn -0.24178724 -0.05383322 0.968834817
vn -0.63328081 -0.06403562 0.771268308
vn 0 0.002899246 0.999995827
vn 0 -0.01947009 0.999810457
vn 0.230750739 0.002302679 0.973010182
vn 0.235258400 -0.01617852 0.971798241
vn 0 -0.04272471 0.999086976
vn 0 -0.06729071 0.997733414
vn 0.080616131 -0.04061649 0.995917320
vn 0.078607767 -0.06306992 0.994908511
vn -0.03267957 0 -0.99946588
vn -0.49663234 -0.08572496 0.863717317
vn -0.18765165 0 -0.98223567
vn -0.99344301 0 0.114328831
vn -0.30248255 -0.10824565 0.946988582
vn -0.63555276 -0.11738126 0.763082146
vn -0.09419591 -0.19253381 0.976758837
vn -0.58061284 -0.12501578 0.804524540
vn 0 -0.09680211 0.99530375
vn 0.096963167 -0.07661288 0.992334961
vn 0.259993016 0.000258910 -0.96561044
vn 0.993634223 0.000768784 0.112652525
vn 0.524826765 -0.05729635 0.849278509
vn 0 -0.1297906 0.991541445
vn 0 -0.17220794 0.985060691
vn 0.480733007 -0.07715075 0.873466312
vn 0.360570311 -0.12368359 0.924495160
vn -0.76394838 -0.41948447 -0.49032193
vn -0.46488971 -0.75266653 -0.4662303
vn -0.8950085 0 -0.44604906
vn -0.69084227 0.635568559 -0.34465852
vn -0.12647705 0 -0.99196953
vn -0.99142712 0 0.130660340
vn -0.26595062 -0.23468754 0.934982419
vn -0.99754119 0 -0.07008224
vn -0.35458466 -0.31580612 0.880077362
vn -0.22005872 0 -0.97548664
vn -0.99490738 0 0.100793533
vn -0.99210757 0 -0.1253892
vn -0.29504049 -0.38141888 0.876054108
vn -0.98881662 -0.07091255 -0.13119845
vn -0.98561877 -0.16177183 -0.04884255
vn -0.0831368 -0.54997271 0.831034481
vn -0.15909386 -0.77306908 0.614046752
vn 0 -0.22741984 0.973796844
vn 0.421393513 -0.14953579 0.894464373
vn 0 -0.30831632 0.951283931
vn 0.492634952 -0.17931692 0.851561069
vn 0 -0.44805697 0.894005000
vn 0 -0.72317529 0.690664649
vn 0.581885397 -0.21434495 0.784516334
vn 0.644425690 -0.28997827 0.707550704
vn -0.05679436 0 -0.99838585
vn -0.99490738 0 0.100793533
vn -0.99245608 0 -0.12260123
vn -0.2397646 -0.8862139 0.396406114
vn -0.95928484 0 -0.28244022
vn -0.92940229 0 -0.36906832
vn -0.03829122 0.034441214 -0.99867302
vn -0.75401717 0.652397632 0.076390400
vn -0.76986146 0.629205346 -0.10683626
vn -0.77848607 0.581650435 -0.23588584
vn -0.79946929 0.513950049 -0.31097308
vn 0.800312936 -0.17432119 0.573682069
vn 0.944708585 0.000992762 0.327909559
vn 0.26311028 0.627698838 -0.73264402
vn 0.860291540 0.076961904 0.503959655
vn -0.42504734 -0.85809934 0.288097351
vn -0.90268457 -0.17726731 -0.39209291
vn 0 -0.98508573 0.172064885
vn -0.91469795 -0.00145985 -0.40413547
vn -0.76622832 -0.53023213 -0.36297122
vn -0.83759618 -0.39403948 -0.37837219
vn 0 -0.99913323 0.041626732
vn 0 -0.99913323 0.041626732
vn -0.82309717 -0.34526339 -0.45089272
vn 0 -0.9924804 -0.12240449
vn -0.90153801 0 -0.43269998
vn 0 -0.99913323 0.041626732
vn -0.49552885 -0.8017832 -0.33405796
vn -0.21025899 -0.9362399 -0.28150669
vn -0.81830972 -0.33835801 -0.46463209
vn -0.91151947 -0.00354477 -0.4112418
vn 0 -0.9851504 -0.17169406
vn -0.84675449 -0.25139219 -0.46883759
vn -0.90027744 -0.01122993 -0.43517175
vn -0.8575018 -0.21841232 -0.46581826
vn 0 -0.97078174 -0.23996407
vn 0 -0.97077471 -0.23999284
vn 0 -0.97078359 -0.23995697
vn 0 -0.96100748 -0.27652234
vn -0.89213645 0 -0.45176604
vn -0.91157973 0 -0.41112331
vn -0.90697253 0 -0.42118973
vn 0.672637045 -0.68218702 0.286671131
vn 0.799122750 -0.49619195 0.339405834
vn 0.647839546 -0.73374999 0.204731151
vn -0.09213939 0.994910717 -0.04078185
vn -0.29012528 0.947130799 -0.13700587
vn -0.89222395 0.006807612 -0.45154187
vn -0.91152406 0.001602486 -0.41124386
vn -0.71468383 0.615477323 -0.33228722
vn 0.849758505 -0.03522672 0.525993824
vn 0 -0.95332509 0.301945835
vn 0.834673345 -0.13616389 0.533647775
vn 0.482147127 -0.81503844 0.321319878
vn 0.655028045 -0.69071054 0.306361049
vn 0.757365346 -0.45306775 0.470241755
vn -0.54942369 -0.66573435 -0.50490725
vn -0.84328204 -0.1389944 -0.51918769
vn -0.42459321 -0.74953759 -0.50785244
vn -0.64026248 -0.54041171 -0.54591125
vn -0.35906309 -0.7590276 -0.54309386
vn -0.75346321 -0.32622525 -0.57085055
vn -0.01853717 -0.92234468 -0.38592315
vn -0.85621506 0 -0.51661944
vn 0 -0.92079282 -0.39005214
vn -0.79128557 -0.2466269 -0.55950177
vn -0.85714722 -0.04064641 -0.51346529
vn 0 -0.93381363 -0.35775995
vn -0.1589431 -0.83649665 -0.52441436
vn -0.34552184 -0.73900533 -0.57834762
vn -0.42005762 -0.66935623 -0.6127919
vn -0.52154678 -0.53340518 -0.66593379
vn 0 -0.8796044 -0.47570598
vn -0.68158573 -0.34062967 -0.6476205
vn 0 -0.88971543 -0.45651549
vn -0.77334541 -0.16399866 -0.61240625
vn -0.66425264 -0.35191566 -0.65948743
vn -0.82815534 0 -0.56049871
vn -0.81824607 0 -0.57486814
vn 0.854931712 -0.4257803 0.296315878
vn 0 -0.89908355 -0.43777716
vn 0.872391045 -0.07985853 0.482241034
vn 0.870308518 -0.05224987 0.489727556
vn 0.875461399 -0.0879854 0.475211501
vn 0.81422472 -0.54356122 0.203909918
vn -0.32057285 -0.77077878 -0.55057532
vn -0.19959015 -0.84492886 -0.49624512
vn -0.28916228 -0.78007025 -0.5548653
vn -0.84803861 0 -0.52993453
vn -0.83811206 0 -0.54549819
vn 0 -0.90939832 -0.41592637
vn 0.873371660 -0.29346004 0.388719797
vn -0.88248819 0 -0.47033459
vn -0.87087208 0 -0.49150962
vn -0.85928684 0 -0.51149392
vn -0.83239561 0.330818384 -0.44460854
vn -0.0055017 0.862023949 0.506837725
vn -0.26695371 0.878587186 0.396005332
vn -0.75881886 0.649708688 -0.04552686
vn -0.33546236 0.887123584 0.316980749
vn -0.40066415 0.874432444 0.273561954
vn -0.84894121 0 -0.52848732
vn -0.83879322 0 -0.54445004
vn -0.0480594 0.862087786 0.504474937
vn -0.15505271 0.880178272 0.448603361
vn -0.50045925 0.839240133 0.212641939
vn 0.859237313 -0.00150059 0.511574864
vn 0 -0.94711542 -0.32089314
vn 0.866203188 -0.05300256 0.496872931
vn 0.824257373 -0.4446969 0.350491762
vn 0.811338067 -0.52102047 0.265081524
vn 0.766067266 -0.60358256 0.220972478
vn 0.690043866 0.496503710 0.526615142
vn -0.24582998 -0.59854698 -0.76243633
vn 0 -0.75792807 -0.65233815
vn -0.6481716 -0.08606492 -0.7566151
vn -0.61940652 -0.13621762 -0.7731626
vn 0 -0.76101172 -0.64873827
vn 0.834808826 -0.55010551 0.021866496
vn -0.56748015 -0.39816999 -0.72071272
vn -0.28585094 -0.66257691 -0.69230121
vn -0.35793903 -0.62212819 -0.69630176
vn -0.64101899 -0.26589245 -0.71999723
vn -0.64962125 -0.28701231 -0.70400012
vn -0.30126825 -0.57065076 -0.76393402
vn -0.40465426 -0.48602566 -0.77461863
vn -0.38259843 -0.52155453 -0.76262647
vn -0.60128468 -0.20584957 -0.77206397
vn -0.11258946 0.893183648 0.435369551
vn -0.71504802 0 -0.69907534
vn -0.69604683 0 -0.71799636
vn -0.14307922 0.896092474 0.420174509
vn -0.08230763 0.881175875 0.465569168
vn -0.09852056 0.886844337 0.451442956
vn -0.56207091 -0.31341118 -0.76540816
vn 0 -0.80707014 -0.59045571
vn -0.47694233 -0.47403848 -0.74014425
vn -0.41649473 -0.51852918 -0.74676609
vn -0.37634385 -0.55183852 -0.74420404
vn -0.42412114 -0.51267785 -0.74651361
vn 0 -0.82172173 -0.56988901
vn 0 -0.78683811 -0.61715961
vn -0.33482814 -0.62098157 -0.7087115
vn -0.74546564 0 -0.66654414
vn -0.73208684 0 -0.68121135
vn -0.50671524 -0.44419092 -0.73887354
vn 0.387637555 0.661132633 0.642371177
vn 0 0 -1
vn 0.079859696 0 -0.99680609
vn -0.13948517 0 -0.99022412
vn -0.34182826 0 -0.93976241
vn 0 0 -1
vn 0.080634117 0 -0.9967438
vn -0.14147142 0 -0.98994237
vn -0.34107685 0 -0.9400354
vn -0.51319456 -0.10184395 -0.85220844
vn -0.5811941 -0.02484125 -0.81338567
vn 0 -0.68110168 -0.73218888
vn -0.26473269 -0.25457218 -0.93011272
vn 0 -0.46154779 -0.88711536
vn -0.2740764 -0.26023388 -0.92582953
vn -0.46919748 0 -0.8830933
vn -0.23247172 -0.40818399 -0.88280392
vn 0 -0.46154779 -0.88711536
vn 0 -0.55391824 -0.83257103
vn -0.05201399 -0.58816653 -0.80706543
vn -0.53584355 0 -0.84431732
vn -0.49367249 -0.12983932 -0.85990065
vn 0 -0.62555063 -0.78018361
vn -0.288149 -0.46575955 -0.83668286
vn -0.56729299 -0.10154245 -0.81723183
vn -0.60287321 0 -0.79783696
vn -0.47098044 0 -0.88214374
vn -0.54285192 0 -0.83982843
vn 0 0.498733133 0.866755604
vn 0 0.981157422 0.193210214
vn 0.024717412 0.954768478 0.296321123
vn -0.08614601 0.995537161 0.038530975
vn -0.02040313 0.874411284 0.484756171
vn -0.01973324 0.867387473 0.497241914
vn -0.03476739 0.869870424 0.492053747
vn -0.51494974 0.844604134 -0.14652863
vn -0.21178663 0.953548908 0.214221432
vn -0.42564875 0.900815606 -0.08575745
vn -0.02063854 0.860339224 0.509303748
vn 0 -0.66129154 -0.7501291
vn 0 -0.46154779 -0.88711536
vn 0 -0.58465677 -0.81128079
vn -0.23003414 -0.57568222 -0.78464919
vn -0.49325764 -0.22001414 -0.8416
vn -0.20952602 -0.59633803 -0.77490634
vn -0.63917804 0 -0.76905888
vn -0.54787582 -0.20935073 -0.80994087
vn -0.60134012 -0.1112238 -0.79121375
vn -0.66562933 0 -0.74628258
vn 0 -0.72027224 -0.69369155
vn 0 -0.66693223 -0.74511838
vn 0.926785290 -0.28136539 0.248802110
vn 0.250090181 -0.50677383 -0.82500619
vn 0.867851257 -0.01065929 0.496709644
vn 0 -0.46154779 -0.88711536
vn 0 -0.59704185 -0.80221015
vn 0.920379221 -0.14663371 0.362492352
vn 0 -0.7248829 -0.68887222
vn 0.873051285 -0.48309872 0.066311545
vn 0.444270759 0.183375746 0.876924574
vn -0.35449395 0.873954892 0.332470685
vn 0.199399396 0.774281501 0.600606441
vn -0.64080369 0 -0.76770484
vn -0.05310801 0.874335825 0.482406973
vn -0.67014295 0 -0.74223214
vn -0.0995433 0.890335559 0.444290101
vn -0.56453753 -0.67433238 -0.47599709
vn 0.676769673 0.372404873 0.635057032
vn 0.561362922 0.509909749 0.651815652
vn -0.77512765 0 -0.63180459
vn -0.76356947 0 -0.64572573
vn -0.78890896 0.096644826 -0.60686272
vn -0.78998852 0.080961585 -0.6077528
vn -0.80861449 0.135016813 -0.57263696
vn -0.79301536 0.044667128 -0.60756201
vn 0 0.849076688 0.528269588
vn -0.79427999 0.049597829 -0.60552394
vn -0.7485885 0 -0.66303486
vn -0.39911407 0.897362947 0.188275426
vn -0.79201877 0.303009152 -0.5299921
vn -0.79382491 0.182625889 -0.58007753
vn 0.899694919 -0.15894504 0.406553238
vn -0.66948748 -0.28861549 -0.68446165
vn -0.7631138 -0.08833062 -0.64019924
vn 0 -0.86434621 -0.50289732
vn -0.73216343 -0.13339832 -0.66793835
vn -0.659931 -0.30458349 -0.68681872
vn 0 -0.85860837 -0.51263207
vn -0.75661671 -0.10570536 -0.64525771
vn -0.73743266 -0.15283659 -0.65790123
vn 0 -0.86434621 -0.50289732
vn 0 -0.85881227 -0.5122906
vn 0.879745721 -0.10359345 0.464021563
vn 0 -0.84799659 -0.5300017
vn 0 -0.83543849 -0.54958397
vn 0.738099753 -0.67449069 0.016462033
vn 0.832418620 -0.53696358 0.136927828
vn 0.680207192 -0.73039126 -0.06202219
vn 0.826448500 -0.5385583 0.164127469
vn 0 -0.80821455 -0.58888823
vn 0.899423837 -0.23135968 0.370822668
vn 0 -0.82269508 -0.56848294
vn 0.870653927 -0.44177151 0.216332405
vn 0.856550335 -0.50511366 0.105744279
vn 0.890211641 -0.12050301 0.439320385
vn 0.877718091 -0.06362027 0.474935084
vn -0.10337863 -0.8281371 -0.55091006
vn -0.14118411 -0.80491865 -0.57634461
vn -0.21626243 -0.77664167 -0.59165734
vn -0.75925761 -0.13136236 -0.63739461
vn 0 -0.87444067 -0.4851324
vn -0.79706603 -0.01974124 -0.60356927
vn -0.79983407 -0.01329092 -0.60007393
vn -0.79543298 0 -0.60604173
vn -0.78601038 0 -0.61821324
vn 0 -0.8693285 -0.49423489
vn 0.547787666 0.523775696 0.652370929
vn -0.80318719 0.046827547 -0.59388345
vn -0.80931789 0 -0.58737093
vn -0.79774928 0 -0.60298938
vn -0.84420663 0.320189148 -0.42987689
vn -0.82828587 0.071833461 -0.55568188
vn -0.65154082 0.757976234 -0.03108903
vn 0.871170043 -0.38776156 0.301170826
s 0
f 406//406 405//405 400//400
f 407//407 400//400 405//405
f 408//408 400//400 407//407
f 401//401 403//403 402//402
f 403//403 401//401 418//418
f 409//409 400//400 408//408
f 401//401 417//417 420//420 418//418
f 449//449 454//454 401//401
f 457//457 411//411 406//406 400//400
f 402//402 448//448 401//401
f 449//449 401//401 448//448
f 403//403 419//419 404//404 402//402
f 402//402 404//404 450//450 448//448
f 1729//1729 1542//1542 1722//1722
f 1729//1729 1721//1721 1532//1532 1542//1542
f 422//422 400//400 409//409
f 423//423 400//400 422//422
f 427//427 400//400 423//423
f 1727//1727 1726//1726 1681//1681
f 1559//1559 1727//1727 1681//1681
f 1559//1559 1681//1681 1722//1722 1560//1560
f 1728//1728 1723//1723 1681//1681 1726//1726
f 419//419 432//432 415//415 404//404
f 404//404 415//415 416//416
f 1722//1722 1698//1698 1729//1729
f 1704//1704 1698//1698 1722//1722 1701//1701
f 1721//1721 1716//1716 1531//1531 1532//1532
f 404//404 416//416 459//459 450//450
f 401//401 436//436 421//421 417//417
f 436//436 401//401 439//439
f 419//419 403//403 418//418
f 419//419 418//418 420//420
f 401//401 400//400 427//427 472//472
f 1690//1690 1713//1713 1712//1712 1721//1721
f 1531//1531 1716//1716 1718//1718
f 1716//1716 1714//1714 1715//1715
f 1712//1712 1714//1714 1716//1716 1721//1721
f 1716//1716 1715//1715 1717//1717 1718//1718
f 1708//1708 1702//1702 1722//1722
f 1711//1711 1706//1706 1722//1722
f 435//435 424//424 425//425
f 424//424 426//426 425//425
f 438//438 417//417 421//421
f 438//438 437//437 424//424 417//417
f 1706//1706 1708//1708 1722//1722
f 429//429 472//472 427//427 428//428
f 1606//1606 1710//1710 1711//1711 1722//1722
f 426//426 424//424 441//441 430//430
f 443//443 431//431 430//430 441//441
f 1606//1606 1709//1709 1710//1710
f 1711//1711 1705//1705 1706//1706
f 1707//1707 1708//1708 1706//1706 1705//1705
f 1700//1700 1702//1702 1708//1708 1707//1707
f 419//419 433//433 432//432
f 417//417 424//424 419//419 420//420
f 424//424 434//434 433//433 419//419
f 435//435 434//434 424//424
f 436//436 437//437 438//438 421//421
f 437//437 440//440 441//441 424//424
f 437//437 436//436 442//442 440//440
f 439//439 447//447 442//442 436//436
f 441//441 440//440 442//442 443//443
f 442//442 444//444 443//443
f 444//444 442//442 445//445
f 442//442 447//447 446//446 445//445
f 471//471 446//446 447//447
f 470//470 471//471 447//447
f 401//401 454//454 452//452
f 452//452 529//529 401//401
f 448//448 450//450 451//451 449//449
f 529//529 533//533 401//401
f 531//531 400//400 401//401 532//532
f 531//531 464//464 457//457 400//400
f 449//449 451//451 455//455 454//454
f 453//453 452//452 454//454 455//455
f 1702//1702 1703//1703 1722//1722
f 1703//1703 1701//1701 1722//1722
f 1697//1697 1704//1704 1701//1701 1699//1699
f 460//460 450//450 459//459
f 461//461 450//450 460//460
f 451//451 450//450 461//461 462//462
f 451//451 462//462 468//468 455//455
f 1699//1699 1693//1693 1697//1697
f 1693//1693 1583//1583 1691//1691
f 1699//1699 1701//1701 1703//1703 1700//1700
f 1700//1700 1703//1703 1702//1702
f 453//453 455//455 466//466 467//467
f 1698//1698 1697//1697 1721//1721 1729//1729
f 1697//1697 1698//1698 1704//1704
f 466//466 455//455 468//468
f 472//472 473//473 439//439 401//401
f 469//469 472//472 429//429
f 479//479 472//472 469//469
f 472//472 476//476 475//475 473//473
f 473//473 474//474 447//447 439//439
f 474//474 473//473 475//475
f 483//483 470//470 447//447 474//474
f 485//485 483//483 474//474
f 474//474 475//475 476//476
f 486//486 485//485 474//474
f 476//476 472//472 477//477
f 477//477 472//472 478//478
f 477//477 478//478 492//492
f 1697//1697 1693//1693 1696//1696 1721//1721
f 480//480 472//472 479//479
f 1696//1696 1690//1690 1721//1721
f 1693//1693 1692//1692 1695//1695
f 481//481 472//472 480//480
f 1696//1696 1693//1693 1695//1695 1694//1694
f 1693//1693 1691//1691 1692//1692
f 482//482 496//496 472//472 481//481
f 1690//1690 1688//1688 1689//1689
f 1688//1688 1690//1690 1696//1696 1694//1694
f 1713//1713 1690//1690 1689//1689
f 1686//1686 1685//1685 1684//1684 1681//1681
f 476//476 490//490 486//486 474//474
f 490//490 488//488 486//486
f 1684//1684 1591//1591 1606//1606 1681//1681
f 1682//1682 1680//1680 1681//1681
f 489//489 488//488 490//490
f 1681//1681 1680//1680 1679//1679
f 491//491 489//489 490//490
f 1679//1679 1678//1678 1681//1681
f 1723//1723 1682//1682 1681//1681
f 477//477 492//492 490//490 476//476
f 494//494 491//491 490//490 492//492
f 492//492 478//478 502//502
f 495//495 494//494 492//492
f 1681//1681 1678//1678 1677//1677
f 1681//1681 1677//1677 1686//1686
f 505//505 495//495 492//492 502//502
f 497//497 496//496 482//482
f 498//498 496//496 497//497
f 1687//1687 1673//1673 1578//1578
f 499//499 496//496 498//498
f 1664//1664 1578//1578 1673//1673
f 1674//1674 1593//1593 1588//1588
f 507//507 561//561 496//496 499//499
f 496//496 500//500 478//478 472//472
f 500//500 496//496 501//501
f 501//501 496//496 512//512
f 500//500 501//501 502//502 478//478
f 512//512 496//496 516//516 514//514
f 1673//1673 1592//1592 1593//1593 1674//1674
f 1671//1671 1667//1667 1674//1674 1588//1588
f 506//506 505//505 502//502
f 1667//1667 1641//1641 1640//1640
f 1667//1667 1671//1671 1669//1669
f 516//516 496//496 561//561
f 516//516 561//561 517//517
f 1669//1669 1644//1644 1641//1641 1667//1667
f 508//508 561//561 507//507
f 509//509 561//561 508//508
f 562//562 561//561 509//509
f 1672//1672 1666//1666 1634//1634
f 1634//1634 1665//1665 1672//1672
f 1672//1672 1360//1360 1666//1666
f 1665//1665 1360//1360 1672//1672
f 1667//1667 1360//1360 1674//1674
f 1667//1667 1640//1640 1634//1634 1666//1666
f 1360//1360 1667//1667 1666//1666
f 512//512 513//513 502//502 501//501
f 513//513 512//512 514//514
f 513//513 514//514 516//516
f 506//506 502//502 513//513 515//515
f 519//519 515//515 513//513
f 513//513 516//516 517//517 522//522
f 517//517 561//561 518//518
f 518//518 526//526 522//522 517//517
f 522//522 520//520 519//519 513//513
f 521//521 520//520 522//522
f 523//523 521//521 522//522 524//524
f 1358//1358 1658//1658 1659//1659 1673//1673
f 1358//1358 1673//1673 1674//1674 1360//1360
f 1673//1673 1657//1657 1664//1664
f 522//522 526//526 527//527 524//524
f 526//526 528//528 527//527
f 1662//1662 1657//1657 1673//1673
f 1659//1659 1662//1662 1673//1673
f 452//452 453//453 530//530 529//529
f 529//529 530//530 536//536 533//533
f 533//533 534//534 532//532 401//401
f 534//534 535//535 532//532
f 535//535 534//534 533//533 536//536
f 535//535 546//546 532//532
f 543//543 540//540 464//464 531//531
f 535//535 536//536 537//537
f 1577//1577 1578//1578 1664//1664 1663//1663
f 530//530 453//453 467//467 538//538
f 1657//1657 1656//1656 1663//1663 1664//1664
f 538//538 541//541 530//530
f 542//542 530//530 541//541
f 536//536 530//530 542//542 544//544
f 1661//1661 1662//1662 1659//1659 1660//1660
f 1658//1658 1660//1660 1659//1659
f 537//537 536//536 544//544 545//545
f 1656//1656 1657//1657 1662//1662 1661//1661
f 546//546 547//547 532//532
f 546//546 535//535 537//537 548//548
f 547//547 550//550 532//532
f 558//558 553//553 543//543 531//531
f 547//547 546//546 548//548 549//549
f 554//554 548//548 537//537 545//545
f 550//550 547//547 549//549 551//551
f 731//731 726//726 558//558 531//531
f 716//716 550//550 551//551 718//718
f 1645//1645 1655//1655 1663//1663 1656//1656
f 548//548 554//554 555//555
f 1655//1655 1574//1574 1577//1577 1663//1663
f 549//549 548//548 555//555 556//556
f 1574//1574 1653//1653 1652//1652
f 1574//1574 1650//1650 1653//1653
f 1648//1648 1655//1655 1649//1649
f 549//549 556//556 559//559 551//551
f 560//560 551//551 559//559
f 1655//1655 1648//1648 1650//1650 1574//1574
f 1655//1655 1629//1629 1649//1649
f 718//718 551//551 560//560 724//724
f 564//564 561//561 562//562
f 1661//1661 1660//1660 1646//1646 1647//1647
f 1658//1658 1345//1345 1646//1646 1660//1660
f 561//561 564//564 566//566 567//567
f 1623//1623 1624//1624 1647//1647 1646//1646
f 1647//1647 1624//1624 1628//1628 1645//1645
f 567//567 605//605 588//588 561//561
f 518//518 561//561 569//569
f 569//569 561//561 575//575
f 569//569 574//574 526//526 518//518
f 526//526 574//574 573//573 528//528
f 574//574 577//577 573//573
f 575//575 561//561 584//584 583//583
f 1645//1645 1656//1656 1661//1661 1647//1647
f 1645//1645 1617//1617 1629//1629 1655//1655
f 1628//1628 1617//1617 1645//1645
f 1640//1640 1643//1643 1634//1634
f 1634//1634 1643//1643 1642//1642
f 1634//1634 1642//1642 1639//1639
f 1638//1638 996//996 1634//1634 1639//1639
f 584//584 561//561 585//585
f 575//575 576//576 574//574 569//569
f 576//576 575//575 583//583
f 574//574 576//576 580//580
f 580//580 578//578 577//577 574//574
f 579//579 578//578 580//580
f 581//581 579//579 580//580
f 576//576 583//583 584//584
f 585//585 561//561 589//589
f 582//582 581//581 580//580 586//586
f 584//584 586//586 580//580 576//576
f 599//599 582//582 586//586
f 585//585 587//587 586//586 584//584
f 588//588 591//591 589//589 561//561
f 589//589 590//590 587//587 585//585
f 591//591 592//592 590//590 589//589
f 591//591 588//588 594//594 593//593
f 594//594 588//588 637//637
f 637//637 588//588 638//638
f 592//592 591//591 593//593
f 592//592 593//593 594//594
f 605//605 567//567 568//568
f 605//605 568//568 595//595
f 605//605 595//595 596//596
f 1624//1624 1622//1622 1625//1625 1628//1628
f 1622//1622 1624//1624 1620//1620
f 1623//1623 1619//1619 1624//1624
f 1619//1619 1618//1618 1620//1620 1624//1624
f 1616//1616 1630//1630 1617//1617
f 1617//1617 1628//1628 1615//1615
f 1617//1617 1615//1615 1616//1616
f 1617//1617 1630//1630 1629//1629
f 600//600 599//599 586//586
f 601//601 600//600 586//586 587//587
f 603//603 601//601 587//587
f 604//604 603//603 587//587
f 1628//1628 1625//1625 1627//1627 1615//1615
f 1606//1606 1591//1591 1592//1592 1673//1673
f 606//606 605//605 596//596
f 607//607 605//605 606//606
f 1673//1673 1687//1687 1709//1709 1606//1606
f 610//610 605//605 607//607
f 611//611 605//605 610//610 612//612
f 1710//1710 1601//1601 1705//1705 1711//1711
f 1709//1709 1601//1601 1710//1710
f 615//615 605//605 611//611
f 1601//1601 1595//1595 1705//1705
f 1595//1595 1586//1586 1594//1594
f 1586//1586 1595//1595 1601//1601 1585//1585
f 605//605 619//619 588//588
f 616//616 605//605 615//615
f 1595//1595 1600//1600 1707//1707 1705//1705
f 1707//1707 1600//1600 1580//1580 1700//1700
f 1595//1595 1598//1598 1597//1597
f 1600//1600 1595//1595 1597//1597 1599//1599
f 1595//1595 1594//1594 1598//1598
f 620//620 605//605 616//616
f 621//621 605//605 620//620
f 1600//1600 1602//1602 1605//1605 1580//1580
f 1600//1600 1596//1596 1602//1602
f 1600//1600 1599//1599 1596//1596
f 1601//1601 1584//1584 1585//1585
f 1699//1699 1579//1579 1583//1583 1693//1693
f 1579//1579 1699//1699 1581//1581
f 1700//1700 1582//1582 1581//1581 1699//1699
f 1700//1700 1580//1580 1582//1582
f 605//605 621//621 624//624 688//688
f 1709//1709 1687//1687 1578//1578 1577//1577
f 1577//1577 1601//1601 1709//1709
f 629//629 604//604 587//587
f 629//629 587//587 590//590 631//631
f 590//590 592//592 634//634 631//631
f 629//629 631//631 630//630
f 1584//1584 1601//1601 1577//1577 1574//1574
f 632//632 630//630 631//631
f 631//631 634//634 633//633 632//632
f 1576//1576 1575//1575 1574//1574 1573//1573
f 1574//1574 1587//1587 1584//1584
f 635//635 633//633 634//634
f 636//636 635//635 634//634
f 594//594 639//639 634//634 592//592
f 641//641 636//636 634//634
f 641//641 634//634 639//639 642//642
f 637//637 638//638 640//640
f 637//637 640//640 639//639 594//594
f 1587//1587 1574//1574 1575//1575
f 1574//1574 1652//1652 1573//1573
f 1572//1572 1555//1555 1556//1556
f 1572//1572 1438//1438 1555//1555
f 639//639 644//644 642//642
f 1572//1572 1541//1541 1551//1551
f 1551//1551 1570//1570 1572//1572
f 1570//1570 1571//1571 1572//1572
f 644//644 639//639 640//640 647//647
f 1571//1571 1568//1568 1572//1572
f 647//647 645//645 644//644
f 646//646 645//645 647//647
f 648//648 646//646 647//647
f 619//619 649//649 638//638 588//588
f 649//649 619//619 650//650
f 650//650 619//619 660//660
f 660//660 619//619 662//662
f 640//640 638//638 651//651
f 649//649 650//650 651//651 638//638
f 619//619 658//658 664//664 662//662
f 1569//1569 1566//1566 1567//1567
f 1498//1498 1503//1503 1569//1569 1567//1567
f 647//647 640//640 651//651 654//654
f 647//647 654//654 655//655 648//648
f 1566//1566 1568//1568 1567//1567
f 1571//1571 1527//1527 1567//1567 1568//1568
f 656//656 655//655 654//654
f 1567//1567 1519//1519 1516//1516
f 657//657 656//656 654//654 671//671
f 619//619 605//605 688//688 658//658
f 659//659 689//689 675//675
f 651//651 650//650 660//660 661//661
f 662//662 663//663 661//661 660//660
f 663//663 662//662 664//664
f 665//665 666//666 663//663 664//664
f 663//663 666//666 667//667
f 668//668 673//673 667//667
f 669//669 670//670 674//674
f 671//671 654//654 651//651 661//661
f 671//671 661//661 663//663 672//672
f 694//694 692//692 657//657 671//671
f 667//667 673//673 672//672 663//663
f 671//671 672//672 699//699 694//694
f 668//668 669//669 674//674 673//673
f 672//672 673//673 703//703 699//699
f 673//673 674//674 704//704 703//703
f 658//658 659//659 665//665 664//664
f 666//666 665//665 659//659
f 668//668 667//667 675//675
f 666//666 659//659 675//675 667//667
f 675//675 971//971 669//669 668//668
f 1436//1436 1498//1498 1567//1567 1516//1516
f 1558//1558 1565//1565 1722//1722
f 688//688 624//624 626//626 627//627
f 1565//1565 1564//1564 1722//1722
f 1557//1557 1558//1558 1722//1722
f 1557//1557 1722//1722 1572//1572 1556//1556
f 1564//1564 1563//1563 1560//1560 1722//1722
f 1543//1543 1572//1572 1722//1722 1542//1542
f 1543//1543 1544//1544 1572//1572
f 1539//1539 1541//1541 1572//1572 1544//1544
f 1550//1550 1551//1551 1541//1541 1540//1540
f 682//682 690//690 681//681
f 1540//1540 1529//1529 1547//1547 1550//1550
f 685//685 690//690 682//682
f 1550//1550 1547//1547 1545//1545
f 1540//1540 1539//1539 1544//1544 1534//1534
f 1532//1532 1543//1543 1542//1542
f 1543//1543 1532//1532 1534//1534 1544//1544
f 1539//1539 1540//1540 1541//1541
f 1540//1540 1530//1530 1529//1529
f 1528//1528 1534//1534 1535//1535
f 628//628 688//688 627//627
f 678//678 688//688 628//628
f 680//680 688//688 678//678
f 690//690 688//688 680//680 681//681
f 659//659 658//658 688//688 689//689
f 688//688 690//690 691//691
f 686//686 691//691 690//690 685//685
f 1283//1283 691//691 686//686 1282//1282
f 1284//1284 691//691 1283//1283
f 689//689 688//688 1297//1297
f 1534//1534 1528//1528 1530//1530 1540//1540
f 1534//1534 1532//1532 1536//1536 1533//1533
f 694//694 696//696 693//693 692//692
f 697//697 696//696 694//694
f 1534//1534 1533//1533 1535//1535
f 1532//1532 1531//1531 1536//1536
f 1570//1570 1524//1524 1527//1527 1571//1571
f 699//699 700//700 697//697 694//694
f 702//702 700//700 699//699
f 1527//1527 1524//1524 1525//1525
f 1522//1522 1521//1521 1525//1525 1524//1524
f 1526//1526 1517//1517 1527//1527 1525//1525
f 702//702 699//699 703//703 705//705
f 703//703 706//706 705//705
f 707//707 706//706 703//703 704//704
f 1524//1524 1570//1570 1551//1551 1550//1550
f 704//704 708//708 707//707
f 1546//1546 1524//1524 1550//1550 1545//1545
f 1524//1524 1520//1520 1522//1522
f 1524//1524 1546//1546 1520//1520
f 1527//1527 1518//1518 1519//1519 1567//1567
f 1518//1518 1527//1527 1517//1517
f 1569//1569 1474//1474 1566//1566
f 1503//1503 1474//1474 1569//1569
f 1503//1503 1504//1504 1502//1502 1474//1474
f 1502//1502 1514//1514 1474//1474
f 996//996 689//689 1297//1297
f 532//532 550//550 716//716 735//735
f 532//532 735//735 734//734 531//531
f 717//717 716//716 718//718 719//719
f 731//731 531//531 734//734 743//743
f 735//735 716//716 717//717
f 719//719 722//722 720//720 717//717
f 735//735 717//717 720//720
f 735//735 720//720 721//721
f 721//721 720//720 722//722 723//723
f 1515//1515 1511//1511 1512//1512
f 1511//1511 1471//1471 1510//1510 1512//1512
f 718//718 724//724 727//727 719//719
f 728//728 719//719 727//727
f 722//722 719//719 728//728 729//729
f 1513//1513 1486//1486 1511//1511 1515//1515
f 1572//1572 1568//1568 1566//1566 1474//1474
f 1509//1509 1438//1438 1572//1572 1506//1506
f 722//722 729//729 732//732 723//723
f 1507//1507 1508//1508 1509//1509
f 733//733 723//723 732//732
f 735//735 721//721 736//736
f 735//735 736//736 737//737
f 739//739 737//737 736//736 738//738
f 736//736 721//721 723//723 738//738
f 739//739 738//738 741//741
f 746//746 743//743 734//734 762//762
f 740//740 739//739 741//741 742//742
f 1505//1505 1506//1506 1572//1572 1473//1473
f 1506//1506 1507//1507 1509//1509
f 738//738 723//723 733//733 744//744
f 1497//1497 1504//1504 1503//1503 1498//1498
f 1497//1497 1496//1496 1504//1504
f 741//741 738//738 744//744 747//747
f 748//748 741//741 747//747
f 749//749 741//741 748//748
f 742//742 741//741 749//749 750//750
f 1491//1491 1502//1502 1504//1504 1496//1496
f 1484//1484 1514//1514 1502//1502 1491//1491
f 1496//1496 1497//1497 1498//1498 1495//1495
f 735//735 737//737 739//739 777//777
f 777//777 739//739 740//740
f 742//742 752//752 751//751 740//740
f 750//750 764//764 752//752 742//742
f 752//752 754//754 753//753 751//751
f 777//777 740//740 751//751
f 777//777 751//751 753//753
f 777//777 753//753 755//755
f 781//781 767//767 762//762 734//734
f 759//759 757//757 756//756 755//755
f 754//754 759//759 755//755 753//753
f 760//760 758//758 757//757 759//759
f 1436//1436 1435//1435 1495//1495 1498//1498
f 1495//1495 1492//1492 1488//1488
f 1495//1495 1435//1435 1494//1494
f 1495//1495 1494//1494 1493//1493 1492//1492
f 764//764 765//765 754//754 752//752
f 1491//1491 1496//1496 1495//1495 1488//1488
f 1491//1491 1488//1488 1487//1487 1484//1484
f 1489//1489 1487//1487 1490//1490
f 759//759 754//754 765//765 769//769
f 759//759 769//769 770//770 771//771
f 760//760 759//759 771//771 772//772
f 1486//1486 1513//1513 1514//1514 1484//1484
f 1481//1481 1486//1486 1484//1484 1482//1482
f 777//777 778//778 734//734 735//735
f 777//777 755//755 756//756
f 758//758 779//779 757//757
f 758//758 773//773 794//794 779//779
f 779//779 794//794 796//796
f 758//758 760//760 774//774 773//773
f 776//776 774//774 760//760 775//775
f 773//773 774//774 776//776 794//794
f 785//785 795//795 776//776
f 796//796 797//797 799//799 779//779
f 757//757 779//779 777//777 756//756
f 778//778 777//777 779//779
f 781//781 734//734 778//778 790//790
f 790//790 778//778 789//789
f 791//791 789//789 778//778
f 792//792 791//791 778//778
f 793//793 792//792 778//778
f 824//824 793//793 778//778
f 1477//1477 1511//1511 1486//1486 1481//1481
f 1477//1477 1475//1475 1463//1463 1511//1511
f 760//760 772//772 783//783
f 784//784 775//775 760//760 783//783
f 775//775 784//784 785//785 776//776
f 786//786 795//795 785//785
f 1484//1484 1487//1487 1489//1489 1483//1483
f 1479//1479 1482//1482 1484//1484 1483//1483
f 1482//1482 1479//1479 1480//1480 1481//1481
f 1477//1477 1481//1481 1480//1480 1476//1476
f 1478//1478 1477//1477 1476//1476
f 1475//1475 1477//1477 1478//1478
f 1474//1474 1473//1473 1572//1572
f 1473//1473 1470//1470 1505//1505
f 1473//1473 1469//1469 1470//1470
f 794//794 776//776 795//795
f 796//796 794//794 795//795
f 796//796 795//795 798//798 797//797
f 798//798 800//800 799//799 797//797
f 779//779 799//799 800//800
f 779//779 800//800 813//813
f 779//779 813//813 814//814
f 779//779 814//814 833//833
f 779//779 833//833 834//834
f 802//802 795//795 786//786 801//801
f 1472//1472 1473//1473 1474//1474
f 1473//1473 1468//1468 1469//1469
f 1473//1473 1467//1467 1468//1468
f 802//802 808//808 798//798 795//795
f 798//798 808//808 807//807 800//800
f 800//800 807//807 810//810
f 802//802 801//801 803//803
f 802//802 803//803 804//804
f 805//805 802//802 804//804
f 1473//1473 1466//1466 1467//1467
f 806//806 808//808 802//802 805//805
f 1512//1512 1474//1474 1515//1515
f 806//806 809//809 807//807 808//808
f 1474//1474 1512//1512 1510//1510
f 1472//1472 1474//1474 1510//1510 1471//1471
f 809//809 811//811 810//810 807//807
f 1471//1471 1459//1459 1472//1472
f 1459//1459 1458//1458 1472//1472
f 1514//1514 1513//1513 1515//1515 1474//1474
f 810//810 815//815 813//813 800//800
f 815//815 820//820 814//814 813//813
f 817//817 815//815 816//816
f 818//818 815//815 810//810 811//811
f 816//816 815//815 818//818 819//819
f 1457//1457 1459//1459 1471//1471 1511//1511
f 829//829 830//830 820//820
f 820//820 815//815 817//817 829//829
f 1511//1511 1463//1463 1451//1451 1457//1457
f 824//824 778//778 779//779 839//839
f 1456//1456 1458//1458 1459//1459 1457//1457
f 1454//1454 1455//1455 1458//1458 1456//1456
f 1455//1455 1472//1472 1458//1458
f 1455//1455 1453//1453 1472//1472
f 1453//1453 1434//1434 1472//1472
f 825//825 824//824 839//839
f 826//826 825//825 839//839
f 1473//1473 1428//1428 1460//1460 1466//1466
f 828//828 827//827 826//826 839//839
f 1452//1452 1453//1453 1455//1455 1454//1454
f 834//834 833//833 835//835
f 835//835 820//820 840//840 841//841
f 834//834 835//835 837//837
f 837//837 845//845 838//838
f 833//833 814//814 820//820 835//835
f 840//840 820//820 830//830
f 834//834 837//837 839//839 779//779
f 839//839 837//837 838//838
f 838//838 836//836 839//839
f 839//839 836//836 858//858
f 839//839 858//858 852//852
f 832//832 828//828 839//839
f 878//878 832//832 839//839
f 879//879 878//878 839//839
f 837//837 835//835 841//841 843//843
f 842//842 845//845 843//843
f 847//847 844//844 849//849
f 837//837 843//843 845//845
f 838//838 845//845 844//844 836//836
f 846//846 845//845 842//842
f 848//848 844//844 845//845 846//846
f 849//849 844//844 848//848
f 844//844 847//847 860//860
f 1434//1434 1433//1433 1472//1472
f 1428//1428 1473//1473 1472//1472 1429//1429
f 1460//1460 1428//1428 1439//1439 1444//1444
f 852//852 853//853 851//851
f 853//853 854//854 855//855 851//851
f 857//857 869//869 867//867
f 854//854 853//853 866//866 865//865
f 854//854 865//865 869//869
f 869//869 857//857 856//856 854//854
f 844//844 859//859 858//858 836//836
f 859//859 844//844 860//860 861//861
f 852//852 858//858 859//859 853//853
f 852//852 851//851 839//839
f 862//862 859//859 861//861
f 1457//1457 1451//1451 1450//1450 1456//1456
f 1449//1449 1456//1456 1450//1450
f 853//853 859//859 862//862 866//866
f 1447//1447 1456//1456 1449//1449 1448//1448
f 1456//1456 1447//1447 1443//1443 1454//1454
f 1454//1454 1443//1443 1441//1441 1452//1452
f 855//855 854//854 909//909
f 868//868 867//867 872//872
f 871//871 870//870 869//869
f 869//869 865//865 871//871
f 1432//1432 1434//1434 1453//1453 1452//1452
f 872//872 867//867 869//869 870//870
f 1431//1431 1433//1433 1434//1434 1432//1432
f 1441//1441 1424//1424 1432//1432 1452//1452
f 1429//1429 1472//1472 1433//1433 1430//1430
f 1430//1430 1427//1427 1429//1429
f 1427//1427 1417//1417 1429//1429
f 1426//1426 1427//1427 1430//1430
f 1426//1426 1430//1430 1433//1433 1431//1431
f 1428//1428 1418//1418 1420//1420 1439//1439
f 1415//1415 1417//1417 1427//1427 1426//1426
f 1424//1424 1425//1425 1432//1432
f 1431//1431 1432//1432 1425//1425 1423//1423
f 1423//1423 1422//1422 1431//1431
f 1431//1431 1422//1422 1419//1419 1426//1426
f 1415//1415 1426//1426 1419//1419 1409//1409
f 1417//1417 1416//1416 1429//1429
f 1416//1416 1413//1413 1429//1429
f 880//880 879//879 839//839
f 1415//1415 1414//1414 1416//1416 1417//1417
f 881//881 880//880 839//839
f 1411//1411 1413//1413 1416//1416 1414//1414
f 909//909 839//839 851//851 855//855
f 887//887 881//881 839//839 909//909
f 1412//1412 1206//1206 1429//1429 1413//1413
f 886//886 887//887 909//909
f 1428//1428 1205//1205 1406//1406 1418//1418
f 885//885 886//886 909//909 883//883
f 889//889 883//883 909//909
f 1411//1411 1410//1410 1412//1412 1413//1413
f 891//891 898//898 890//890
f 890//890 908//908 910//910 891//891
f 912//912 891//891 910//910 911//911
f 893//893 891//891 912//912 892//892
f 893//893 892//892 895//895
f 895//895 894//894 893//893
f 1409//1409 1408//1408 1415//1415
f 898//898 891//891 896//896
f 925//925 896//896 897//897
f 899//899 900//900 897//897 896//896
f 896//896 891//891 893//893 899//899
f 899//899 893//893 894//894 935//935
f 902//902 904//904 905//905
f 902//902 905//905 903//903 901//901
f 903//903 906//906 907//907
f 901//901 903//903 907//907
f 925//925 926//926 961//961
f 926//926 925//925 906//906
f 925//925 897//897 904//904
f 904//904 897//897 900//900 905//905
f 902//902 901//901 925//925
f 901//901 907//907 906//906 925//925
f 904//904 902//902 925//925
f 867//867 910//910 908//908 857//857
f 856//856 857//857 924//924
f 924//924 857//857 908//908
f 856//856 924//924 909//909 854//854
f 913//913 910//910 867//867 868//868
f 910//910 913//913 914//914 911//911
f 1414//1414 1415//1415 1408//1408 1405//1405
f 1411//1411 1414//1414 1405//1405 1404//1404
f 1404//1404 1403//1403 1411//1411
f 1410//1410 1411//1411 1403//1403 1400//1400
f 1394//1394 1278//1278 1398//1398 1397//1397
f 1396//1396 1394//1394 1397//1397
f 890//890 898//898 896//896 925//925
f 890//890 925//925 924//924 908//908
f 1009//1009 924//924 925//925 1008//1008
f 888//888 889//889 909//909 924//924
f 922//922 888//888 924//924
f 920//920 922//922 924//924
f 921//921 920//920 924//924
f 923//923 921//921 924//924 917//917
f 1396//1396 1397//1397 1398//1398 1391//1391
f 1395//1395 1393//1393 1392//1392
f 1394//1394 1396//1396 1395//1395 1392//1392
f 1009//1009 917//917 924//924
f 943//943 927//927 926//926 906//906
f 950//950 928//928 927//927 943//943
f 929//929 928//928 950//950
f 928//928 929//929 930//930 931//931
f 1385//1385 1392//1392 1393//1393 1388//1388
f 968//968 928//928 931//931
f 1722//1722 1681//1681 1606//1606
f 932//932 899//899 935//935
f 900//900 899//899 933//933 934//934
f 899//899 932//932 933//933
f 1391//1391 1387//1387 1388//1388
f 1391//1391 1395//1395 1396//1396
f 1391//1391 1393//1393 1395//1395
f 1388//1388 1393//1393 1391//1391
f 905//905 900//900 945//945 940//940
f 905//905 940//940 936//936 903//903
f 940//940 945//945 939//939
f 940//940 939//939 938//938 941//941
f 1166//1166 1381//1381 1389//1389 1178//1178
f 942//942 936//936 940//940 941//941
f 937//937 936//936 942//942
f 1383//1383 1386//1386 1387//1387 1391//1391
f 1391//1391 1390//1390 1383//1383
f 906//906 903//903 936//936 943//943
f 949//949 943//943 948//948
f 943//943 936//936 937//937 948//948
f 945//945 900//900 934//934 944//944
f 1382//1382 1379//1379 1387//1387 1386//1386
f 1384//1384 1385//1385 1388//1388 1387//1387
f 1379//1379 1384//1384 1387//1387
f 1379//1379 1378//1378 1377//1377 1384//1384
f 1013//1013 1014//1014 972//972 1012//1012
f 953//953 1012//1012 972//972
f 1383//1383 1382//1382 1386//1386
f 1383//1383 1381//1381 1382//1382
f 1381//1381 1383//1383 1390//1390 1389//1389
f 943//943 949//949 950//950
f 1380//1380 1379//1379 1382//1382 1381//1381
f 1373//1373 1379//1379 1380//1380 1374//1374
f 1375//1375 1376//1376 1379//1379
f 1378//1378 1379//1379 1376//1376
f 1373//1373 1375//1375 1379//1379
f 1380//1380 1381//1381 1372//1372 1374//1374
f 957//957 956//956 955//955
f 958//958 960//960 670//670
f 960//960 958//958 959//959
f 957//957 960//960 959//959 956//956
f 955//955 961//961 962//962 957//957
f 961//961 926//926 927//927 962//962
f 961//961 955//955 972//972 925//925
f 972//972 955//955 956//956
f 972//972 956//956 959//959
f 959//959 958//958 972//972
f 670//670 960//960 964//964 674//674
f 964//964 960//960 957//957 963//963
f 704//704 674//674 964//964 980//980
f 980//980 964//964 963//963 977//977
f 957//957 962//962 965//965 963//963
f 962//962 927//927 928//928 965//965
f 977//977 963//963 965//965
f 966//966 967//967 977//977 965//965
f 965//965 928//928 968//968 966//966
f 1372//1372 1381//1381 1371//1371
f 1391//1391 1143//1143 1389//1389 1390//1390
f 670//670 669//669 971//971
f 670//670 971//971 972//972 958//958
f 675//675 689//689 996//996 971//971
f 972//972 971//971 996//996
f 1391//1391 1225//1225 1366//1366
f 1363//1363 1391//1391 1366//1366 1365//1365
f 997//997 1002//1002 972//972 996//996
f 954//954 953//953 972//972
f 974//974 954//954 972//972
f 976//976 974//974 972//972
f 1002//1002 976//976 972//972
f 1361//1361 1391//1391 1363//1363
f 1135//1135 1391//1391 1136//1136
f 1134//1134 1391//1391 1135//1135
f 977//977 986//986 978//978
f 979//979 977//977 978//978
f 1136//1136 1391//1391 1361//1361
f 709//709 708//708 704//704 980//980
f 984//984 709//709 980//980
f 982//982 981//981 980//980
f 981//981 984//984 980//980
f 1143//1143 1391//1391 1134//1134 1142//1142
f 982//982 980//980 977//977 979//979
f 1359//1359 1360//1360 1665//1665
f 1359//1359 1339//1339 1360//1360
f 1339//1339 1338//1338 1360//1360
f 1360//1360 1357//1357 1358//1358
f 1360//1360 1354//1354 1356//1356 1357//1357
f 967//967 986//986 977//977
f 1356//1356 1355//1355 1357//1357
f 1345//1345 1658//1658 1358//1358 1357//1357
f 1354//1354 1343//1343 1355//1355 1356//1356
f 1352//1352 1349//1349 1354//1354
f 1352//1352 1350//1350 1349//1349
f 1351//1351 1349//1349 1350//1350
f 1353//1353 1348//1348 1349//1349 1351//1351
f 1346//1346 1348//1348 1353//1353 1347//1347
f 1003//1003 1001//1001 996//996
f 1004//1004 1003//1003 996//996
f 1005//1005 1004//1004 996//996
f 1636//1636 1635//1635 1005//1005 996//996
f 1637//1637 1636//1636 996//996
f 1638//1638 1637//1637 996//996
f 1355//1355 1344//1344 1345//1345 1357//1357
f 996//996 998//998 997//997
f 999//999 998//998 996//996
f 1343//1343 1344//1344 1355//1355
f 1342//1342 1343//1343 1354//1354 1349//1349
f 1623//1623 1646//1646 1345//1345 1328//1328
f 1344//1344 1327//1327 1328//1328 1345//1345
f 1343//1343 1326//1326 1327//1327 1344//1344
f 1348//1348 1341//1341 1342//1342 1349//1349
f 1342//1342 1316//1316 1326//1326 1343//1343
f 1341//1341 1311//1311 1316//1316 1342//1342
f 1340//1340 1341//1341 1348//1348 1346//1346
f 1000//1000 999//999 996//996
f 1001//1001 1000//1000 996//996
f 1340//1340 1311//1311 1341//1341
f 1340//1340 1335//1335 1306//1306 1311//1311
f 1338//1338 1257//1257 1360//1360
f 1359//1359 1297//1297 1339//1339
f 1010//1010 1008//1008 925//925
f 1352//1352 1354//1354 1360//1360 1257//1257
f 1347//1347 1337//1337 1336//1336 1346//1346
f 1257//1257 1351//1351 1350//1350 1352//1352
f 1014//1014 1010//1010 925//925 972//972
f 1280//1280 1336//1336 1337//1337 1281//1281
f 1347//1347 1353//1353 1351//1351 1257//1257
f 1257//1257 1337//1337 1347//1347
f 1257//1257 1281//1281 1337//1337
f 1034//1034 1041//1041 1022//1022
f 1336//1336 1335//1335 1340//1340 1346//1346
f 1034//1034 1042//1042 1041//1041
f 1269//1269 1335//1335 1336//1336 1280//1280
f 1306//1306 1335//1335 1333//1333
f 1333//1333 1335//1335 1334//1334
f 1335//1335 1331//1331 1332//1332 1334//1334
f 1269//1269 1261//1261 1331//1331 1335//1335
f 1338//1338 1247//1247 1252//1252
f 1252//1252 1253//1253 1257//1257 1338//1338
f 1029//1029 1080//1080 1031//1031 1030//1030
f 1032//1032 1030//1030 1031//1031 1037//1037
f 1634//1634 1297//1297 1359//1359 1665//1665
f 1634//1634 996//996 1297//1297
f 1328//1328 1325//1325 1619//1619 1623//1623
f 1034//1034 1019//1019 1018//1018
f 1034//1034 1020//1020 1019//1019
f 1034//1034 1021//1021 1020//1020
f 1034//1034 1022//1022 1021//1021
f 1035//1035 1085//1085 1078//1078
f 1082//1082 1035//1035 1040//1040 1039//1039
f 1085//1085 1035//1035 1081//1081 1084//1084
f 1081//1081 1035//1035 1082//1082
f 1086//1086 1034//1034 1018//1018 1023//1023
f 1035//1035 1108//1108 1103//1103
f 1037//1037 1031//1031 1080//1080
f 1032//1032 1036//1036 1038//1038 1033//1033
f 1032//1032 1037//1037 1036//1036
f 1082//1082 1039//1039 1036//1036 1037//1037
f 1089//1089 1033//1033 1038//1038 1100//1100
f 1038//1038 1036//1036 1039//1039 1040//1040
f 1040//1040 1102//1102 1100//1100 1038//1038
f 1040//1040 1035//1035 1102//1102
f 1102//1102 1035//1035 1104//1104
f 1104//1104 1035//1035 1103//1103
f 1327//1327 1322//1322 1328//1328
f 1326//1326 1318//1318 1322//1322 1327//1327
f 1325//1325 1328//1328 1324//1324
f 1324//1324 1328//1328 1323//1323
f 1618//1618 1619//1619 1325//1325
f 1044//1044 1062//1062 1060//1060 1043//1043
f 1043//1043 1048//1048 1052//1052 1044//1044
f 1035//1035 1181//1181 1042//1042 1034//1034
f 1322//1322 1321//1321 1323//1323 1328//1328
f 1319//1319 1320//1320 1321//1321 1322//1322
f 1319//1319 1322//1322 1318//1318
f 1318//1318 1326//1326 1317//1317
f 1047//1047 1046//1046 1045//1045 1181//1181
f 1326//1326 1316//1316 1313//1313 1317//1317
f 1042//1042 1181//1181 1045//1045
f 1315//1315 1313//1313 1316//1316 1311//1311
f 1309//1309 1310//1310 1311//1311
f 1257//1257 1391//1391 1398//1398 1399//1399
f 1311//1311 1306//1306 1307//1307 1309//1309
f 1315//1315 1311//1311 1310//1310
f 1051//1051 1052//1052 1050//1050
f 1052//1052 1051//1051 1064//1064
f 1048//1048 1049//1049 1050//1050 1052//1052
f 1052//1052 1053//1053 1044//1044
f 1053//1053 1052//1052 1054//1054
f 1297//1297 1296//1296 1338//1338 1339//1339
f 1338//1338 1251//1251 1249//1249 1247//1247
f 1181//1181 1035//1035 1188//1188
f 1044//1044 1053//1053 1079//1079 1078//1078
f 1079//1079 1053//1053 1054//1054
f 1057//1057 1058//1058 1061//1061
f 1060//1060 1062//1062 1059//1059
f 1059//1059 1062//1062 1061//1061 1058//1058
f 1056//1056 1057//1057 1061//1061 1083//1083
f 1063//1063 1055//1055 1080//1080 1028//1028
f 1085//1085 1056//1056 1083//1083
f 1029//1029 1028//1028 1080//1080
f 1061//1061 1062//1062 1044//1044 1083//1083
f 1054//1054 1052//1052 1067//1067
f 1065//1065 1067//1067 1052//1052 1064//1064
f 1067//1067 1065//1065 1066//1066 1072//1072
f 1070//1070 1069//1069 1071//1071
f 1070//1070 1071//1071 1017//1017
f 1070//1070 1017//1017 1016//1016 1074//1074
f 1068//1068 1069//1069 1070//1070 1073//1073
f 1068//1068 1073//1073 1072//1072 1066//1066
f 1073//1073 1070//1070 1074//1074
f 1054//1054 1067//1067 1075//1075 1079//1079
f 1067//1067 1072//1072 1076//1076 1075//1075
f 1076//1076 1072//1072 1077//1077
f 1072//1072 1073//1073 1074//1074 1077//1077
f 1079//1079 1075//1075 1035//1035 1078//1078
f 1076//1076 1077//1077 1035//1035 1075//1075
f 1188//1188 1035//1035 1077//1077 1187//1187
f 1056//1056 1085//1085 1080//1080 1055//1055
f 1082//1082 1037//1037 1080//1080 1081//1081
f 1084//1084 1081//1081 1080//1080
f 1085//1085 1084//1084 1080//1080
f 1078//1078 1085//1085 1083//1083 1044//1044
f 1296//1296 1250//1250 1251//1251 1338//1338
f 1296//1296 1293//1293 1292//1292
f 1296//1296 1292//1292 1250//1250
f 691//691 1296//1296 1297//1297 688//688
f 1288//1288 691//691 1287//1287
f 1287//1287 691//691 1284//1284
f 1091//1091 1090//1090 1101//1101 1092//1092
f 1296//1296 691//691 1288//1288 1293//1293
f 1279//1279 1280//1280 1281//1281 1399//1399
f 1398//1398 1279//1279 1399//1399
f 1257//1257 1399//1399 1281//1281
f 1279//1279 1398//1398 1278//1278
f 1277//1277 1278//1278 1394//1394
f 1099//1099 1105//1105 1097//1097 1096//1096
f 1108//1108 1035//1035 1106//1106
f 1205//1205 1034//1034 1086//1086 1093//1093
f 1106//1106 1035//1035 1202//1202
f 1090//1090 1089//1089 1100//1100 1101//1101
f 1099//1099 1092//1092 1101//1101 1107//1107
f 1102//1102 1104//1104 1101//1101 1100//1100
f 1104//1104 1103//1103 1101//1101
f 1202//1202 1035//1035 1207//1207
f 1206//1206 1035//1035 1034//1034 1205//1205
f 1105//1105 1099//1099 1107//1107
f 1105//1105 1107//1107 1108//1108 1106//1106
f 1103//1103 1108//1108 1107//1107 1101//1101
f 1276//1276 1279//1279 1278//1278 1277//1277
f 1181//1181 1110//1110 1109//1109
f 1258//1258 1259//1259 1276//1276
f 1276//1276 1274//1274 1258//1258
f 1277//1277 1273//1273 1276//1276
f 1392//1392 1273//1273 1277//1277 1394//1394
f 1392//1392 1270//1270 1273//1273
f 1181//1181 1111//1111 1110//1110
f 1181//1181 1143//1143 1112//1112 1111//1111
f 1233//1233 1270//1270 1392//1392 1385//1385
f 1116//1116 1182//1182 1113//1113 1114//1114
f 1275//1275 1274//1274 1276//1276 1273//1273
f 1273//1273 1272//1272 1275//1275
f 1182//1182 1116//1116 1117//1117
f 1272//1272 1273//1273 1271//1271
f 1270//1270 1271//1271 1273//1273
f 1280//1280 1268//1268 1269//1269
f 1120//1120 1121//1121 1130//1130
f 1267//1267 1268//1268 1280//1280 1279//1279
f 1119//1119 1124//1124 1123//1123
f 1120//1120 1130//1130 1124//1124 1119//1119
f 1264//1264 1261//1261 1269//1269 1268//1268
f 1266//1266 1263//1263 1268//1268 1267//1267
f 1266//1266 1267//1267 1265//1265
f 1267//1267 1279//1279 1262//1262 1265//1265
f 1264//1264 1268//1268 1263//1263
f 1129//1129 1130//1130 1121//1121
f 1128//1128 1130//1130 1129//1129
f 1259//1259 1262//1262 1279//1279 1276//1276
f 1128//1128 1131//1131 1132//1132 1130//1130
f 1126//1126 1133//1133 1132//1132 1131//1131
f 1133//1133 1126//1126 1127//1127
f 1133//1133 1127//1127 1148//1148 1149//1149
f 1257//1257 1253//1253 1254//1254
f 1257//1257 1237//1237 1236//1236 1391//1391
f 1391//1391 1244//1244 1240//1240
f 1391//1391 1226//1226 1225//1225
f 1391//1391 1240//1240 1226//1226
f 1242//1242 1244//1244 1391//1391 1236//1236
f 1257//1257 1254//1254 1237//1237
f 1233//1233 1385//1385 1234//1234
f 1385//1385 1235//1235 1234//1234
f 1235//1235 1385//1385 1384//1384 1231//1231
f 1384//1384 1229//1229 1231//1231
f 1141//1141 1140//1140 1139//1139 1143//1143
f 1230//1230 1229//1229 1384//1384 1377//1377
f 1143//1143 1142//1142 1141//1141
f 1206//1206 1205//1205 1428//1428 1429//1429
f 1143//1143 1139//1139 1112//1112
f 1410//1410 1223//1223 1224//1224 1412//1412
f 1223//1223 1220//1220 1222//1222 1224//1224
f 1148//1148 1146//1146 1149//1149
f 1406//1406 1205//1205 1215//1215 1401//1401
f 1224//1224 1206//1206 1412//1412
f 1150//1150 1151//1151 1143//1143 1181//1181
f 1175//1175 1143//1143 1151//1151 1174//1174
f 1143//1143 1175//1175 1173//1173
f 1147//1147 1170//1170 1149//1149 1146//1146
f 1133//1133 1149//1149 1150//1150 1192//1192
f 1151//1151 1150//1150 1149//1149 1174//1174
f 1143//1143 1178//1178 1389//1389
f 1180//1180 1143//1143 1173//1173 1179//1179
f 1178//1178 1143//1143 1180//1180 1177//1177
f 1153//1153 1154//1154 1157//1157
f 1222//1222 1206//1206 1224//1224
f 1221//1221 1206//1206 1222//1222
f 1157//1157 1154//1154 1156//1156 1160//1160
f 1160//1160 1156//1156 1155//1155
f 1160//1160 1155//1155 1158//1158 1159//1159
f 1220//1220 1219//1219 1221//1221 1222//1222
f 1165//1165 1162//1162 1164//1164
f 1223//1223 1410//1410 1400//1400 1218//1218
f 1166//1166 1163//1163 1370//1370
f 1166//1166 1370//1370 1371//1371 1381//1381
f 1160//1160 1159//1159 1162//1162 1165//1165
f 1164//1164 1163//1163 1166//1166 1165//1165
f 1167//1167 1168//1168 1169//1169
f 1147//1147 1167//1167 1169//1169 1171//1171
f 1152//1152 1172//1172 1169//1169 1168//1168
f 1152//1152 1153//1153 1176//1176 1172//1172
f 1147//1147 1171//1171 1170//1170
f 1174//1174 1149//1149 1170//1170
f 1171//1171 1169//1169 1172//1172
f 1172//1172 1175//1175 1171//1171
f 1175//1175 1172//1172 1173//1173
f 1174//1174 1170//1170 1171//1171 1175//1175
f 1176//1176 1153//1153 1157//1157
f 1160//1160 1180//1180 1176//1176 1157//1157
f 1160//1160 1165//1165 1177//1177 1180//1180
f 1178//1178 1177//1177 1165//1165 1166//1166
f 1172//1172 1176//1176 1179//1179 1173//1173
f 1180//1180 1179//1179 1176//1176
f 1181//1181 1015//1015 1047//1047
f 1181//1181 1109//1109 1015//1015
f 1189//1189 1181//1181 1188//1188 1186//1186
f 1016//1016 1113//1113 1182//1182 1074//1074
f 1182//1182 1117//1117 1122//1122 1185//1185
f 1182//1182 1183//1183 1074//1074
f 1183//1183 1182//1182 1185//1185 1184//1184
f 1122//1122 1123//1123 1124//1124 1185//1185
f 1130//1130 1189//1189 1124//1124
f 1189//1189 1186//1186 1185//1185 1124//1124
f 1074//1074 1183//1183 1184//1184 1187//1187
f 1077//1077 1074//1074 1187//1187
f 1184//1184 1185//1185 1188//1188 1187//1187
f 1188//1188 1185//1185 1186//1186
f 1181//1181 1191//1191 1192//1192
f 1191//1191 1181//1181 1189//1189 1190//1190
f 1192//1192 1150//1150 1181//1181
f 1130//1130 1132//1132 1190//1190 1189//1189
f 1190//1190 1132//1132 1191//1191
f 1133//1133 1192//1192 1191//1191 1132//1132
f 1218//1218 1217//1217 1223//1223
f 1220//1220 1223//1223 1217//1217 1214//1214
f 1219//1219 1220//1220 1214//1214 1213//1213
f 1212//1212 1204//1204 1219//1219 1213//1213
f 1209//1209 1206//1206 1221//1221
f 1204//1204 1209//1209 1221//1221 1219//1219
f 1204//1204 1208//1208 1209//1209
f 1208//1208 1206//1206 1209//1209
f 1206//1206 1208//1208 1207//1207 1035//1035
f 1197//1197 1196//1196 1203//1203 1199//1199
f 1205//1205 1198//1198 1210//1210 1215//1215
f 1203//1203 1207//1207 1208//1208 1204//1204
f 1204//1204 1212//1212 1200//1200
f 1193//1193 1097//1097 1105//1105 1201//1201
f 1094//1094 1194//1194 1205//1205 1093//1093
f 1196//1196 1193//1193 1201//1201 1203//1203
f 1106//1106 1202//1202 1201//1201 1105//1105
f 1202//1202 1207//1207 1203//1203 1201//1201
f 1198//1198 1205//1205 1194//1194
f 1200//1200 1199//1199 1203//1203 1204//1204
f 1211//1211 1195//1195 1200//1200 1212//1212
f 1199//1199 1200//1200 1195//1195
f 1211//1211 1210//1210 1198//1198 1195//1195
f 1195//1195 1198//1198 1194//1194
f 1197//1197 1199//1199 1195//1195
f 1213//1213 1214//1214 1211//1211
f 1212//1212 1213//1213 1211//1211
f 1193//1193 1196//1196 1098//1098
f 1216//1216 1215//1215 1210//1210 1211//1211
f 1216//1216 1211//1211 1214//1214 1217//1217
f 1196//1196 1197//1197 1195//1195 1095//1095
f 1217//1217 1218//1218 1216//1216
f 1094//1094 1095//1095 1195//1195 1194//1194
f 428//428 431//431 443//443 429//429
f 444//444 445//445 429//429 443//443
f 446//446 429//429 445//445
f 469//469 429//429 446//446 471//471
f 469//469 471//471 470//470 479//479
f 484//484 479//479 470//470 483//483
f 479//479 484//484 487//487 480//480
f 482//482 481//481 480//480 487//487
f 482//482 487//487 493//493
f 482//482 493//493 503//503 497//497
f 484//484 483//483 485//485
f 486//486 484//484 485//485
f 484//484 486//486 488//488 487//487
f 487//487 488//488 489//489
f 487//487 489//489 491//491 493//493
f 493//493 491//491 494//494
f 493//493 494//494 495//495 503//503
f 503//503 495//495 505//505
f 498//498 504//504 507//507 499//499
f 497//497 503//503 504//504 498//498
f 503//503 505//505 506//506 504//504
f 515//515 504//504 506//506
f 507//507 504//504 510//510
f 508//508 507//507 510//510 509//509
f 509//509 510//510 511//511
f 504//504 515//515 519//519 510//510
f 521//521 510//510 519//519 520//520
f 511//511 563//563 562//562 509//509
f 521//521 523//523 511//511 510//510
f 525//525 523//523 524//524
f 525//525 511//511 523//523
f 525//525 524//524 527//527
f 511//511 525//525 570//570 563//563
f 525//525 527//527 528//528 570//570
f 573//573 570//570 528//528
f 563//563 565//565 564//564 562//562
f 564//564 565//565 566//566
f 567//567 566//566 565//565 571//571
f 563//563 570//570 571//571 565//565
f 567//567 571//571 572//572 568//568
f 573//573 577//577 571//571 570//570
f 578//578 571//571 577//577
f 571//571 578//578 579//579 572//572
f 579//579 581//581 572//572
f 582//582 572//572 581//581
f 572//572 597//597 595//595 568//568
f 597//597 598//598 596//596 595//595
f 582//582 599//599 597//597 572//572
f 597//597 599//599 600//600 598//598
f 602//602 598//598 600//600 601//601
f 602//602 601//601 603//603
f 607//607 606//606 608//608
f 606//606 596//596 598//598 608//608
f 608//608 609//609 610//610 607//607
f 609//609 612//612 610//610
f 611//611 612//612 609//609 614//614
f 602//602 603//603 604//604 613//613
f 613//613 608//608 598//598 602//602
f 608//608 613//613 614//614 609//609
f 629//629 630//630 613//613 604//604
f 617//617 618//618 616//616 615//615
f 618//618 622//622 620//620 616//616
f 622//622 623//623 621//621 620//620
f 623//623 625//625 624//624 621//621
f 624//624 625//625 626//626
f 627//627 626//626 625//625 628//628
f 632//632 613//613 630//630
f 613//613 632//632 633//633 614//614
f 614//614 633//633 635//635
f 1098//1098 1196//1196 1095//1095
f 1097//1097 1193//1193 1098//1098
f 1098//1098 1096//1096 1097//1097
f 1099//1099 1096//1096 1098//1098 1088//1088
f 614//614 635//635 636//636 617//617
f 636//636 641//641 617//617
f 641//641 643//643 618//618 617//617
f 642//642 643//643 641//641
f 644//644 643//643 642//642
f 618//618 643//643 652//652 622//622
f 645//645 646//646 643//643 644//644
f 643//643 646//646 648//648 652//652
f 622//622 652//652 653//653 623//623
f 648//648 655//655 652//652
f 655//655 656//656 653//653 652//652
f 656//656 657//657 653//653
f 623//623 653//653 676//676 625//625
f 676//676 677//677 628//628 625//625
f 677//677 679//679 678//678 628//628
f 680//680 678//678 679//679 683//683
f 676//676 653//653 657//657 692//692
f 1093//1093 1087//1087 1095//1095 1094//1094
f 1092//1092 1099//1099 1088//1088
f 1091//1091 1092//1092 1088//1088
f 1087//1087 1088//1088 1098//1098 1095//1095
f 1087//1087 1093//1093 1086//1086
f 695//695 698//698 677//677 676//676
f 677//677 698//698 701//701 679//679
f 679//679 701//701 710//710 683//683
f 681//681 680//680 683//683 682//682
f 682//682 683//683 684//684
f 684//684 686//686 685//685 682//682
f 686//686 684//684 687//687
f 686//686 687//687 1285//1285 1282//1282
f 683//683 710//710 711//711 684//684
f 684//684 711//711 712//712 687//687
f 687//687 712//712 1298//1298 1285//1285
f 695//695 676//676 692//692 693//693
f 695//695 693//693 696//696
f 697//697 698//698 695//695 696//696
f 700//700 698//698 697//697
f 702//702 701//701 698//698 700//700
f 701//701 702//702 705//705
f 706//706 710//710 701//701 705//705
f 708//708 713//713 707//707
f 1048//1048 1045//1045 1046//1046 1049//1049
f 706//706 707//707 713//713 710//710
f 1055//1055 1022//1022 1057//1057 1056//1056
f 1059//1059 1058//1058 1041//1041 1060//1060
f 710//710 713//713 714//714 711//711
f 1043//1043 1060//1060 1041//1041
f 1045//1045 1048//1048 1042//1042
f 1043//1043 1041//1041 1042//1042 1048//1048
f 1057//1057 1022//1022 1041//1041 1058//1058
f 1026//1026 1033//1033 1089//1089
f 1089//1089 1090//1090 1026//1026
f 1090//1090 1091//1091 1088//1088 1025//1025
f 1026//1026 1090//1090 1025//1025
f 711//711 714//714 715//715 712//712
f 1029//1029 1026//1026 1027//1027 1028//1028
f 1032//1032 1033//1033 1026//1026 1030//1030
f 712//712 715//715 1302//1302 1298//1298
f 1029//1029 1030//1030 1026//1026
f 1027//1027 1063//1063 1028//1028
f 1024//1024 1025//1025 1088//1088 1087//1087
f 1023//1023 1024//1024 1087//1087 1086//1086
f 1507//1507 1499//1499 1500//1500 1508//1508
f 1027//1027 1022//1022 1055//1055 1063//1063
f 1026//1026 1021//1021 1022//1022 1027//1027
f 1025//1025 1020//1020 1021//1021 1026//1026
f 1024//1024 1019//1019 1020//1020 1025//1025
f 1018//1018 1019//1019 1024//1024 1023//1023
f 1011//1011 1014//1014 1013//1013
f 1011//1011 1007//1007 1010//1010 1014//1014
f 1010//1010 1007//1007 1008//1008
f 1006//1006 1009//1009 1008//1008 1007//1007
f 1009//1009 1006//1006 916//916 917//917
f 1611//1611 995//995 1005//1005 1635//1635
f 1005//1005 995//995 994//994 1004//1004
f 1004//1004 994//994 993//993 1003//1003
f 1003//1003 993//993 989//989 1001//1001
f 1000//1000 1001//1001 989//989
f 1000//1000 989//989 988//988 999//999
f 997//997 998//998 987//987
f 997//997 987//987 975//975 1002//1002
f 999//999 988//988 987//987 998//998
f 992//992 995//995 1611//1611 1607//1607
f 991//991 994//994 995//995 992//992
f 990//990 993//993 994//994 991//991
f 1607//1607 1302//1302 715//715 992//992
f 714//714 991//991 992//992 715//715
f 713//713 990//990 991//991 714//714
f 985//985 989//989 993//993 990//990
f 983//983 988//988 989//989 985//985
f 988//988 983//983 978//978 987//987
f 986//986 970//970 987//987 978//978
f 708//708 985//985 990//990 713//713
f 985//985 708//708 709//709
f 985//985 709//709 984//984 983//983
f 982//982 983//983 981//981
f 979//979 983//983 982//982
f 984//984 981//981 983//983
f 1465//1465 1506//1506 1505//1505 1470//1470
f 1506//1506 1485//1485 1499//1499 1507//1507
f 1506//1506 1465//1465 1485//1485
f 978//978 983//983 979//979
f 1499//1499 1489//1489 1490//1490 1500//1500
f 975//975 976//976 1002//1002
f 976//976 975//975 973//973 974//974
f 970//970 975//975 987//987
f 970//970 969//969 973//973 975//975
f 968//968 969//969 970//970 966//966
f 1478//1478 1465//1465 1463//1463 1475//1475
f 1465//1465 1478//1478 1476//1476 1485//1485
f 1483//1483 1489//1489 1499//1499 1485//1485
f 1483//1483 1485//1485 1480//1480 1479//1479
f 1485//1485 1476//1476 1480//1480
f 615//615 611//611 614//614 617//617
f 969//969 968//968 931//931
f 967//967 970//970 986//986
f 970//970 967//967 966//966
f 817//817 816//816 823//823
f 974//974 973//973 952//952 954//954
f 954//954 952//952 951//951 953//953
f 929//929 952//952 973//973 969//969
f 952//952 929//929 950//950 951//951
f 951//951 950//950 949//949
f 951//951 949//949 948//948
f 1012//1012 947//947 1011//1011 1013//1013
f 946//946 1011//1011 947//947
f 944//944 1007//1007 1011//1011 946//946
f 953//953 951//951 947//947 1012//1012
f 945//945 944//944 946//946 939//939
f 937//937 947//947 951//951 948//948
f 937//937 942//942 947//947
f 941//941 946//946 947//947 942//942
f 946//946 941//941 938//938 939//939
f 944//944 934//934 1007//1007
f 934//934 933//933 1007//1007
f 932//932 1006//1006 1007//1007 933//933
f 932//932 935//935 1006//1006
f 894//894 916//916 1006//1006 935//935
f 931//931 930//930 969//969
f 969//969 930//930 929//929
f 923//923 919//919 921//921
f 919//919 922//922 920//920 921//921
f 922//922 919//919 918//918
f 917//917 916//916 919//919 923//923
f 915//915 919//919 916//916
f 913//913 918//918 919//919 915//915
f 892//892 915//915 916//916 895//895
f 1402//1402 1401//1401 1215//1215 1216//1216
f 1400//1400 1402//1402 1216//1216 1218//1218
f 1403//1403 1402//1402 1400//1400
f 912//912 915//915 892//892
f 1404//1404 1402//1402 1403//1403
f 915//915 911//911 914//914
f 1407//1407 1406//1406 1401//1401 1402//1402
f 1405//1405 1407//1407 1402//1402 1404//1404
f 915//915 914//914 913//913
f 1408//1408 1407//1407 1405//1405
f 1409//1409 1407//1407 1408//1408
f 912//912 911//911 915//915
f 894//894 895//895 916//916
f 883//883 884//884 885//885
f 884//884 886//886 885//885
f 886//886 884//884 882//882 887//887
f 884//884 883//883 889//889 873//873
f 887//887 882//882 877//877 881//881
f 881//881 877//877 876//876 880//880
f 878//878 879//879 880//880 876//876
f 878//878 876//876 875//875
f 1407//1407 1409//1409 1419//1419 1421//1421
f 878//878 875//875 831//831 832//832
f 1418//1418 1406//1406 1407//1407 1421//1421
f 1421//1421 1420//1420 1418//1418
f 1422//1422 1421//1421 1419//1419
f 1423//1423 1421//1421 1422//1422
f 848//848 846//846 876//876
f 1440//1440 1439//1439 1420//1420 1421//1421
f 1421//1421 1442//1442 1440//1440
f 1421//1421 1423//1423 1425//1425 1442//1442
f 846//846 842//842 876//876
f 1424//1424 1442//1442 1425//1425
f 843//843 875//875 876//876 842//842
f 843//843 841//841 875//875
f 875//875 840//840 830//830 831//831
f 841//841 840//840 875//875
f 922//922 918//918 874//874 888//888
f 888//888 874//874 873//873 889//889
f 870//870 871//871 873//873
f 865//865 864//864 873//873 871//871
f 868//868 874//874 918//918 913//913
f 868//868 872//872 874//874
f 870//870 873//873 874//874 872//872
f 1441//1441 1442//1442 1424//1424
f 864//864 884//884 873//873
f 1443//1443 1446//1446 1442//1442 1441//1441
f 863//863 882//882 884//884 864//864
f 1445//1445 1444//1444 1439//1439 1440//1440
f 1442//1442 1446//1446 1445//1445 1440//1440
f 1447//1447 1446//1446 1443//1443
f 865//865 866//866 864//864
f 1448//1448 1446//1446 1447//1447
f 1449//1449 1464//1464 1446//1446 1448//1448
f 862//862 864//864 866//866
f 861//861 863//863 864//864 862//862
f 860//860 863//863 861//861
f 863//863 850//850 877//877 882//882
f 850//850 863//863 847//847 849//849
f 850//850 849//849 848//848
f 860//860 847//847 863//863
f 848//848 876//876 877//877 850//850
f 830//830 829//829 831//831
f 832//832 831//831 823//823 828//828
f 828//828 823//823 822//822 827//827
f 1469//1469 1464//1464 1465//1465 1470//1470
f 1468//1468 1462//1462 1464//1464 1469//1469
f 1467//1467 1461//1461 1462//1462 1468//1468
f 1461//1461 1467//1467 1466//1466 1460//1460
f 831//831 829//829 817//817 823//823
f 1461//1461 1460//1460 1444//1444 1445//1445
f 1446//1446 1462//1462 1461//1461 1445//1445
f 1446//1446 1464//1464 1462//1462
f 1450//1450 1451//1451 1465//1465 1449//1449
f 1449//1449 1465//1465 1464//1464
f 1465//1465 1451//1451 1463//1463
f 819//819 822//822 823//823 816//816
f 824//824 812//812 788//788 793//793
f 812//812 824//824 825//825
f 812//812 825//825 826//826 821//821
f 821//821 826//826 827//827 822//822
f 1373//1373 1368//1368 1375//1375
f 822//822 819//819 818//818 821//821
f 811//811 812//812 821//821 818//818
f 806//806 812//812 811//811 809//809
f 805//805 788//788 812//812 806//806
f 1375//1375 1368//1368 1378//1378 1376//1376
f 803//803 801//801 788//788 804//804
f 801//801 786//786 788//788
f 793//793 788//788 787//787 792//792
f 792//792 787//787 782//782 791//791
f 789//789 780//780 781//781 790//790
f 791//791 782//782 780//780 789//789
f 1378//1378 1368//1368 1369//1369 1377//1377
f 785//785 787//787 788//788 786//786
f 1374//1374 1372//1372 1367//1367
f 783//783 787//787 785//785 784//784
f 783//783 772//772 787//787
f 1374//1374 1367//1367 1368//1368 1373//1373
f 1371//1371 1370//1370 1367//1367 1372//1372
f 1366//1366 1369//1369 1368//1368 1364//1364
f 772//772 771//771 787//787
f 787//787 771//771 768//768 782//782
f 770//770 768//768 771//771
f 770//770 769//769 768//768
f 769//769 765//765 768//768
f 766//766 767//767 781//781 780//780
f 782//782 768//768 766//766 780//780
f 1362//1362 1364//1364 1368//1368 1367//1367
f 1488//1488 1501//1501 1487//1487
f 763//763 768//768 765//765 764//764
f 761//761 762//762 767//767 766//766
f 768//768 763//763 761//761 766//766
f 764//764 750//750 763//763
f 750//750 749//749 763//763
f 1501//1501 1488//1488 1492//1492 1493//1493
f 1494//1494 1435//1435 1437//1437 1493//1493
f 749//749 748//748 761//761 763//763
f 1364//1364 1365//1365 1366//1366
f 1490//1490 1487//1487 1501//1501 1500//1500
f 1437//1437 1501//1501 1493//1493
f 745//745 746//746 762//762 761//761
f 745//745 761//761 748//748 747//747
f 747//747 744//744 745//745
f 744//744 733//733 745//745
f 743//743 746//746 745//745 730//730
f 731//731 743//743 730//730
f 1364//1364 1363//1363 1365//1365
f 1363//1363 1364//1364 1362//1362 1361//1361
f 1016//1016 1017//1017 1015//1015
f 730//730 745//745 733//733 732//732
f 1333//1333 1334//1334 1329//1329
f 1508//1508 1500//1500 1501//1501 1509//1509
f 732//732 729//729 730//730
f 725//725 726//726 731//731 730//730
f 1437//1437 1438//1438 1509//1509 1501//1501
f 729//729 728//728 730//730
f 725//725 730//730 728//728 727//727
f 724//724 557//557 725//725 727//727
f 1334//1334 1332//1332 1329//1329
f 1331//1331 1330//1330 1329//1329 1332//1332
f 1255//1255 1329//1329 1330//1330 1256//1256
f 1320//1320 1305//1305 1323//1323 1321//1321
f 1523//1523 1521//1521 1522//1522
f 1520//1520 1523//1523 1522//1522
f 1548//1548 1523//1523 1520//1520 1546//1546
f 1319//1319 1318//1318 1305//1305 1320//1320
f 1301//1301 1305//1305 1318//1318 1312//1312
f 1312//1312 1317//1317 1313//1313
f 1318//1318 1317//1317 1312//1312
f 1533//1533 1536//1536 1538//1538
f 1314//1314 1312//1312 1313//1313 1315//1315
f 1050//1050 1049//1049 1046//1046 1051//1051
f 1309//1309 1308//1308 1310//1310
f 1531//1531 1718//1718 1724//1724
f 1065//1065 1046//1046 1047//1047 1066//1066
f 1537//1537 1530//1530 1528//1528 1535//1535
f 1537//1537 1549//1549 1529//1529 1530//1530
f 1538//1538 1537//1537 1535//1535 1533//1533
f 1724//1724 1538//1538 1536//1536 1531//1531
f 1727//1727 1559//1559 1538//1538 1724//1724
f 1307//1307 1308//1308 1309//1309
f 1307//1307 1306//1306 1308//1308
f 1310//1310 1308//1308 1314//1314 1315//1315
f 1610//1610 1323//1323 1305//1305
f 1549//1549 1548//1548 1545//1545 1547//1547
f 1300//1300 1304//1304 1305//1305 1301//1301
f 1545//1545 1548//1548 1546//1546
f 1549//1549 1547//1547 1529//1529
f 1299//1299 1303//1303 1304//1304 1300//1300
f 1299//1299 1298//1298 1302//1302 1303//1303
f 1068//1068 1066//1066 1047//1047 1069//1069
f 1071//1071 1069//1069 1047//1047
f 1071//1071 1047//1047 1015//1015 1017//1017
f 1552//1552 1436//1436 1516//1516
f 1517//1517 1553//1553 1519//1519 1518//1518
f 1552//1552 1516//1516 1519//1519 1553//1553
f 1437//1437 1435//1435 1436//1436 1552//1552
f 1548//1548 1561//1561 1554//1554 1523//1523
f 1553//1553 1517//1517 1526//1526
f 1525//1525 1521//1521 1523//1523 1554//1554
f 1525//1525 1554//1554 1553//1553 1526//1526
f 1552//1552 1555//1555 1438//1438 1437//1437
f 1556//1556 1555//1555 1557//1557
f 1557//1557 1555//1555 1552//1552 1553//1553
f 1565//1565 1558//1558 1554//1554 1561//1561
f 1558//1558 1557//1557 1553//1553 1554//1554
f 1559//1559 1560//1560 1537//1537 1538//1538
f 1290//1290 1301//1301 1312//1312 1294//1294
f 1549//1549 1562//1562 1561//1561 1548//1548
f 1560//1560 1562//1562 1549//1549 1537//1537
f 1561//1561 1562//1562 1564//1564 1565//1565
f 1294//1294 1312//1312 1314//1314 1295//1295
f 1563//1563 1562//1562 1560//1560
f 1564//1564 1562//1562 1563//1563
f 1308//1308 1306//1306 1333//1333 1329//1329
f 1314//1314 1308//1308 1291//1291 1295//1295
f 1308//1308 1329//1329 1291//1291
f 1250//1250 1294//1294 1295//1295 1251//1251
f 1293//1293 1290//1290 1294//1294 1292//1292
f 1292//1292 1294//1294 1250//1250
f 1329//1329 1255//1255 1248//1248 1291//1291
f 1251//1251 1295//1295 1291//1291 1248//1248
f 1301//1301 1290//1290 1289//1289 1300//1300
f 1286//1286 1299//1299 1300//1300 1289//1289
f 1286//1286 1285//1285 1298//1298 1299//1299
f 1288//1288 1290//1290 1293//1293
f 1290//1290 1288//1288 1287//1287 1289//1289
f 1284//1284 1286//1286 1289//1289 1287//1287
f 1654//1654 1576//1576 1573//1573
f 1283//1283 1286//1286 1284//1284
f 1285//1285 1286//1286 1283//1283 1282//1282
f 1114//1114 1113//1113 1016//1016 1015//1015
f 1114//1114 1015//1015 1109//1109 1115//1115
f 1110//1110 1118//1118 1115//1115 1109//1109
f 1139//1139 1144//1144 1125//1125 1112//1112
f 1110//1110 1111//1111 1112//1112 1125//1125
f 1110//1110 1125//1125 1118//1118
f 1582//1582 1676//1676 1579//1579 1581//1581
f 1575//1575 1576//1576 1654//1654 1670//1670
f 1115//1115 1122//1122 1117//1117
f 1584//1584 1587//1587 1575//1575 1590//1590
f 1589//1589 1586//1586 1585//1585
f 1590//1590 1589//1589 1585//1585 1584//1584
f 1575//1575 1670//1670 1590//1590
f 1588//1588 1590//1590 1670//1670 1671//1671
f 1593//1593 1590//1590 1588//1588
f 1592//1592 1589//1589 1590//1590 1593//1593
f 1589//1589 1592//1592 1591//1591
f 1116//1116 1114//1114 1115//1115 1117//1117
f 1599//1599 1603//1603 1596//1596
f 1604//1604 1598//1598 1594//1594
f 1274//1274 1275//1275 1246//1246
f 1604//1604 1597//1597 1598//1598
f 1604//1604 1603//1603 1599//1599 1597//1597
f 1120//1120 1115//1115 1118//1118 1121//1121
f 1272//1272 1271//1271 1245//1245
f 1123//1123 1122//1122 1115//1115 1119//1119
f 805//805 804//804 788//788
f 1120//1120 1119//1119 1115//1115
f 1589//1589 1604//1604 1594//1594 1586//1586
f 1127//1127 1126//1126 1125//1125
f 1144//1144 1148//1148 1127//1127 1125//1125
f 1131//1131 1128//1128 1118//1118 1126//1126
f 1603//1603 1580//1580 1605//1605
f 1603//1603 1605//1605 1602//1602 1596//1596
f 1684//1684 1683//1683 1603//1603 1604//1604
f 1591//1591 1684//1684 1604//1604 1589//1589
f 1582//1582 1580//1580 1603//1603 1683//1683
f 1265//1265 1262//1262 1260//1260 1266//1266
f 1582//1582 1683//1683 1676//1676
f 1118//1118 1128//1128 1129//1129 1121//1121
f 1264//1264 1263//1263 1260//1260 1261//1261
f 1302//1302 1607//1607 1608//1608 1303//1303
f 1303//1303 1608//1608 1609//1609 1304//1304
f 1304//1304 1609//1609 1610//1610 1305//1305
f 1607//1607 1611//1611 1612//1612 1608//1608
f 1608//1608 1612//1612 1613//1613 1609//1609
f 1614//1614 1610//1610 1609//1609 1613//1613
f 1263//1263 1266//1266 1260//1260
f 1261//1261 1260//1260 1330//1330 1331//1331
f 1125//1125 1126//1126 1118//1118
f 1262//1262 1259//1259 1260//1260
f 1618//1618 1325//1325 1324//1324 1621//1621
f 1620//1620 1618//1618 1621//1621
f 1621//1621 1324//1324 1323//1323 1610//1610
f 1626//1626 1622//1622 1620//1620 1621//1621
f 1238//1238 1239//1239 1260//1260
f 1258//1258 1238//1238 1260//1260 1259//1259
f 1274//1274 1246//1246 1238//1238 1258//1258
f 1239//1239 1256//1256 1330//1330 1260//1260
f 1625//1625 1622//1622 1626//1626 1627//1627
f 1629//1629 1630//1630 1616//1616 1631//1631
f 1631//1631 1616//1616 1615//1615 1633//1633
f 1621//1621 1632//1632 1633//1633 1626//1626
f 1610//1610 1614//1614 1632//1632 1621//1621
f 1615//1615 1627//1627 1626//1626 1633//1633
f 1253//1253 1255//1255 1256//1256 1254//1254
f 1255//1255 1253//1253 1252//1252
f 1636//1636 1612//1612 1611//1611 1635//1635
f 1612//1612 1636//1636 1637//1637 1613//1613
f 1637//1637 1638//1638 1614//1614 1613//1613
f 1631//1631 1643//1643 1640//1640 1641//1641
f 1642//1642 1643//1643 1633//1633 1632//1632
f 1639//1639 1632//1632 1614//1614 1638//1638
f 1632//1632 1639//1639 1642//1642
f 1643//1643 1631//1631 1633//1633
f 1644//1644 1668//1668 1641//1641
f 1248//1248 1247//1247 1249//1249
f 1255//1255 1252//1252 1247//1247 1248//1248
f 1248//1248 1249//1249 1251//1251
f 1246//1246 1275//1275 1272//1272 1245//1245
f 1271//1271 1270//1270 1245//1245
f 1245//1245 1270//1270 1233//1233 1232//1232
f 1135//1135 1138//1138 1137//1137 1134//1134
f 1649//1649 1651//1651 1648//1648
f 557//557 558//558 726//726 725//725
f 560//560 557//557 724//724
f 559//559 557//557 560//560
f 1650//1650 1648//1648 1651//1651 1653//1653
f 1652//1652 1654//1654 1573//1573
f 552//552 553//553 558//558 557//557
f 1654//1654 1652//1652 1653//1653 1651//1651
f 1629//1629 1631//1631 1651//1651 1649//1649
f 556//556 552//552 557//557 559//559
f 554//554 552//552 555//555
f 555//555 552//552 556//556
f 545//545 552//552 554//554
f 543//543 553//553 552//552 539//539
f 543//543 539//539 540//540
f 545//545 544//544 539//539 552//552
f 542//542 539//539 544//544
f 538//538 465//465 541//541
f 539//539 542//542 541//541 465//465
f 463//463 464//464 540//540 539//539
f 539//539 465//465 463//463
f 1362//1362 1136//1136 1361//1361
f 1153//1153 1145//1145 1137//1137 1154//1154
f 1241//1241 1243//1243 1246//1246 1245//1245
f 1243//1243 1242//1242 1236//1236
f 1241//1241 1245//1245 1232//1232 1228//1228
f 1138//1138 1135//1135 1136//1136 1362//1362
f 1243//1243 1244//1244 1242//1242
f 1244//1244 1243//1243 1241//1241 1240//1240
f 1240//1240 1241//1241 1228//1228 1226//1226
f 1237//1237 1239//1239 1238//1238 1236//1236
f 1651//1651 1668//1668 1670//1670 1654//1654
f 1641//1641 1668//1668 1651//1651 1631//1631
f 1239//1239 1237//1237 1254//1254 1256//1256
f 1236//1236 1238//1238 1246//1246 1243//1243
f 1156//1156 1154//1154 1137//1137
f 1669//1669 1671//1671 1670//1670 1668//1668
f 1668//1668 1644//1644 1669//1669
f 1235//1235 1232//1232 1234//1234
f 1233//1233 1234//1234 1232//1232
f 1144//1144 1139//1139 1140//1140
f 1231//1231 1229//1229 1227//1227
f 1675//1675 1720//1720 1691//1691 1583//1583
f 1675//1675 1583//1583 1579//1579 1676//1676
f 1720//1720 1675//1675 1680//1680 1682//1682
f 1679//1679 1680//1680 1675//1675
f 1675//1675 1678//1678 1679//1679
f 1675//1675 1676//1676 1677//1677 1678//1678
f 1231//1231 1227//1227 1232//1232 1235//1235
f 1369//1369 1230//1230 1377//1377
f 1232//1232 1227//1227 1228//1228
f 1230//1230 1369//1369 1227//1227 1229//1229
f 1683//1683 1685//1685 1686//1686
f 1685//1685 1683//1683 1684//1684
f 1227//1227 1225//1225 1226//1226 1228//1228
f 1369//1369 1366//1366 1225//1225 1227//1227
f 1686//1686 1677//1677 1676//1676 1683//1683
f 1134//1134 1137//1137 1141//1141 1142//1142
f 1141//1141 1145//1145 1144//1144 1140//1140
f 1141//1141 1137//1137 1145//1145
f 1147//1147 1146//1146 1144//1144
f 1691//1691 1720//1720 1692//1692
f 1147//1147 1144//1144 1145//1145 1167//1167
f 1146//1146 1148//1148 1144//1144
f 1152//1152 1168//1168 1167//1167 1145//1145
f 1153//1153 1152//1152 1145//1145
f 1162//1162 1159//1159 1161//1161
f 1155//1155 1156//1156 1137//1137 1158//1158
f 467//467 465//465 538//538
f 466//466 465//465 467//467
f 468//468 458//458 465//465 466//466
f 462//462 458//458 468//468
f 461//461 458//458 462//462
f 456//456 457//457 464//464 463//463
f 465//465 458//458 456//456 463//463
f 1158//1158 1137//1137 1138//1138 1161//1161
f 1158//1158 1161//1161 1159//1159
f 1362//1362 1367//1367 1161//1161 1138//1138
f 1164//1164 1162//1162 1161//1161 1163//1163
f 1163//1163 1161//1161 1367//1367 1370//1370
f 427//427 430//430 431//431 428//428
f 427//427 425//425 426//426 430//430
f 414//414 432//432 433//433 422//422
f 1713//1713 1719//1719 1712//1712
f 1712//1712 1719//1719 1715//1715 1714//1714
f 433//433 434//434 435//435 422//422
f 423//423 435//435 425//425 427//427
f 423//423 422//422 435//435
f 1719//1719 1717//1717 1715//1715
f 1694//1694 1719//1719 1689//1689 1688//1688
f 1720//1720 1719//1719 1694//1694 1695//1695
f 1720//1720 1695//1695 1692//1692
f 409//409 414//414 422//422
f 1689//1689 1719//1719 1713//1713
f 416//416 413//413 459//459
f 1718//1718 1717//1717 1719//1719 1725//1725
f 459//459 413//413 460//460
f 460//460 413//413 458//458 461//461
f 458//458 413//413 412//412
f 1720//1720 1682//1682 1723//1723
f 414//414 413//413 416//416 415//415
f 414//414 415//415 432//432
f 1718//1718 1725//1725 1724//1724
f 1723//1723 1725//1725 1719//1719 1720//1720
f 1728//1728 1725//1725 1723//1723
f 410//410 411//411 457//457 456//456
f 458//458 412//412 410//410 456//456
f 1724//1724 1725//1725 1726//1726 1727//1727
f 408//408 413//413 414//414 409//409
f 1725//1725 1728//1728 1726//1726
f 407//407 412//412 413//413 408//408
f 405//405 406//406 411//411 410//410
f 412//412 407//407 405//405 410//410
f 1064//1064 1051//1051 1046//1046 1065//1065
