# Exported from Nomad Sculpt
o rotarx
usemtl Mesh_1_2
v 0.213731795 0.003861459 0.071721360 0.003921568 0.999999940 0
v 0.213008150 0.001773499 0.078941553 0.003921568 0.999999940 0
v 0.213331967 -0.00655315 0.078588098 0.003921568 0.999999940 0
v 0.213481038 -0.00429472 0.070078238 0.003921568 0.999999940 0
v 0.221525237 -0.00463738 0.062194630 0.003921568 0.999999940 0
v 0.218594253 0.007267328 0.061773635 0.003921568 0.999999940 0
v 0.219169959 0.006519079 0.050618868 0.003921568 0.999999940 0
v 0.219766974 -0.00707933 0.050703845 0.003921568 0.999999940 0
v 0.219702243 0.006221768 0.039591319 0.003921568 0.999999940 0
v 0.219405204 -0.00649297 0.039322748 0.003921568 0.999999940 0
v 0.221002027 -0.00673669 0.028243551 0.003921568 0.999999940 0
v 0.220981031 0.006711659 0.028305294 0.003921568 0.999999940 0
v 0.221781924 -0.00685194 0.017049511 0.003921568 0.999999940 0
v 0.221779242 0.006856719 0.017052128 0.003921568 0.999999940 0
v 0.222075253 -0.00684336 0.005743583 0.003921568 0.999999940 0
v 0.222073689 0.006843759 0.005742732 0.003921568 0.999999940 0
v 0.222079232 -0.00684333 -0.00558919 0.003921568 0.999999940 0
v 0.222077593 0.006843869 -0.00558812 0.003921568 0.999999940 0
v 0.221793904 -0.00685168 -0.01689547 0.003921568 0.999999940 0
v 0.221791446 0.006856259 -0.01689809 0.003921568 0.999999940 0
v 0.221022382 -0.00673703 -0.02809107 0.003921568 0.999999940 0
v 0.221001073 0.006711129 -0.02815279 0.003921568 0.999999940 0
v 0.219729468 0.006221748 -0.03944003 0.003921568 0.999999940 0
v 0.219432622 -0.00649382 -0.03917156 0.003921568 0.999999940 0
v 0.219801351 -0.00707985 -0.05055172 0.003921568 0.999999940 0
v 0.219204649 0.006519306 -0.05046756 0.003921568 0.999999940 0
v 0.221568435 -0.00463801 -0.06204182 0.003921568 0.999999940 0
v 0.218636840 0.007267179 -0.06162275 0.003921568 0.999999940 0
v 0.213781803 0.003861588 -0.07157403 0.003921568 0.999999940 0
v 0.213530153 -0.00429492 -0.06993129 0.003921568 0.999999940 0
v 0.213385775 -0.0065535 -0.07844103 0.003921568 0.999999940 0
v 0.213062629 0.001773509 -0.07879467 0.003921568 0.999999940 0
v 0.215180024 -0.01168664 0.06167778 0.003921568 0.999999940 0
v 0.213297143 -0.01122346 0.068893887 0.003921568 0.999999940 0
v 0.214828833 -0.01128447 0.054742556 0.003921568 0.999999940 0
v 0.215221718 -0.01168724 -0.06152909 0.003921568 0.999999940 0
v 0.214866414 -0.01128456 -0.0545935 0.003921568 0.999999940 0
v 0.213345691 -0.01122537 -0.06874746 0.003921568 0.999999940 0
v 0.206982255 0.012033019 0.073162719 0.003921568 0.999999940 0
v 0.207629904 0.006489547 0.084226645 0.003921568 0.999999940 0
v 0.207126304 0.010715799 0.061317626 0.003921568 0.999999940 0
v 0.205272525 0.007098899 0.049654010 0.003921568 0.999999940 0
v 0.206748500 0.005576429 0.038834050 0.003921568 0.999999940 0
v 0.208281964 0.005333059 0.027838958 0.003921568 0.999999940 0
v 0.209194898 0.005006569 0.016735743 0.003921568 0.999999940 0
v 0.209749922 0.004785519 0.005624468 0.003921568 0.999999940 0
v 0.209753945 0.004785769 -0.00547973 0.003921568 0.999999940 0
v 0.209207251 0.005007898 -0.01659136 0.003921568 0.999999940 0
v 0.208302065 0.005334239 -0.02769472 0.003921568 0.999999940 0
v 0.206775471 0.005577039 -0.03869102 0.003921568 0.999999940 0
v 0.205306768 0.007099336 -0.04951244 0.003921568 0.999999940 0
v 0.207168549 0.010715575 -0.06117481 0.003921568 0.999999940 0
v 0.207032814 0.012033049 -0.07301984 0.003921568 0.999999940 0
v 0.207687974 0.006489547 -0.0840833 0.003921568 0.999999940 0
v 0.206836506 -0.00649934 0.085383124 0.003921568 0.999999940 0
v 0.20455046 0.004016049 0.092495657 0.003921568 0.999999940 0
v 0.204206764 -0.00381284 0.092458218 0.003921568 0.999999940 0
v 0.205199331 -0.00767615 0.049767412 0.003921568 0.999999940 0
v 0.207070082 -0.00590078 0.038632769 0.003921568 0.999999940 0
v 0.208302646 -0.00533665 0.027801007 0.003921568 0.999999940 0
v 0.209192618 -0.00500143 0.016734164 0.003921568 0.999999940 0
v 0.209748819 -0.00478455 0.005624868 0.003921568 0.999999940 0
v 0.209752857 -0.00478483 -0.00548013 0.003921568 0.999999940 0
v 0.209204971 -0.00500287 -0.01658978 0.003921568 0.999999940 0
v 0.208323016 -0.00533828 -0.02765689 0.003921568 0.999999940 0
v 0.207096874 -0.005902 -0.03848957 0.003921568 0.999999940 0
v 0.205233365 -0.00767605 -0.04962558 0.003921568 0.999999940 0
v 0.206895276 -0.00649944 -0.08524024 0.003921568 0.999999940 0
v 0.204614296 0.004016127 -0.09235438 0.003921568 0.999999940 0
v 0.204270511 -0.00381287 -0.09231722 0.003921568 0.999999940 0
v 0.208700612 -0.0133082 0.07231199 0.003921568 0.999999940 0
v 0.205015689 -0.01208416 0.079604670 0.003921568 0.999999940 0
v 0.209023758 -0.01278448 0.061924222 0.003921568 0.999999940 0
v 0.201056167 -0.01189454 0.070839293 0.003921568 0.999999940 0
v 0.203253433 -0.01049052 0.060739669 0.003921568 0.999999940 0
v 0.209720149 -0.01311793 0.053664434 0.003921568 0.999999940 0
v 0.209756508 -0.01311776 -0.05351894 0.003921568 0.999999940 0
v 0.209065020 -0.01278369 -0.0617798 0.003921568 0.999999940 0
v 0.203293800 -0.01048985 -0.06059914 0.003921568 0.999999940 0
v 0.208748981 -0.01330865 -0.07216795 0.003921568 0.999999940 0
v 0.201104238 -0.01189349 -0.07070033 0.003921568 0.999999940 0
v 0.205069914 -0.01208434 -0.07946294 0.003921568 0.999999940 0
v 0.198353707 0.009331747 0.096902571 0.003921568 0.999999940 0
v 0.193666800 0.008066915 0.083708368 0.003921568 0.999999940 0
v 0.196440517 0.005734799 0.072351656 0.003921568 0.999999940 0
v 0.199196592 0.004522237 0.062193043 0.003921568 0.999999940 0
v 0.200920000 0.002583469 0.054788544 0.003921568 0.999999940 0
v 0.199239432 0.004522379 -0.06205555 0.003921568 0.999999940 0
v 0.200957700 0.002583509 -0.05464984 0.003921568 0.999999940 0
v 0.196490466 0.005734907 -0.07221583 0.003921568 0.999999940 0
v 0.193724602 0.008066979 -0.08357462 0.003921568 0.999999940 0
v 0.198421105 0.009331367 -0.09676511 0.003921568 0.999999940 0
v 0.195635885 -0.00674644 0.107006751 0.003921568 0.999999940 0
v 0.195461720 0.006878878 0.106924623 0.003921568 0.999999940 0
v 0.192773729 0.004497839 0.114751972 0.003921568 0.999999940 0
v 0.192700803 -0.00407396 0.114687889 0.003921568 0.999999940 0
v 0.198375910 -0.00879039 0.097355648 0.003921568 0.999999940 0
v 0.194717958 -0.00730667 0.083625413 0.003921568 0.999999940 0
v 0.196290463 -0.00498849 0.071899674 0.003921568 0.999999940 0
v 0.198918685 -0.00431871 0.061866916 0.003921568 0.999999940 0
v 0.200669005 -0.00316209 0.054524730 0.003921568 0.999999940 0
v 0.200706422 -0.00316202 -0.05438586 0.003921568 0.999999940 0
v 0.198961198 -0.00431829 -0.06172955 0.003921568 0.999999940 0
v 0.196340113 -0.00498822 -0.07176394 0.003921568 0.999999940 0
v 0.194775447 -0.00730655 -0.08349092 0.003921568 0.999999940 0
v 0.198442012 -0.00879122 -0.09721957 0.003921568 0.999999940 0
v 0.195707052 -0.00674905 -0.1068733 0.003921568 0.999999940 0
v 0.195536047 0.006879779 -0.10678773 0.003921568 0.999999940 0
v 0.192804992 0.004456919 -0.11458192 0.003921568 0.999999940 0
v 0.192779183 -0.0040741 -0.11455626 0.003921568 0.999999940 0
v 0.199795007 -0.01102774 0.078839920 0.003921568 0.999999940 0
v 0.199848964 -0.01102733 -0.07870153 0.003921568 0.999999940 0
v 0.186665728 0.008870839 0.119294680 0.003921568 0.999999940 0
v 0.183045610 0.008855599 0.105523064 0.003921568 0.999999940 0
v 0.187003389 0.005601509 0.095605872 0.003921568 0.999999940 0
v 0.189796432 0.003101429 0.088508531 0.003921568 0.999999940 0
v 0.187070980 0.005602859 -0.09547471 0.003921568 0.999999940 0
v 0.189857497 0.003101549 -0.08837717 0.003921568 0.999999940 0
v 0.183121889 0.008860909 -0.1053938 0.003921568 0.999999940 0
v 0.186726078 0.008866475 -0.11915005 0.003921568 0.999999940 0
v 0.182862192 -0.00596698 0.128765508 0.003921568 0.999999940 0
v 0.182780534 0.006000347 0.128806456 0.003921568 0.999999940 0
v 0.179224371 0.002711289 0.135155454 0.003921568 0.999999940 0
v 0.179238006 -0.00274486 0.135138496 0.003921568 0.999999940 0
v 0.186850950 -0.00889006 0.119347319 0.003921568 0.999999940 0
v 0.183331906 -0.0080584 0.105721116 0.003921568 0.999999940 0
v 0.187012031 -0.00538277 0.095853664 0.003921568 0.999999940 0
v 0.190082207 -0.00314601 0.088561534 0.003921568 0.999999940 0
v 0.190143361 -0.00314596 -0.08843014 0.003921568 0.999999940 0
v 0.187077939 -0.00538166 -0.09572321 0.003921568 0.999999940 0
v 0.183396488 -0.00805742 -0.1055983 0.003921568 0.999999940 0
v 0.186899840 -0.00890751 -0.11924477 0.003921568 0.999999940 0
v 0.182941734 -0.00600841 -0.1287054 0.003921568 0.999999940 0
v 0.182834550 0.006033998 -0.12868458 0.003921568 0.999999940 0
v 0.179315537 0.002753438 -0.13502549 0.003921568 0.999999940 0
v 0.179296806 -0.00258595 -0.13500692 0.003921568 0.999999940 0
v 0.173423796 0.007673909 0.139520585 0.003921568 0.999999940 0
v 0.170914173 0.009992026 0.126817241 0.003921568 0.999999940 0
v 0.174890548 0.006416059 0.117544844 0.003921568 0.999999940 0
v 0.177988737 0.003731709 0.110548876 0.003921568 0.999999940 0
v 0.174986437 0.006487299 -0.1174381 0.003921568 0.999999940 0
v 0.178070768 0.003740089 -0.11042323 0.003921568 0.999999940 0
v 0.171029895 0.010168149 -0.12680547 0.003921568 0.999999940 0
v 0.173316463 0.007697098 -0.13937208 0.003921568 0.999999940 0
v 0.173264667 -0.00752555 0.139426916 0.003921568 0.999999940 0
v 0.169566750 0.003379849 0.147090122 0.003921568 0.999999940 0
v 0.169479534 -0.00347282 0.147085517 0.003921568 0.999999940 0
v 0.171294942 -0.00907954 0.126991450 0.003921568 0.999999940 0
v 0.174788370 -0.00647263 0.117460958 0.003921568 0.999999940 0
v 0.178266316 -0.00326083 0.110735148 0.003921568 0.999999940 0
v 0.178309574 -0.00328183 -0.11058709 0.003921568 0.999999940 0
v 0.175029397 -0.00623975 -0.11743166 0.003921568 0.999999940 0
v 0.171577081 -0.00840966 -0.12717505 0.003921568 0.999999940 0
v 0.173143401 -0.00699556 -0.13918768 0.003921568 0.999999940 0
v 0.169556304 -0.0032858 -0.14689331 0.003921568 0.999999940 0
v 0.169542074 0.003322779 -0.14689632 0.003921568 0.999999940 0
v 0.162329554 0.007836926 0.151054933 0.003921568 0.999999940 0
v 0.161650687 0.007892789 0.139162555 0.003921568 0.999999940 0
v 0.164053395 0.004925028 0.130572721 0.003921568 0.999999940 0
v 0.161742657 0.008329005 -0.13923879 0.003921568 0.999999940 0
v 0.164214223 0.005077089 -0.13053164 0.003921568 0.999999940 0
v 0.162206441 0.007317178 -0.15087153 0.003921568 0.999999940 0
v 0.162344574 -0.00754333 0.151317805 0.003921568 0.999999940 0
v 0.158628717 0.004230768 0.158742323 0.003921568 0.999999940 0
v 0.158340156 -0.00288966 0.158496469 0.003921568 0.999999940 0
v 0.160805463 -0.01065155 0.138600915 0.003921568 0.999999940 0
v 0.164079487 -0.00498167 0.130582347 0.003921568 0.999999940 0
v 0.164175376 -0.00492223 -0.13048901 0.003921568 0.999999940 0
v 0.161718919 -0.00825566 -0.13916603 0.003921568 0.999999940 0
v 0.162224933 -0.00732468 -0.15084006 0.003921568 0.999999940 0
v 0.158504039 -0.00340846 -0.15839717 0.003921568 0.999999940 0
v 0.158501997 0.003416069 -0.15840496 0.003921568 0.999999940 0
v 0.151094347 0.008764675 0.162679284 0.003921568 0.999999940 0
v 0.150156945 0.009144336 0.150279134 0.003921568 0.999999940 0
v 0.153646305 0.004581667 0.142505109 0.003921568 0.999999940 0
v 0.150736555 0.008014809 -0.15065952 0.003921568 0.999999940 0
v 0.153709486 0.004645219 -0.14244817 0.003921568 0.999999940 0
v 0.150992989 0.007401319 -0.16214134 0.003921568 0.999999940 0
v 0.151087716 -0.00741389 0.162535607 0.003921568 0.999999940 0
v 0.146738201 0.003248529 0.16941984 0.003921568 0.999999940 0
v 0.146894574 -0.00317737 0.169494971 0.003921568 0.999999940 0
v 0.150472641 -0.00792572 0.150714591 0.003921568 0.999999940 0
v 0.153617009 -0.00451047 0.142602130 0.003921568 0.999999940 0
v 0.153745949 -0.00453102 -0.14245307 0.003921568 0.999999940 0
v 0.150762945 -0.00798791 -0.15064353 0.003921568 0.999999940 0
v 0.151002481 -0.00738934 -0.16213639 0.003921568 0.999999940 0
v 0.146988943 -0.00326782 -0.16941711 0.003921568 0.999999940 0
v 0.146994978 0.003273529 -0.1694219 0.003921568 0.999999940 0
v 0.139347508 0.007697779 0.173442900 0.003921568 0.999999940 0
v 0.139054253 0.008301395 0.161774203 0.003921568 0.999999940 0
v 0.142500698 0.004678946 0.153812378 0.003921568 0.999999940 0
v 0.139314189 0.008285089 -0.16160247 0.003921568 0.999999940 0
v 0.142658755 0.004439916 -0.15374126 0.003921568 0.999999940 0
v 0.139518469 0.007678749 -0.17323069 0.003921568 0.999999940 0
v 0.139419227 -0.00764751 0.173330292 0.003921568 0.999999940 0
v 0.135047957 0.002715088 0.179336622 0.003921568 0.999999940 0
v 0.135049998 -0.00271818 0.179335013 0.003921568 0.999999940 0
v 0.139147594 -0.00824486 0.161638543 0.003921568 0.999999940 0
v 0.142554596 -0.00426184 0.153810113 0.003921568 0.999999940 0
v 0.142615765 -0.00455387 -0.15368864 0.003921568 0.999999940 0
v 0.139314979 -0.00837058 -0.16160361 0.003921568 0.999999940 0
v 0.139519900 -0.00768219 -0.173242 0.003921568 0.999999940 0
v 0.135169938 -0.00271934 -0.1792447 0.003921568 0.999999940 0
v 0.135170444 0.002719169 -0.17924421 0.003921568 0.999999940 0
v 0.128656819 0.005942739 0.182859078 0.003921568 0.999999940 0
v 0.126712635 0.010115169 0.171018108 0.003921568 0.999999940 0
v 0.130434677 0.005043039 0.164161548 0.003921568 0.999999940 0
v 0.126868084 0.010104727 -0.17089859 0.003921568 0.999999940 0
v 0.130568057 0.005038749 -0.1640465 0.003921568 0.999999940 0
v 0.128784552 0.005939879 -0.18276919 0.003921568 0.999999940 0
v 0.128659352 -0.00594183 0.182856082 0.003921568 0.999999940 0
v 0.126752600 -0.01010404 0.170984759 0.003921568 0.999999940 0
v 0.130461901 -0.00500777 0.164115577 0.003921568 0.999999940 0
v 0.130574569 -0.00504431 -0.16406271 0.003921568 0.999999940 0
v 0.126865446 -0.01010569 -0.17090723 0.003921568 0.999999940 0
v 0.128783777 -0.00594112 -0.18277112 0.003921568 0.999999940 0
v 0.119105905 0.008737099 0.186785221 0.003921568 0.999999940 0
v 0.117399200 0.006390166 0.174970611 0.003921568 0.999999940 0
v 0.119233131 0.008731339 -0.18670353 0.003921568 0.999999940 0
v 0.117511294 0.006431179 -0.17486264 0.003921568 0.999999940 0
v 0.119103916 -0.00873201 0.186785310 0.003921568 0.999999940 0
v 0.114596508 0.004313767 0.192827999 0.003921568 0.999999940 0
v 0.114595830 -0.004313 0.192827343 0.003921568 0.999999940 0
v 0.117390729 -0.00643412 0.174945071 0.003921568 0.999999940 0
v 0.117519125 -0.00639031 -0.17489019 0.003921568 0.999999940 0
v 0.119233831 -0.00873537 -0.18670492 0.003921568 0.999999940 0
v 0.114729806 -0.00431402 -0.1927487 0.003921568 0.999999940 0
v 0.114728987 0.004312736 -0.1927482 0.003921568 0.999999940 0
v 0.106814347 0.006771687 0.195579737 0.003921568 0.999999940 0
v 0.105373941 0.008757729 0.183145761 0.003921568 0.999999940 0
v 0.110454067 0.003538789 0.178150996 0.003921568 0.999999940 0
v 0.105499409 0.008764769 -0.18307117 0.003921568 0.999999940 0
v 0.110562004 0.003562239 -0.17805405 0.003921568 0.999999940 0
v 0.106947809 0.006771239 -0.19550663 0.003921568 0.999999940 0
v 0.106830954 -0.00678374 0.195561528 0.003921568 0.999999940 0
v 0.105394572 -0.00874248 0.183122098 0.003921568 0.999999940 0
v 0.110438920 -0.00356252 0.178130418 0.003921568 0.999999940 0
v 0.110576868 -0.00353898 -0.17807484 0.003921568 0.999999940 0
v 0.105523228 -0.00873356 -0.18304947 0.003921568 0.999999940 0
v 0.106964752 -0.00678515 -0.19548784 0.003921568 0.999999940 0
v 0.096732065 0.008847205 0.198510125 0.003921568 0.999999940 0
v 0.095490381 0.005500908 0.187083527 0.003921568 0.999999940 0
v 0.096864648 0.008858056 -0.1984355 0.003921568 0.999999940 0
v 0.095611892 0.005496479 -0.18701956 0.003921568 0.999999940 0
v 0.097297713 -0.00884948 0.198282763 0.003921568 0.999999940 0
v 0.092506788 0.004132219 0.204323366 0.003921568 0.999999940 0
v 0.092793397 -0.00428955 0.204192638 0.003921568 0.999999940 0
v 0.095691643 -0.00548732 0.186977893 0.003921568 0.999999940 0
v 0.095812767 -0.00548187 -0.18691297 0.003921568 0.999999940 0
v 0.097431324 -0.00886044 -0.19820742 0.003921568 0.999999940 0
v 0.092935703 -0.00429452 -0.20412785 0.003921568 0.999999940 0
v 0.092649184 0.004139459 -0.2042589 0.003921568 0.999999940 0
v 0.08456444 0.006164446 0.206831038 0.003921568 0.999999940 0
v 0.083442971 0.007908209 0.193819999 0.003921568 0.999999940 0
v 0.088380686 0.003024468 0.189837262 0.003921568 0.999999940 0
v 0.083571337 0.007890638 -0.19375598 0.003921568 0.999999940 0
v 0.088491618 0.003009689 -0.18978469 0.003921568 0.999999940 0
v 0.084718927 0.006184719 -0.20675574 0.003921568 0.999999940 0
v 0.085205055 -0.00603511 0.206984072 0.003921568 0.999999940 0
v 0.084119722 -0.00805951 0.193317145 0.003921568 0.999999940 0
v 0.088453352 -0.00340967 0.189806729 0.003921568 0.999999940 0
v 0.088562794 -0.00339765 -0.18975483 0.003921568 0.999999940 0
v 0.084243692 -0.00805626 -0.19325984 0.003921568 0.999999940 0
v 0.085361979 -0.00604041 -0.20691553 0.003921568 0.999999940 0
v 0.080620057 -0.01239371 0.205218777 0.003921568 0.999999940 0
v 0.080050930 -0.01218561 0.198877349 0.003921568 0.999999940 0
v 0.080762915 -0.01239594 -0.20515622 0.003921568 0.999999940 0
v 0.080182321 -0.01218589 -0.19881594 0.003921568 0.999999940 0
v 0.074014559 0.007782029 0.210137128 0.003921568 0.999999940 0
v 0.072245322 0.005187267 0.196654990 0.003921568 0.999999940 0
v 0.074200354 0.007797629 -0.21004975 0.003921568 0.999999940 0
v 0.072391182 0.005174689 -0.19659972 0.003921568 0.999999940 0
v 0.076630055 -0.00519136 0.212654247 0.003921568 0.999999940 0
v 0.068106651 0.000929519 0.213131383 0.003921568 0.999999940 0
v 0.068309113 -0.00569425 0.213344439 0.003921568 0.999999940 0
v 0.072300009 -0.00526308 0.195175960 0.003921568 0.999999940 0
v 0.072432093 -0.00526422 -0.19512634 0.003921568 0.999999940 0
v 0.076831996 -0.00518628 -0.21260321 0.003921568 0.999999940 0
v 0.068496242 -0.00567787 -0.21328697 0.003921568 0.999999940 0
v 0.068301551 0.000956539 -0.21307181 0.003921568 0.999999940 0
v 0.073341205 -0.01414523 0.208846792 0.003921568 0.999999940 0
v 0.069213494 -0.01157174 0.213455066 0.003921568 0.999999940 0
v 0.072471693 -0.0126484 0.199455872 0.003921568 0.999999940 0
v 0.072609834 -0.01264715 -0.19940488 0.003921568 0.999999940 0
v 0.073497168 -0.01414518 -0.2087869 0.003921568 0.999999940 0
v 0.069376751 -0.01157303 -0.21340816 0.003921568 0.999999940 0
v 0.060999315 0.003925849 0.216644674 0.003921568 0.999999940 0
v 0.061682183 0.009145356 0.207496047 0.003921568 0.999999940 0
v 0.062148597 0.003509698 0.199157387 0.003921568 0.999999940 0
v 0.061833269 0.009142449 -0.20744887 0.003921568 0.999999940 0
v 0.062289487 0.003512239 -0.19911405 0.003921568 0.999999940 0
v 0.061160475 0.003947448 -0.21659997 0.003921568 0.999999940 0
v 0.060215920 -0.00788631 0.216675087 0.003921568 0.999999940 0
v 0.061229463 -0.00684575 0.197389632 0.003921568 0.999999940 0
v 0.061366487 -0.00684515 -0.19734725 0.003921568 0.999999940 0
v 0.060382541 -0.00786343 -0.21664278 0.003921568 0.999999940 0
v 0.063866198 -0.01266914 0.213564083 0.003921568 0.999999940 0
v 0.064674489 -0.01274239 0.207080334 0.003921568 0.999999940 0
v 0.056479703 -0.01315725 0.206331342 0.003921568 0.999999940 0
v 0.065869085 -0.01119591 0.201533719 0.003921568 0.999999940 0
v 0.066007487 -0.01119644 -0.20149022 0.003921568 0.999999940 0
v 0.064817205 -0.01274255 -0.20703644 0.003921568 0.999999940 0
v 0.056618347 -0.0131644 -0.20630386 0.003921568 0.999999940 0
v 0.064016312 -0.01266364 -0.21352701 0.003921568 0.999999940 0
v 0.050874710 0.005429699 0.217793807 0.003921568 0.999999940 0
v 0.050021838 0.006833666 0.205377116 0.003921568 0.999999940 0
v 0.054882489 0.002174089 0.201091215 0.003921568 0.999999940 0
v 0.050166562 0.006838379 -0.20534828 0.003921568 0.999999940 0
v 0.055035963 0.002180169 -0.20104769 0.003921568 0.999999940 0
v 0.051020178 0.005427158 -0.21776102 0.003921568 0.999999940 0
v 0.050138879 -0.00661772 0.217764377 0.003921568 0.999999940 0
v 0.048638586 -0.00764848 0.205248028 0.003921568 0.999999940 0
v 0.054135166 -0.00397168 0.199969455 0.003921568 0.999999940 0
v 0.054283883 -0.00397658 -0.19992569 0.003921568 0.999999940 0
v 0.048786059 -0.00765452 -0.20521842 0.003921568 0.999999940 0
v 0.050294209 -0.00660482 -0.21773644 0.003921568 0.999999940 0
v 0.039622891 0.006429398 0.219407826 0.003921568 0.999999940 0
v 0.038733035 0.005722479 0.206936612 0.003921568 0.999999940 0
v 0.039771501 0.006422027 -0.219385 0.003921568 0.999999940 0
v 0.038878079 0.005726369 -0.20691407 0.003921568 0.999999940 0
v 0.039400845 -0.00650694 0.219402104 0.003921568 0.999999940 0
v 0.038563504 -0.00584046 0.207015857 0.003921568 0.999999940 0
v 0.038710091 -0.00584448 -0.20699327 0.003921568 0.999999940 0
v 0.039552237 -0.00649935 -0.21937898 0.003921568 0.999999940 0
v 0.027693595 0.005328408 0.208322420 0.003921568 0.999999940 0
v 0.028217414 0.006771339 0.220999985 0.003921568 0.999999940 0
v 0.028375964 0.006769379 -0.22098187 0.003921568 0.999999940 0
v 0.02783891 0.005332169 -0.20830567 0.003921568 0.999999940 0
v 0.028186675 -0.00676485 0.221007481 0.003921568 0.999999940 0
v 0.027674272 -0.00533349 0.208328709 0.003921568 0.999999940 0
v 0.027820242 -0.00533785 -0.2083125 0.003921568 0.999999940 0
v 0.028346337 -0.00676227 -0.22098714 0.003921568 0.999999940 0
v 0.016590816 0.004972569 0.209230944 0.003921568 0.999999940 0
v 0.016911791 0.006827739 0.221754074 0.003921568 0.999999940 0
v 0.017078856 0.006826239 -0.22175121 0.003921568 0.999999940 0
v 0.016735093 0.004982709 -0.20922589 0.003921568 0.999999940 0
v 0.016911553 -0.00682776 0.221754074 0.003921568 0.999999940 0
v 0.016590686 -0.00497267 0.209230989 0.003921568 0.999999940 0
v 0.016735967 -0.00498669 -0.20922799 0.003921568 0.999999940 0
v 0.017080178 -0.00682545 -0.22174293 0.003921568 0.999999940 0
v 0.005480228 0.004765586 0.209778428 0.003921568 0.999999940 0
v 0.005596062 0.006862368 0.222099378 0.003921568 0.999999940 0
v 0.005758049 0.006861979 -0.22212046 0.003921568 0.999999940 0
v 0.005625498 0.004787487 -0.20978738 0.003921568 0.999999940 0
v 0.005596031 -0.00686239 0.222099483 0.003921568 0.999999940 0
v 0.005480208 -0.0047656 0.209778428 0.003921568 0.999999940 0
v 0.005626053 -0.00479697 -0.20978959 0.003921568 0.999999940 0
v 0.00576013 -0.00691698 -0.2221763 0.003921568 0.999999940 0
v -0.005618 0.004767939 0.209777742 0.003921568 0.999999940 0
v -0.00574078 0.006866569 0.222098782 0.003921568 0.999999940 0
v -0.00559416 0.006866969 -0.22212955 0.003921568 0.999999940 0
v -0.00547222 0.004793528 -0.20979086 0.003921568 0.999999940 0
v -0.00574081 -0.00686657 0.222098782 0.003921568 0.999999940 0
v -0.00561802 -0.00476801 0.209777802 0.003921568 0.999999940 0
v -0.00547276 -0.00480534 -0.20979057 0.003921568 0.999999940 0
v -0.00559595 -0.00692278 -0.22218622 0.003921568 0.999999940 0
v -0.01673218 0.004998927 0.209193885 0.003921568 0.999999940 0
v -0.01706125 0.006836826 0.221744388 0.003921568 0.999999940 0
v -0.0169226 0.006836369 -0.22176902 0.003921568 0.999999940 0
v -0.01658669 0.005039067 -0.20917851 0.003921568 0.999999940 0
v -0.01706086 -0.00683688 0.221744194 0.003921568 0.999999940 0
v -0.01673196 -0.00499937 0.209193661 0.003921568 0.999999940 0
v -0.0165876 -0.00504371 -0.20918031 0.003921568 0.999999940 0
v -0.01692398 -0.00683601 -0.22176038 0.003921568 0.999999940 0
v -0.02787976 0.005363008 0.208224684 0.003921568 0.999999940 0
v -0.02836603 0.006664109 0.220924198 0.003921568 0.999999940 0
v -0.02822296 0.006657579 -0.22094324 0.003921568 0.999999940 0
v -0.02774017 0.005326869 -0.20830272 0.003921568 0.999999940 0
v -0.0283472 -0.00666238 0.220919206 0.003921568 0.999999940 0
v -0.02786809 -0.00536129 0.208229780 0.003921568 0.999999940 0
v -0.02772934 -0.0053257 -0.20830831 0.003921568 0.999999940 0
v -0.02820522 -0.00665523 -0.22093607 0.003921568 0.999999940 0
v -0.03903296 0.005770569 0.206992790 0.003921568 0.999999940 0
v -0.03972615 0.006249639 0.21957919 0.003921568 0.999999940 0
v -0.03888927 0.005763229 -0.20702842 0.003921568 0.999999940 0
v -0.03957689 0.006246529 -0.21960887 0.003921568 0.999999940 0
v -0.03965995 -0.00631967 0.219532519 0.003921568 0.999999940 0
v -0.03898714 -0.00581031 0.207090094 0.003921568 0.999999940 0
v -0.03884351 -0.00580346 -0.20712511 0.003921568 0.999999940 0
v -0.03951083 -0.00631613 -0.21956193 0.003921568 0.999999940 0
v -0.04980956 0.006275679 0.205335736 0.003921568 0.999999940 0
v -0.05106383 0.005602939 0.217643931 0.003921568 0.999999940 0
v -0.04966525 0.006275808 -0.20537056 0.003921568 0.999999940 0
v -0.05091279 0.005602906 -0.21767938 0.003921568 0.999999940 0
v -0.05101532 -0.00588506 0.217553794 0.003921568 0.999999940 0
v -0.04979196 -0.00656033 0.205509021 0.003921568 0.999999940 0
v -0.04964769 -0.00655984 -0.20554471 0.003921568 0.999999940 0
v -0.05086449 -0.00588496 -0.21758924 0.003921568 0.999999940 0
v -0.06021165 0.008309529 0.204458728 0.003921568 0.999999940 0
v -0.0609623 0.005435409 0.215517804 0.003921568 0.999999940 0
v -0.06006997 0.008309609 -0.20450068 0.003921568 0.999999940 0
v -0.06081303 0.005435679 -0.21555981 0.003921568 0.999999940 0
v -0.0610074 -0.00549559 0.215406835 0.003921568 0.999999940 0
v -0.06006466 -0.01011202 0.203988209 0.003921568 0.999999940 0
v -0.06415758 -0.004269 0.199549466 0.003921568 0.999999940 0
v -0.0643635 0.003470009 0.199964687 0.003921568 0.999999940 0
v -0.05992303 -0.01011213 -0.20403029 0.003921568 0.999999940 0
v -0.06422539 0.003469819 -0.20000914 0.003921568 0.999999940 0
v -0.06401972 -0.00426916 -0.19959383 0.003921568 0.999999940 0
v -0.06085823 -0.00549578 -0.21544896 0.003921568 0.999999940 0
v -0.07308805 0.009017245 0.209448486 0.003921568 0.999999940 0
v -0.06800141 0.002688898 0.213042825 0.003921568 0.999999940 0
v -0.07259296 0.005790507 0.197618469 0.003921568 0.999999940 0
v -0.07245644 0.005790439 -0.19766854 0.003921568 0.999999940 0
v -0.07294345 0.009017396 -0.20949891 0.003921568 0.999999940 0
v -0.06785429 0.002688858 -0.21308973 0.003921568 0.999999940 0
v -0.06819426 -0.00298329 0.213354840 0.003921568 0.999999940 0
v -0.07308125 -0.00839881 0.209238827 0.003921568 0.999999940 0
v -0.07266954 -0.00594916 0.197689890 0.003921568 0.999999940 0
v -0.072533 -0.00594926 -0.19774006 0.003921568 0.999999940 0
v -0.07293653 -0.00839877 -0.20928931 0.003921568 0.999999940 0
v -0.06804693 -0.00298336 -0.21340193 0.003921568 0.999999940 0
v -0.08394825 0.007260919 0.194797307 0.003921568 0.999999940 0
v -0.08422947 0.006518716 0.206436172 0.003921568 0.999999940 0
v -0.08381367 0.007260948 -0.19485524 0.003921568 0.999999940 0
v -0.08408689 0.006518679 -0.20649429 0.003921568 0.999999940 0
v -0.08426268 -0.00648866 0.206433862 0.003921568 0.999999940 0
v -0.08398586 -0.00729926 0.194824025 0.003921568 0.999999940 0
v -0.08877639 -0.00300243 0.189940303 0.003921568 0.999999940 0
v -0.08877315 0.003003589 0.189941898 0.003921568 0.999999940 0
v -0.0838513 -0.00729925 -0.19488201 0.003921568 0.999999940 0
v -0.08864193 0.003003618 -0.19000314 0.003921568 0.999999940 0
v -0.0886452 -0.00300252 -0.19000155 0.003921568 0.999999940 0
v -0.08412013 -0.00648871 -0.20649198 0.003921568 0.999999940 0
v -0.09694187 0.009118977 0.198509275 0.003921568 0.999999940 0
v -0.09272711 0.004381969 0.204195901 0.003921568 0.999999940 0
v -0.09572135 0.005322238 0.187183320 0.003921568 0.999999940 0
v -0.09559204 0.005322346 -0.18724941 0.003921568 0.999999940 0
v -0.096805 0.009118476 -0.1985763 0.003921568 0.999999940 0
v -0.09258607 0.004381909 -0.20425984 0.003921568 0.999999940 0
v -0.09273073 -0.00437594 0.204196140 0.003921568 0.999999940 0
v -0.09695279 -0.00911268 0.198509141 0.003921568 0.999999940 0
v -0.09572487 -0.0053208 0.187180429 0.003921568 0.999999940 0
v -0.0955954 -0.00532079 -0.18724656 0.003921568 0.999999940 0
v -0.09681552 -0.0091131 -0.19857591 0.003921568 0.999999940 0
v -0.09258966 -0.00437594 -0.20426019 0.003921568 0.999999940 0
v -0.10578872 0.007994849 0.183375597 0.003921568 0.999999940 0
v -0.10692292 0.006699726 0.195419997 0.003921568 0.999999940 0
v -0.10565673 0.007994188 -0.18345773 0.003921568 0.999999940 0
v -0.10678826 0.006698939 -0.19549355 0.003921568 0.999999940 0
v -0.10692308 -0.00669893 0.195419848 0.003921568 0.999999940 0
v -0.1057889 -0.00799481 0.183376386 0.003921568 0.999999940 0
v -0.1107519 -0.00342272 0.178237274 0.003921568 0.999999940 0
v -0.11076468 0.003405029 0.178254708 0.003921568 0.999999940 0
v -0.10566106 -0.00799493 -0.18345021 0.003921568 0.999999940 0
v -0.11062613 0.003416338 -0.17831302 0.003921568 0.999999940 0
v -0.11064454 -0.00339665 -0.17832844 0.003921568 0.999999940 0
v -0.10678782 -0.00670065 -0.19549318 0.003921568 0.999999940 0
v -0.11935882 0.008974419 0.186754927 0.003921568 0.999999940 0
v -0.11473887 0.004343109 0.192777812 0.003921568 0.999999940 0
v -0.1176214 0.006214599 0.175096482 0.003921568 0.999999940 0
v -0.1174594 0.006239109 -0.17518625 0.003921568 0.999999940 0
v -0.11920125 0.008920528 -0.1868822 0.003921568 0.999999940 0
v -0.11460596 0.004341437 -0.1928557 0.003921568 0.999999940 0
v -0.11473821 -0.00434149 0.192777022 0.003921568 0.999999940 0
v -0.11935648 -0.00896752 0.186755210 0.003921568 0.999999940 0
v -0.11761419 -0.00624948 0.175076857 0.003921568 0.999999940 0
v -0.11748067 -0.00615628 -0.1751368 0.003921568 0.999999940 0
v -0.11923616 -0.00897375 -0.18683375 0.003921568 0.999999940 0
v -0.1146063 -0.00434442 -0.19285639 0.003921568 0.999999940 0
v -0.12740469 0.008359178 0.171582385 0.003921568 0.999999940 0
v -0.12883222 0.006007087 0.182778403 0.003921568 0.999999940 0
v -0.12701569 0.008925029 -0.17162132 0.003921568 0.999999940 0
v -0.12865652 0.005998767 -0.18295781 0.003921568 0.999999940 0
v -0.12883154 -0.00600416 0.182779103 0.003921568 0.999999940 0
v -0.12739524 -0.00841675 0.171572834 0.003921568 0.999999940 0
v -0.13065098 -0.00510806 0.164065122 0.003921568 0.999999940 0
v -0.13065147 0.005085979 0.164065077 0.003921568 0.999999940 0
v -0.1271427 -0.00830989 -0.1715441 0.003921568 0.999999940 0
v -0.13059282 0.005197688 -0.16429377 0.003921568 0.999999940 0
v -0.13060147 -0.00462099 -0.16422558 0.003921568 0.999999940 0
v -0.12870012 -0.00599584 -0.18286717 0.003921568 0.999999940 0
v -0.13930368 0.007002546 0.173021405 0.003921568 0.999999940 0
v -0.13514735 0.002662099 0.179217502 0.003921568 0.999999940 0
v -0.13934591 0.008343396 0.161677882 0.003921568 0.999999940 0
v -0.13881646 0.009683596 -0.16143025 0.003921568 0.999999940 0
v -0.13927183 0.007471029 -0.17339773 0.003921568 0.999999940 0
v -0.13497825 0.002723559 -0.17929968 0.003921568 0.999999940 0
v -0.13514689 -0.0026626 0.179217532 0.003921568 0.999999940 0
v -0.13931137 -0.00702081 0.173029944 0.003921568 0.999999940 0
v -0.1393514 -0.00836244 0.161675810 0.003921568 0.999999940 0
v -0.14270036 -0.00443301 0.153791934 0.003921568 0.999999940 0
v -0.14269017 0.004445639 0.153789594 0.003921568 0.999999940 0
v -0.1389392 -0.00823162 -0.16158316 0.003921568 0.999999940 0
v -0.14255944 0.004769159 -0.153817 0.003921568 0.999999940 0
v -0.14255518 -0.00418377 -0.15386494 0.003921568 0.999999940 0
v -0.13924739 -0.00690555 -0.17326671 0.003921568 0.999999940 0
v -0.13502848 -0.00262016 -0.17930089 0.003921568 0.999999940 0
v -0.15096667 0.007410529 0.162152841 0.003921568 0.999999940 0
v -0.1469941 0.003269708 0.169423952 0.003921568 0.999999940 0
v -0.15074566 0.008023519 0.150699362 0.003921568 0.999999940 0
v -0.15033394 0.009001025 -0.15048586 0.003921568 0.999999940 0
v -0.15158632 0.009180326 -0.16304293 0.003921568 0.999999940 0
v -0.14700267 0.003648889 -0.16964348 0.003921568 0.999999940 0
v -0.1469949 -0.00327015 0.169423893 0.003921568 0.999999940 0
v -0.15097345 -0.00743017 0.162146821 0.003921568 0.999999940 0
v -0.15076777 -0.00790485 0.150688991 0.003921568 0.999999940 0
v -0.1537507 -0.00452515 0.142460614 0.003921568 0.999999940 0
v -0.15371004 0.004661479 0.142445027 0.003921568 0.999999940 0
v -0.15007797 -0.00871107 -0.15027513 0.003921568 0.999999940 0
v -0.15384053 0.004644749 -0.14277303 0.003921568 0.999999940 0
v -0.15371083 -0.00418223 -0.14261393 0.003921568 0.999999940 0
v -0.1511967 -0.00830589 -0.16275392 0.003921568 0.999999940 0
v -0.1468115 -0.00293604 -0.16946474 0.003921568 0.999999940 0
v -0.16221669 0.007329599 0.150885716 0.003921568 0.999999940 0
v -0.15850514 0.003411629 0.158406347 0.003921568 0.999999940 0
v -0.16174358 0.008341059 0.139241233 0.003921568 0.999999940 0
v -0.16100411 0.010699309 -0.13862012 0.003921568 0.999999940 0
v -0.1624689 0.007682959 -0.15131539 0.003921568 0.999999940 0
v -0.1583806 0.003319269 -0.15849364 0.003921568 0.999999940 0
v -0.15852053 -0.003439 0.158416241 0.003921568 0.999999940 0
v -0.16221352 -0.00732571 0.150842562 0.003921568 0.999999940 0
v -0.1617153 -0.00825517 0.139168515 0.003921568 0.999999940 0
v -0.16417539 -0.00492139 0.130488947 0.003921568 0.999999940 0
v -0.16421334 0.005076997 0.130532503 0.003921568 0.999999940 0
v -0.16106737 -0.00927747 -0.1386296 0.003921568 0.999999940 0
v -0.16408861 0.005269849 -0.13059279 0.003921568 0.999999940 0
v -0.16412604 -0.00458369 -0.13066363 0.003921568 0.999999940 0
v -0.16287753 -0.00941082 -0.15163647 0.003921568 0.999999940 0
v -0.15855618 -0.00371729 -0.15868935 0.003921568 0.999999940 0
v -0.17331859 0.007694168 0.139375224 0.003921568 0.999999940 0
v -0.16954297 0.003313188 0.146895691 0.003921568 0.999999940 0
v -0.17102957 0.010168205 0.126806810 0.003921568 0.999999940 0
v -0.17105183 0.010152949 -0.1267722 0.003921568 0.999999940 0
v -0.17341085 0.007650136 -0.13948943 0.003921568 0.999999940 0
v -0.16950002 0.003486668 -0.14708136 0.003921568 0.999999940 0
v -0.16955748 -0.00329782 0.146892890 0.003921568 0.999999940 0
v -0.17314677 -0.00701291 0.139188960 0.003921568 0.999999940 0
v -0.17157763 -0.00840903 0.127173736 0.003921568 0.999999940 0
v -0.17502967 -0.00623949 0.117431610 0.003921568 0.999999940 0
v -0.17498633 0.006487639 0.117438197 0.003921568 0.999999940 0
v -0.17807078 0.003740469 0.110423252 0.003921568 0.999999940 0
v -0.17830947 -0.00328161 0.110586978 0.003921568 0.999999940 0
v -0.17492351 -0.00620367 -0.11754138 0.003921568 0.999999940 0
v -0.17492461 0.006485479 -0.11753695 0.003921568 0.999999940 0
v -0.17799608 0.003740119 -0.11054344 0.003921568 0.999999940 0
v -0.17823246 -0.00328073 -0.11071104 0.003921568 0.999999940 0
v -0.17143045 -0.00831978 -0.12715916 0.003921568 0.999999940 0
v -0.17321159 -0.00701641 -0.13933481 0.003921568 0.999999940 0
v -0.16957657 -0.00337822 -0.14712039 0.003921568 0.999999940 0
v -0.18283407 0.006034689 0.128685191 0.003921568 0.999999940 0
v -0.17931513 0.002752339 0.135025605 0.003921568 0.999999940 0
v -0.18673541 0.008890236 0.119157224 0.003921568 0.999999940 0
v -0.18312572 0.008866039 0.105390809 0.003921568 0.999999940 0
v -0.18305558 0.008867346 -0.1055133 0.003921568 0.999999940 0
v -0.18667729 0.008840109 -0.11925979 0.003921568 0.999999940 0
v -0.18280245 0.005995889 -0.12876621 0.003921568 0.999999940 0
v -0.17923564 0.002824339 -0.13513571 0.003921568 0.999999940 0
v -0.17929684 -0.00258694 0.135006338 0.003921568 0.999999940 0
v -0.18294217 -0.00600773 0.128704905 0.003921568 0.999999940 0
v -0.18690021 -0.00890696 0.119244530 0.003921568 0.999999940 0
v -0.18342285 -0.00805372 0.105581305 0.003921568 0.999999940 0
v -0.18714844 -0.00536213 0.095567748 0.003921568 0.999999940 0
v -0.18706252 0.005613056 0.095499672 0.003921568 0.999999940 0
v -0.18982063 0.003195669 0.088461950 0.003921568 0.999999940 0
v -0.19003563 -0.00288351 0.088616505 0.003921568 0.999999940 0
v -0.18708239 -0.00536212 -0.09569696 0.003921568 0.999999940 0
v -0.18699647 0.005612989 -0.09562884 0.003921568 0.999999940 0
v -0.18975937 0.003195788 -0.08859286 0.003921568 0.999999940 0
v -0.18997441 -0.00288343 -0.08874761 0.003921568 0.999999940 0
v -0.18334843 -0.00805391 -0.10570883 0.003921568 0.999999940 0
v -0.18682215 -0.00889965 -0.11937536 0.003921568 0.999999940 0
v -0.18288292 -0.00598082 -0.12881412 0.003921568 0.999999940 0
v -0.17920336 -0.0025853 -0.13512854 0.003921568 0.999999940 0
v -0.19552678 0.006918896 0.106766052 0.003921568 0.999999940 0
v -0.19285356 0.004503137 0.114616237 0.003921568 0.999999940 0
v -0.19850874 0.009241669 0.096752509 0.003921568 0.999999940 0
v -0.19393252 0.008260299 0.083463065 0.003921568 0.999999940 0
v -0.19387482 0.008260415 -0.08359692 0.003921568 0.999999940 0
v -0.19844186 0.009241689 -0.09688962 0.003921568 0.999999940 0
v -0.1954532 0.006918679 -0.10690084 0.003921568 0.999999940 0
v -0.19272597 0.004457349 -0.11471455 0.003921568 0.999999940 0
v -0.19277929 -0.00407397 0.114556178 0.003921568 0.999999940 0
v -0.19571054 -0.00677004 0.106835864 0.003921568 0.999999940 0
v -0.19854608 -0.00884891 0.096859633 0.003921568 0.999999940 0
v -0.19442606 -0.00743488 0.08393424 0.003921568 0.999999940 0
v -0.19674194 -0.00627922 0.072369694 0.003921568 0.999999940 0
v -0.19673619 0.005336599 0.072156623 0.003921568 0.999999940 0
v -0.19890057 0.004642176 0.062106933 0.003921568 0.999999940 0
v -0.19748844 -0.00784473 0.061969071 0.003921568 0.999999940 0
v -0.19859774 -0.00590468 0.052937887 0.003921568 0.999999940 0
v -0.19992808 0.003411599 0.053771656 0.003921568 0.999999940 0
v -0.19885762 0.004642519 -0.0622442 0.003921568 0.999999940 0
v -0.19989099 0.003411819 -0.0539096 0.003921568 0.999999940 0
v -0.19856125 -0.00590504 -0.05307474 0.003921568 0.999999940 0
v -0.19744559 -0.00784531 -0.06210536 0.003921568 0.999999940 0
v -0.19669193 -0.00627928 -0.07250555 0.003921568 0.999999940 0
v -0.19668622 0.005336897 -0.07229242 0.003921568 0.999999940 0
v -0.19436808 -0.00743476 -0.08406829 0.003921568 0.999999940 0
v -0.19847915 -0.0088489 -0.09699672 0.003921568 0.999999940 0
v -0.19563672 -0.00677004 -0.10697101 0.003921568 0.999999940 0
v -0.19270019 -0.00407372 -0.11468928 0.003921568 0.999999940 0
v -0.20645539 0.006687289 0.084049060 0.003921568 0.999999940 0
v -0.20426281 0.004522149 0.092552252 0.003921568 0.999999940 0
v -0.20997491 0.007660368 0.073837772 0.003921568 0.999999940 0
v -0.21051627 0.009045356 0.063370391 0.003921568 0.999999940 0
v -0.20496641 0.007530638 0.049814969 0.003921568 0.999999940 0
v -0.20493326 0.007531337 -0.04995697 0.003921568 0.999999940 0
v -0.21047221 0.009044908 -0.06351602 0.003921568 0.999999940 0
v -0.20992379 0.007660368 -0.07398298 0.003921568 0.999999940 0
v -0.20639728 0.006687338 -0.08419161 0.003921568 0.999999940 0
v -0.20419885 0.004522149 -0.09269329 0.003921568 0.999999940 0
v -0.20415254 -0.00405312 0.092530943 0.003921568 0.999999940 0
v -0.20656331 -0.00672777 0.084329247 0.003921568 0.999999940 0
v -0.20957454 -0.00811032 0.074084006 0.003921568 0.999999940 0
v -0.21087757 -0.01079688 0.063450627 0.003921568 0.999999940 0
v -0.20471814 -0.0093833 0.049401804 0.003921568 0.999999940 0
v -0.20652895 -0.00639994 0.038476999 0.003921568 0.999999940 0
v -0.20660417 0.005937199 0.038606494 0.003921568 0.999999940 0
v -0.20826763 0.005364439 0.02767062 0.003921568 0.999999940 0
v -0.20829505 -0.00538381 0.027640512 0.003921568 0.999999940 0
v -0.20920591 -0.00500218 0.016579158 0.003921568 0.999999940 0
v -0.20920739 0.005007416 0.016582286 0.003921568 0.999999940 0
v -0.20975326 -0.00478455 0.005478340 0.003921568 0.999999940 0
v -0.20975402 0.004786409 0.005478038 0.003921568 0.999999940 0
v -0.2097495 -0.00478487 -0.00562339 0.003921568 0.999999940 0
v -0.20975034 0.004786759 -0.00562299 0.003921568 0.999999940 0
v -0.20919521 -0.00500351 -0.01672379 0.003921568 0.999999940 0
v -0.20919658 0.005008779 -0.01672681 0.003921568 0.999999940 0
v -0.20827681 -0.00538493 -0.02778413 0.003921568 0.999999940 0
v -0.20824963 0.005366066 -0.02781413 0.003921568 0.999999940 0
v -0.20650356 -0.00639993 -0.03861954 0.003921568 0.999999940 0
v -0.20657861 0.005937879 -0.03874924 0.003921568 0.999999940 0
v -0.20468533 -0.009384 -0.04954325 0.003921568 0.999999940 0
v -0.21083365 -0.01079645 -0.06359628 0.003921568 0.999999940 0
v -0.20952334 -0.00811048 -0.07422876 0.003921568 0.999999940 0
v -0.20650502 -0.00672779 -0.08447187 0.003921568 0.999999940 0
v -0.20408858 -0.00405315 -0.09267184 0.003921568 0.999999940 0
v -0.21760955 0.006381099 0.050449829 0.003921568 0.999999940 0
v -0.21635573 0.004658707 0.059786047 0.003921568 0.999999940 0
v -0.219439 0.006567298 0.039627026 0.003921568 0.999999940 0
v -0.22096193 0.006753269 0.028209637 0.003921568 0.999999940 0
v -0.22178802 0.006860178 0.016899813 0.003921568 0.999999940 0
v -0.22207674 0.006845186 0.005586875 0.003921568 0.999999940 0
v -0.22207284 0.006845029 -0.00573918 0.003921568 0.999999940 0
v -0.22177652 0.006859869 -0.01705228 0.003921568 0.999999940 0
v -0.22094239 0.006753249 -0.02836228 0.003921568 0.999999940 0
v -0.21941128 0.006567657 -0.03977858 0.003921568 0.999999940 0
v -0.21757498 0.006380687 -0.05059952 0.003921568 0.999999940 0
v -0.21631512 0.004657628 -0.05993415 0.003921568 0.999999940 0
v -0.21662527 -0.00574929 0.059767294 0.003921568 0.999999940 0
v -0.21781743 -0.00710142 0.050295703 0.003921568 0.999999940 0
v -0.2193843 -0.00667719 0.039488103 0.003921568 0.999999940 0
v -0.22098218 -0.00678007 0.028160393 0.003921568 0.999999940 0
v -0.22178964 -0.00685488 0.016894253 0.003921568 0.999999940 0
v -0.22207823 -0.00684356 0.005587515 0.003921568 0.999999940 0
v -0.22207418 -0.0068436 -0.00573982 0.003921568 0.999999940 0
v -0.22177838 -0.0068546 -0.01704672 0.003921568 0.999999940 0
v -0.22096257 -0.00677904 -0.02831326 0.003921568 0.999999940 0
v -0.219357 -0.00667699 -0.03963952 0.003921568 0.999999940 0
v -0.21778297 -0.00710095 -0.05044541 0.003921568 0.999999940 0
v -0.21658462 -0.0057484 -0.05991572 0.003921568 0.999999940 0
s 0
f 1 2 3 4
f 5 6 1 4
f 7 6 5 8
f 9 7 8 10
f 11 12 9 10
f 13 14 12 11
f 15 16 14 13
f 17 18 16 15
f 19 20 18 17
f 21 22 20 19
f 23 22 21 24
f 25 26 23 24
f 27 28 26 25
f 29 28 27 30
f 31 32 29 30
f 33 5 4 34
f 8 5 33 35
f 36 27 25 37
f 30 27 36 38
f 39 40 2 1
f 39 1 6 41
f 41 6 7 42
f 42 7 9 43
f 43 9 12 44
f 45 44 12 14
f 46 45 14 16
f 47 46 16 18
f 48 47 18 20
f 49 48 20 22
f 50 49 22 23
f 51 50 23 26
f 52 51 26 28
f 53 52 28 29
f 54 53 29 32
f 55 3 2 40
f 55 40 56 57
f 10 8 58 59
f 58 42 43 59
f 60 11 10 59
f 60 59 43 44
f 61 13 11 60
f 61 60 44 45
f 62 15 13 61
f 62 61 45 46
f 63 17 15 62
f 63 62 46 47
f 64 19 17 63
f 64 63 47 48
f 65 21 19 64
f 65 64 48 49
f 66 24 21 65
f 65 49 50 66
f 67 25 24 66
f 67 66 50 51
f 68 54 32 31
f 69 54 68 70
f 34 4 3 71
f 3 55 72 71
f 33 34 71 73
f 71 74 75 73
f 76 58 8 35
f 76 35 33 73
f 76 73 75 58
f 77 37 25 67
f 36 37 77 78
f 77 67 79 78
f 31 30 38 80
f 80 38 36 78
f 80 78 79 81
f 82 68 31 80
f 83 56 40 84
f 84 40 39 85
f 85 39 41 86
f 86 41 42 87
f 88 89 51 52
f 90 88 52 53
f 91 90 53 54
f 92 91 54 69
f 93 94 95 96
f 97 57 56 83
f 97 83 94 93
f 55 57 97 98
f 99 98 84 85
f 100 75 74 99
f 99 85 86 100
f 101 87 42 58
f 101 58 75 100
f 101 100 86 87
f 102 67 51 89
f 79 67 102 103
f 102 89 88 103
f 81 79 103 104
f 104 103 88 90
f 104 90 91 105
f 106 92 69 70
f 106 70 68 105
f 107 108 92 106
f 109 108 107 110
f 72 55 98 111
f 74 71 72 111
f 111 98 99 74
f 105 68 82 112
f 82 80 81 112
f 112 81 104 105
f 113 95 94 114
f 114 94 83 115
f 115 83 84 116
f 117 118 91 92
f 119 117 92 108
f 120 119 108 109
f 121 122 123 124
f 125 96 95 113
f 125 113 122 121
f 93 96 125 126
f 97 93 126 127
f 127 126 114 115
f 128 116 84 98
f 98 97 127 128
f 127 115 116 128
f 129 105 91 118
f 130 106 105 129
f 130 129 118 117
f 131 107 106 130
f 131 130 117 119
f 132 120 109 110
f 132 110 107 131
f 133 134 120 132
f 135 134 133 136
f 137 123 122 138
f 138 122 113 139
f 139 113 114 140
f 141 142 119 120
f 143 141 120 134
f 144 143 134 135
f 124 123 137 145
f 137 146 147 145
f 121 124 145 148
f 125 121 148 149
f 149 148 138 139
f 140 114 126 150
f 126 125 149 150
f 149 139 140 150
f 131 119 142 151
f 152 132 131 151
f 152 151 142 141
f 153 133 132 152
f 153 152 141 143
f 144 135 136 154
f 154 136 133 153
f 155 156 144 154
f 157 146 137 158
f 158 137 138 159
f 160 161 143 144
f 162 160 144 156
f 163 147 146 157
f 163 157 164 165
f 145 147 163 166
f 167 159 138 148
f 148 145 166 167
f 166 158 159 167
f 168 153 143 161
f 169 154 153 168
f 169 168 161 160
f 170 162 156 155
f 170 155 154 169
f 171 172 162 170
f 173 164 157 174
f 174 157 158 175
f 176 177 160 162
f 178 176 162 172
f 179 165 164 173
f 173 180 181 179
f 163 165 179 182
f 175 158 166 183
f 166 163 182 183
f 183 182 174 175
f 184 169 160 177
f 185 170 169 184
f 185 184 177 176
f 186 178 172 171
f 186 171 170 185
f 187 188 178 186
f 189 180 173 190
f 190 173 174 191
f 192 193 176 178
f 194 192 178 188
f 181 180 189 195
f 195 189 196 197
f 179 181 195 198
f 199 191 174 182
f 182 179 198 199
f 199 198 190 191
f 200 185 176 193
f 201 186 185 200
f 201 200 193 192
f 202 194 188 187
f 202 187 186 201
f 203 204 194 202
f 205 196 189 206
f 206 189 190 207
f 208 209 192 194
f 210 208 194 204
f 211 197 196 205
f 195 197 211 212
f 213 207 190 198
f 198 195 212 213
f 213 212 206 207
f 214 201 192 209
f 215 202 201 214
f 215 214 209 208
f 216 210 204 203
f 216 203 202 215
f 217 205 206 218
f 219 220 208 210
f 221 211 205 217
f 221 217 222 223
f 224 218 206 212
f 212 211 221 224
f 225 215 208 220
f 226 219 210 216
f 226 216 215 225
f 227 228 219 226
f 229 222 217 230
f 230 217 218 231
f 232 233 220 219
f 234 232 219 228
f 235 223 222 229
f 221 223 235 236
f 237 231 218 224
f 224 221 236 237
f 237 236 230 231
f 225 220 233 238
f 239 226 225 238
f 239 238 233 232
f 240 234 228 227
f 240 227 226 239
f 241 229 230 242
f 243 244 232 234
f 245 235 229 241
f 245 241 246 247
f 248 242 230 236
f 236 235 245 248
f 249 239 232 244
f 250 243 234 240
f 250 240 239 249
f 251 252 243 250
f 253 246 241 254
f 254 241 242 255
f 256 257 244 243
f 258 256 243 252
f 259 247 246 253
f 245 247 259 260
f 255 242 248 261
f 248 245 260 261
f 260 254 255 261
f 249 244 257 262
f 263 250 249 262
f 263 262 257 256
f 264 258 252 251
f 264 251 250 263
f 260 259 265 266
f 267 264 263 268
f 269 253 254 270
f 271 272 256 258
f 273 259 253 269
f 273 269 274 275
f 276 270 254 260
f 277 263 256 272
f 278 271 258 264
f 279 280 271 278
f 281 265 259 273
f 273 275 282 281
f 276 260 266 283
f 266 265 281 283
f 268 263 277 284
f 285 278 264 267
f 285 267 268 284
f 286 279 278 285
f 287 274 269 288
f 288 269 270 289
f 290 291 272 271
f 292 290 271 280
f 275 274 287 293
f 289 270 276 294
f 277 272 291 295
f 292 280 279 296
f 282 275 293 297
f 298 281 282 297
f 297 293 299 298
f 294 276 283 300
f 283 281 298 300
f 300 298 299 294
f 284 277 295 301
f 302 285 284 301
f 301 295 303 302
f 296 279 286 304
f 304 286 285 302
f 304 302 303 296
f 305 287 288 306
f 306 288 289 307
f 308 309 291 290
f 310 308 290 292
f 293 287 305 311
f 299 293 311 312
f 313 307 289 294
f 294 299 312 313
f 313 312 306 307
f 314 295 291 309
f 315 303 295 314
f 314 309 308 315
f 310 292 296 316
f 316 296 303 315
f 317 305 306 318
f 319 320 308 310
f 321 311 305 317
f 318 306 312 322
f 312 311 321 322
f 315 308 320 323
f 324 319 310 316
f 324 316 315 323
f 325 326 317 318
f 327 328 320 319
f 329 321 317 326
f 330 325 318 322
f 330 322 321 329
f 331 323 320 328
f 332 327 319 324
f 332 324 323 331
f 333 334 326 325
f 335 336 328 327
f 337 329 326 334
f 338 333 325 330
f 338 330 329 337
f 339 331 328 336
f 340 335 327 332
f 340 332 331 339
f 341 342 334 333
f 343 344 336 335
f 345 337 334 342
f 346 341 333 338
f 346 338 337 345
f 347 339 336 344
f 348 343 335 340
f 348 340 339 347
f 349 350 342 341
f 351 352 344 343
f 353 345 342 350
f 354 349 341 346
f 354 346 345 353
f 355 347 344 352
f 356 351 343 348
f 356 348 347 355
f 357 358 350 349
f 359 360 352 351
f 361 353 350 358
f 362 357 349 354
f 362 354 353 361
f 363 355 352 360
f 364 359 351 356
f 364 356 355 363
f 365 366 358 357
f 367 368 360 359
f 369 361 358 366
f 370 365 357 362
f 370 362 361 369
f 371 363 360 368
f 372 367 359 364
f 372 364 363 371
f 373 374 366 365
f 375 368 367 376
f 377 369 366 374
f 373 365 370 378
f 378 370 369 377
f 371 368 375 379
f 380 376 367 372
f 380 372 371 379
f 381 382 374 373
f 383 375 376 384
f 385 377 374 382
f 381 373 378 386
f 386 378 377 385
f 379 375 383 387
f 388 384 376 380
f 380 379 387 388
f 389 390 382 381
f 391 383 384 392
f 393 385 382 390
f 394 389 381 386
f 394 386 385 393
f 395 396 389 394
f 397 387 383 391
f 391 398 399 397
f 400 392 384 388
f 388 387 397 400
f 401 402 390 389
f 403 401 389 396
f 404 398 391 405
f 405 391 392 406
f 407 393 390 402
f 408 394 393 407
f 407 402 401 408
f 403 396 395 409
f 409 395 394 408
f 399 398 404 410
f 397 399 410 411
f 412 406 392 400
f 400 397 411 412
f 412 411 405 406
f 413 414 401 403
f 415 404 405 416
f 417 408 401 414
f 418 413 403 409
f 418 409 408 417
f 419 420 413 418
f 421 410 404 415
f 421 415 422 423
f 424 416 405 411
f 411 410 421 424
f 425 426 414 413
f 427 425 413 420
f 428 422 415 429
f 429 415 416 430
f 431 417 414 426
f 432 418 417 431
f 432 431 426 425
f 433 427 420 419
f 433 419 418 432
f 434 423 422 428
f 421 423 434 435
f 436 430 416 424
f 424 421 435 436
f 436 435 429 430
f 437 438 425 427
f 439 428 429 440
f 441 432 425 438
f 442 437 427 433
f 442 433 432 441
f 443 444 437 442
f 445 434 428 439
f 445 439 446 447
f 448 440 429 435
f 435 434 445 448
f 449 450 438 437
f 451 449 437 444
f 452 446 439 453
f 453 439 440 454
f 455 441 438 450
f 456 442 441 455
f 456 455 450 449
f 451 444 443 457
f 457 443 442 456
f 458 447 446 452
f 445 447 458 459
f 460 454 440 448
f 448 445 459 460
f 460 459 453 454
f 461 462 449 451
f 463 452 453 464
f 465 456 449 462
f 466 461 451 457
f 466 457 456 465
f 467 468 461 466
f 469 458 452 463
f 469 463 470 471
f 472 464 453 459
f 459 458 469 472
f 473 474 462 461
f 475 473 461 468
f 476 470 463 477
f 477 463 464 478
f 479 465 462 474
f 480 466 465 479
f 480 479 474 473
f 481 475 468 467
f 481 467 466 480
f 482 483 475 481
f 484 471 470 476
f 484 476 485 486
f 469 471 484 487
f 488 478 464 472
f 472 469 487 488
f 488 487 477 478
f 489 490 473 475
f 491 489 475 483
f 492 485 476 493
f 493 476 477 494
f 495 480 473 490
f 496 481 480 495
f 496 495 490 489
f 497 491 483 482
f 497 482 481 496
f 498 499 491 497
f 500 486 485 492
f 500 492 501 502
f 484 486 500 503
f 494 477 487 504
f 487 484 503 504
f 503 493 494 504
f 505 506 489 491
f 507 505 491 499
f 508 501 492 509
f 509 492 493 510
f 511 496 489 506
f 512 497 496 511
f 512 511 506 505
f 513 507 499 498
f 513 498 497 512
f 514 515 507 513
f 516 502 501 508
f 516 508 517 518
f 500 502 516 519
f 520 510 493 503
f 503 500 519 520
f 520 519 509 510
f 521 522 505 507
f 523 521 507 515
f 524 517 508 525
f 525 508 509 526
f 527 512 505 522
f 528 513 512 527
f 527 522 521 528
f 523 515 514 529
f 529 514 513 528
f 530 531 523 529
f 532 531 530 533
f 534 535 536 537
f 518 517 524 538
f 538 524 535 534
f 516 518 538 539
f 526 509 519 540
f 519 516 539 540
f 540 539 525 526
f 541 542 521 523
f 543 541 523 531
f 544 543 531 532
f 545 536 535 546
f 546 535 524 547
f 547 524 525 548
f 549 528 521 542
f 550 529 528 549
f 550 549 542 541
f 551 530 529 550
f 551 550 541 543
f 552 544 532 533
f 552 533 530 551
f 553 554 544 552
f 555 554 553 556
f 557 558 559 560
f 561 537 536 545
f 561 545 558 557
f 534 537 561 562
f 538 534 562 563
f 563 562 546 547
f 564 548 525 539
f 539 538 563 564
f 563 547 548 564
f 565 566 543 544
f 567 565 544 554
f 568 567 554 555
f 569 559 558 570
f 570 558 545 571
f 571 545 546 572
f 551 543 566 573
f 574 552 551 573
f 574 573 566 565
f 575 553 552 574
f 575 574 565 567
f 576 568 555 556
f 576 556 553 575
f 577 578 568 576
f 579 578 577 580
f 581 582 579 580
f 583 584 585 586
f 587 588 583 586
f 589 560 559 569
f 569 588 587 589
f 557 560 589 590
f 561 557 590 591
f 591 590 570 571
f 592 572 546 562
f 562 561 591 592
f 591 571 572 592
f 593 594 567 568
f 595 593 568 578
f 596 595 578 579
f 597 596 579 582
f 598 584 583 599
f 599 583 588 600
f 600 588 569 601
f 601 569 570 602
f 575 567 594 603
f 604 576 575 603
f 604 603 594 593
f 605 577 576 604
f 604 593 595 605
f 606 580 577 605
f 606 605 595 596
f 597 582 581 607
f 607 581 580 606
f 608 609 597 607
f 610 609 608 611
f 612 613 610 611
f 614 615 613 612
f 616 617 615 614
f 618 619 617 616
f 620 621 619 618
f 622 623 621 620
f 585 584 598 624
f 624 598 623 622
f 586 585 624 625
f 587 586 625 626
f 625 599 600 626
f 589 587 626 627
f 627 626 600 601
f 602 570 590 628
f 590 589 627 628
f 627 601 602 628
f 629 630 596 597
f 631 629 597 609
f 632 631 609 610
f 633 632 610 613
f 634 633 613 615
f 635 634 615 617
f 636 635 617 619
f 637 636 619 621
f 637 621 623 638
f 638 623 598 639
f 639 598 599 640
f 641 606 596 630
f 642 607 606 641
f 641 630 629 642
f 643 608 607 642
f 642 629 631 643
f 644 611 608 643
f 644 643 631 632
f 645 612 611 644
f 645 644 632 633
f 646 614 612 645
f 646 645 633 634
f 647 616 614 646
f 647 646 634 635
f 648 618 616 647
f 648 647 635 636
f 649 620 618 648
f 649 648 636 637
f 622 620 649 650
f 650 649 637 638
f 624 622 650 651
f 651 650 638 639
f 652 640 599 625
f 625 624 651 652
f 652 651 639 640
o escalar
usemtl Mesh
v -0.11564341 0.345015585 -0.00623262 0.999999940 0.784313678 0
v -0.12729762 0.343851655 -0.00286253 0.999999940 0.784313678 0
v -0.12672694 0.344374090 0.010577167 0.999999940 0.784313678 0
v -0.11299144 0.344609975 0.006931928 0.999999940 0.784313678 0
v -0.10026235 0.357589364 0.007484998 0.999999940 0.784313678 0
v -0.09958448 0.352858364 -0.0117299 0.999999940 0.784313678 0
v -0.0815797 0.353781372 -0.01052218 0.999999940 0.784313678 0
v -0.08171653 0.354745030 0.01142646 0.999999940 0.784313678 0
v -0.06378029 0.354634374 -0.0100423 0.999999940 0.784313678 0
v -0.06334697 0.354154765 0.010480039 0.999999940 0.784313678 0
v -0.0454636 0.356725990 0.010873421 0.999999940 0.784313678 0
v -0.04556327 0.356692105 -0.01083301 0.999999940 0.784313678 0
v -0.02739533 0.357978522 0.011059439 0.999999940 0.784313678 0
v -0.02739956 0.357974201 -0.01106715 0.999999940 0.784313678 0
v -0.00914672 0.358445674 0.011045588 0.999999940 0.784313678 0
v -0.00914535 0.358443141 -0.01104624 0.999999940 0.784313678 0
v 0.009145037 0.358445793 0.011045544 0.999999940 0.784313678 0
v 0.009143319 0.358443141 -0.01104642 0.999999940 0.784313678 0
v 0.027393886 0.35797894 0.011059016 0.999999940 0.784313678 0
v 0.027398118 0.357974976 -0.01106641 0.999999940 0.784313678 0
v 0.045463819 0.356727421 0.010873960 0.999999940 0.784313678 0
v 0.045563418 0.356693029 -0.01083216 0.999999940 0.784313678 0
v 0.063780985 0.354634255 -0.01004227 0.999999940 0.784313678 0
v 0.063347496 0.354155302 0.010481406 0.999999940 0.784313678 0
v 0.081715948 0.354744106 0.011427296 0.999999940 0.784313678 0
v 0.081579767 0.353781044 -0.01052255 0.999999940 0.784313678 0
v 0.100262627 0.357589870 0.007486029 0.999999940 0.784313678 0
v 0.099584594 0.352858334 -0.01172966 0.999999940 0.784313678 0
v 0.115643858 0.345016449 -0.00623284 0.999999940 0.784313678 0
v 0.112992227 0.344611227 0.006932253 0.999999940 0.784313678 0
v 0.126727372 0.344373464 0.010577736 0.999999940 0.784313678 0
v 0.127297982 0.343851655 -0.00286255 0.999999940 0.784313678 0
v -0.09943166 0.347347557 0.018862932 0.999999940 0.784313678 0
v -0.11107995 0.344312518 0.018115321 0.999999940 0.784313678 0
v -0.088238 0.346776872 0.018213795 0.999999940 0.784313678 0
v 0.099431522 0.347346216 0.018863895 0.999999940 0.784313678 0
v 0.088236868 0.346776574 0.018213955 0.999999940 0.784313678 0
v 0.111081346 0.344314158 0.018118405 0.999999940 0.784313678 0
v -0.1179736 0.334122270 -0.019422 0.999999940 0.784313678 0
v -0.13583104 0.335173785 -0.01047451 0.999999940 0.784313678 0
v -0.09885485 0.334348171 -0.01729594 0.999999940 0.784313678 0
v -0.08003011 0.331349581 -0.01145804 0.999999940 0.784313678 0
v -0.06256524 0.333725869 -0.00900069 0.999999940 0.784313678 0
v -0.04481766 0.336194813 -0.00860787 0.999999940 0.784313678 0
v -0.0268959 0.337662160 -0.0080809 0.999999940 0.784313678 0
v -0.00896133 0.338551819 -0.00772411 0.999999940 0.784313678 0
v 0.008961495 0.338552117 -0.00772452 0.999999940 0.784313678 0
v 0.026896011 0.337663531 -0.00808304 0.999999940 0.784313678 0
v 0.044816982 0.336196333 -0.00860978 0.999999940 0.784313678 0
v 0.062564820 0.333726197 -0.00900167 0.999999940 0.784313678 0
v 0.080030411 0.331349581 -0.01145874 0.999999940 0.784313678 0
v 0.098855204 0.334348082 -0.01729557 0.999999940 0.784313678 0
v 0.117973707 0.334122389 -0.01942206 0.999999940 0.784313678 0
v 0.135831132 0.335173726 -0.01047452 0.999999940 0.784313678 0
v -0.13769814 0.333893835 0.010490323 0.999999940 0.784313678 0
v -0.14917946 0.330207973 -0.00648215 0.999999940 0.784313678 0
v -0.14911923 0.329653263 0.006154147 0.999999940 0.784313678 0
v -0.0802132 0.331231504 0.012389753 0.999999940 0.784313678 0
v -0.06224018 0.334244787 0.009524213 0.999999940 0.784313678 0
v -0.04475639 0.336228191 0.00861366 0.999999940 0.784313678 0
v -0.02689335 0.337658464 0.00807261 0.999999940 0.784313678 0
v -0.00896198 0.338550031 0.007722543 0.999999940 0.784313678 0
v 0.008962146 0.338550359 0.007722998 0.999999940 0.784313678 0
v 0.026893466 0.337659835 0.008074923 0.999999940 0.784313678 0
v 0.044755943 0.336230129 0.008616298 0.999999940 0.784313678 0
v 0.062239840 0.334245026 0.009526182 0.999999940 0.784313678 0
v 0.080212988 0.331231027 0.012389604 0.999999940 0.784313678 0
v 0.137698054 0.333893597 0.010490477 0.999999940 0.784313678 0
v 0.149179443 0.330207973 -0.00648226 0.999999940 0.784313678 0
v 0.149119272 0.329653143 0.006154194 0.999999940 0.784313678 0
v -0.11659952 0.336895316 0.021480219 0.999999940 0.784313678 0
v -0.12837237 0.330951720 0.019504541 0.999999940 0.784313678 0
v -0.09983287 0.337411075 0.020634902 0.999999940 0.784313678 0
v -0.11422674 0.324555963 0.019198486 0.999999940 0.784313678 0
v -0.09792414 0.328096836 0.016932327 0.999999940 0.784313678 0
v -0.0865007 0.338530540 0.021173117 0.999999940 0.784313678 0
v 0.086499631 0.338529467 0.021172836 0.999999940 0.784313678 0
v 0.099832736 0.337408781 0.020633626 0.999999940 0.784313678 0
v 0.097923874 0.328094363 0.016931233 0.999999940 0.784313678 0
v 0.116599649 0.336892873 0.021480940 0.999999940 0.784313678 0
v 0.114226572 0.324554652 0.019196802 0.999999940 0.784313678 0
v 0.128372147 0.330950588 0.019504843 0.999999940 0.784313678 0
v -0.15629593 0.320208519 -0.01506199 0.999999940 0.784313678 0
v -0.13500233 0.312636256 -0.01302049 0.999999940 0.784313678 0
v -0.11667037 0.317106843 -0.00925631 0.999999940 0.784313678 0
v -0.10027223 0.321549654 -0.00729916 0.999999940 0.784313678 0
v -0.08831997 0.324327200 -0.00416987 0.999999940 0.784313678 0
v 0.10027235 0.321549534 -0.00729938 0.999999940 0.784313678 0
v 0.088320054 0.324327051 -0.00416994 0.999999940 0.784313678 0
v 0.116670116 0.317106902 -0.00925649 0.999999940 0.784313678 0
v 0.135002315 0.312636315 -0.01302058 0.999999940 0.784313678 0
v 0.156295150 0.320209384 -0.01506137 0.999999940 0.784313678 0
v -0.1726062 0.315827429 0.010889147 0.999999940 0.784313678 0
v -0.17247373 0.315546274 -0.01110291 0.999999940 0.784313678 0
v -0.185109 0.311212062 -0.00725977 0.999999940 0.784313678 0
v -0.18500562 0.311094343 0.006575617 0.999999940 0.784313678 0
v -0.1570272 0.320244580 0.014188204 0.999999940 0.784313678 0
v -0.13486785 0.314332783 0.011793389 0.999999940 0.784313678 0
v -0.11594094 0.316864371 0.008051711 0.999999940 0.784313678 0
v -0.09974599 0.321100890 0.006970648 0.999999940 0.784313678 0
v -0.08789431 0.323921948 0.005103807 0.999999940 0.784313678 0
v 0.087893843 0.323921620 0.005103678 0.999999940 0.784313678 0
v 0.099746003 0.321100652 0.006969973 0.999999940 0.784313678 0
v 0.115940645 0.316864460 0.008051280 0.999999940 0.784313678 0
v 0.134867802 0.314332455 0.011793199 0.999999940 0.784313678 0
v 0.15702869 0.320242852 0.014189556 0.999999940 0.784313678 0
v 0.172608867 0.315823078 0.010893359 0.999999940 0.784313678 0
v 0.172470659 0.315547138 -0.01110437 0.999999940 0.784313678 0
v 0.185049429 0.311134696 -0.00719373 0.999999940 0.784313678 0
v 0.185007989 0.311093092 0.006575831 0.999999940 0.784313678 0
v -0.12714094 0.322524815 0.017799418 0.999999940 0.784313678 0
v 0.127140283 0.322524100 0.017798768 0.999999940 0.784313678 0
v -0.19244462 0.301355898 -0.01431806 0.999999940 0.784313678 0
v -0.17021845 0.295505166 -0.01429346 0.999999940 0.784313678 0
v -0.1542093 0.301887691 -0.00904117 0.999999940 0.784313678 0
v -0.1427522 0.306391894 -0.00500589 0.999999940 0.784313678 0
v 0.154206052 0.301890313 -0.00904335 0.999999940 0.784313678 0
v 0.142751768 0.306391894 -0.00500608 0.999999940 0.784313678 0
v 0.170213863 0.295510709 -0.01430204 0.999999940 0.784313678 0
v 0.192419260 0.301320433 -0.01431101 0.999999940 0.784313678 0
v -0.20773323 0.295222044 0.009631048 0.999999940 0.784313678 0
v -0.20779938 0.295090287 -0.00968492 0.999999940 0.784313678 0
v -0.218049 0.289353966 -0.00437618 0.999999940 0.784313678 0
v -0.21802163 0.289375960 0.004430369 0.999999940 0.784313678 0
v -0.19252947 0.301654905 0.014349076 0.999999940 0.784313678 0
v -0.17053796 0.295967340 0.013006725 0.999999940 0.784313678 0
v -0.15460926 0.301901787 0.008688116 0.999999940 0.784313678 0
v -0.14283761 0.306853205 0.005077851 0.999999940 0.784313678 0
v 0.142837420 0.306853264 0.00507777 0.999999940 0.784313678 0
v 0.154607161 0.301901370 0.008686319 0.999999940 0.784313678 0
v 0.170544102 0.295953810 0.013005153 0.999999940 0.784313678 0
v 0.192572251 0.301600813 0.014377254 0.999999940 0.784313678 0
v 0.207840070 0.295206934 0.009697926 0.999999940 0.784313678 0
v 0.207806378 0.295033961 -0.00973924 0.999999940 0.784313678 0
v 0.218039050 0.289350539 -0.00444422 0.999999940 0.784313678 0
v 0.218009054 0.289320290 0.004173873 0.999999940 0.784313678 0
v -0.22509784 0.279993951 -0.01238615 0.999999940 0.784313678 0
v -0.20459527 0.275936156 -0.01612773 0.999999940 0.784313678 0
v -0.18962684 0.282349079 -0.01035589 0.999999940 0.784313678 0
v -0.17833322 0.287345826 -0.00602321 0.999999940 0.784313678 0
v 0.189649537 0.282372891 -0.01047089 0.999999940 0.784313678 0
v 0.178328841 0.287355095 -0.00603672 0.999999940 0.784313678 0
v 0.204766839 0.275981605 -0.01641199 0.999999940 0.784313678 0
v 0.225051358 0.279665261 -0.01242358 0.999999940 0.784313678 0
v -0.22494671 0.279736995 0.012146676 0.999999940 0.784313678 0
v -0.23731765 0.273772627 -0.00545528 0.999999940 0.784313678 0
v -0.23731025 0.273631900 0.005605337 0.999999940 0.784313678 0
v -0.20487624 0.276550829 0.014654920 0.999999940 0.784313678 0
v -0.18949151 0.282184094 0.010447205 0.999999940 0.784313678 0
v -0.17863372 0.287793993 0.005263167 0.999999940 0.784313678 0
v 0.178593456 0.287740469 0.005297062 0.999999940 0.784313678 0
v 0.189639151 0.282442241 0.010071329 0.999999940 0.784313678 0
v 0.205363646 0.276864588 0.013573681 0.999999940 0.784313678 0
v 0.224753633 0.279386013 0.011291245 0.999999940 0.784313678 0
v 0.237188935 0.273591935 0.005303476 0.999999940 0.784313678 0
v 0.237193808 0.273568958 -0.00536316 0.999999940 0.784313678 0
v -0.24372111 0.262093603 -0.01264926 0.999999940 0.784313678 0
v -0.22452648 0.260991245 -0.01273943 0.999999940 0.784313678 0
v -0.21066067 0.264864563 -0.0079493 0.999999940 0.784313678 0
v 0.224829748 0.260984510 -0.01344352 0.999999940 0.784313678 0
v 0.210777297 0.264978647 -0.00819471 0.999999940 0.784313678 0
v 0.243605956 0.261726617 -0.01181037 0.999999940 0.784313678 0
v -0.24414539 0.262117981 0.012175384 0.999999940 0.784313678 0
v -0.25613105 0.256124526 -0.00682871 0.999999940 0.784313678 0
v -0.25573441 0.255658626 0.004664087 0.999999940 0.784313678 0
v -0.22362046 0.259626686 0.017192225 0.999999940 0.784313678 0
v -0.21067618 0.264906674 0.008040702 0.999999940 0.784313678 0
v 0.210708454 0.264915943 0.007944773 0.999999940 0.784313678 0
v 0.224712312 0.260946244 0.013325125 0.999999940 0.784313678 0
v 0.243555173 0.261756479 0.011822463 0.999999940 0.784313678 0
v 0.255750685 0.255746543 0.005501451 0.999999940 0.784313678 0
v 0.255763292 0.255743175 -0.00551375 0.999999940 0.784313678 0
v -0.26248977 0.243965774 -0.01414671 0.999999940 0.784313678 0
v -0.24247572 0.242445871 -0.01475951 0.999999940 0.784313678 0
v -0.22992605 0.248073563 -0.00739508 0.999999940 0.784313678 0
v 0.243257343 0.243213668 -0.01293637 0.999999940 0.784313678 0
v 0.230005398 0.24801673 -0.00749765 0.999999940 0.784313678 0
v 0.261789828 0.243621170 -0.01194616 0.999999940 0.784313678 0
v -0.26225784 0.243954986 0.011966449 0.999999940 0.784313678 0
v -0.27337185 0.236938506 -0.00524332 0.999999940 0.784313678 0
v -0.27349302 0.237190872 0.005128467 0.999999940 0.784313678 0
v -0.2431784 0.242955654 0.012792580 0.999999940 0.784313678 0
v -0.23008266 0.248026326 0.007280169 0.999999940 0.784313678 0
v 0.230013340 0.248075589 0.007313333 0.999999940 0.784313678 0
v 0.243231549 0.243256256 0.012892955 0.999999940 0.784313678 0
v 0.261781841 0.243636488 0.011926829 0.999999940 0.784313678 0
v 0.273531109 0.237154334 0.005274456 0.999999940 0.784313678 0
v 0.273538857 0.237164095 -0.00528367 0.999999940 0.784313678 0
v -0.27986944 0.225011721 -0.01242467 0.999999940 0.784313678 0
v -0.26103562 0.224531889 -0.01339895 0.999999940 0.784313678 0
v -0.24818285 0.230090186 -0.00755211 0.999999940 0.784313678 0
v 0.260913550 0.224771201 -0.01337263 0.999999940 0.784313678 0
v 0.248226955 0.230173900 -0.0071663 0.999999940 0.784313678 0
v 0.279682308 0.225094452 -0.01239395 0.999999940 0.784313678 0
v -0.27968761 0.225127384 0.012343525 0.999999940 0.784313678 0
v -0.28938463 0.218075290 -0.00438232 0.999999940 0.784313678 0
v -0.28938201 0.218078523 0.004387307 0.999999940 0.784313678 0
v -0.2608166 0.224682450 0.013307686 0.999999940 0.784313678 0
v -0.24817917 0.230177193 0.006878865 0.999999940 0.784313678 0
v 0.248142004 0.230104565 0.007350222 0.999999940 0.784313678 0
v 0.260915428 0.224772453 0.013510605 0.999999940 0.784313678 0
v 0.279700547 0.225096747 0.012399501 0.999999940 0.784313678 0
v 0.289386808 0.218072265 0.004389184 0.999999940 0.784313678 0
v 0.289386034 0.218073129 -0.0043889 0.999999940 0.784313678 0
v -0.29507363 0.207761541 -0.00959193 0.999999940 0.784313678 0
v -0.27596271 0.204616949 -0.01632648 0.999999940 0.784313678 0
v -0.26489374 0.210620701 -0.00813977 0.999999940 0.784313678 0
v 0.275911092 0.204677283 -0.01630963 0.999999940 0.784313678 0
v 0.264853477 0.210653066 -0.00813284 0.999999940 0.784313678 0
v 0.295072019 0.207763940 -0.00958732 0.999999940 0.784313678 0
v -0.2950688 0.207765653 0.00959046 0.999999940 0.784313678 0
v -0.27590886 0.204681396 0.016308512 0.999999940 0.784313678 0
v -0.26481953 0.210664644 0.008082835 0.999999940 0.784313678 0
v 0.264879643 0.210663572 0.008141811 0.999999940 0.784313678 0
v 0.275925040 0.204673022 0.016311176 0.999999940 0.784313678 0
v 0.295075118 0.207762718 0.009589309 0.999999940 0.784313678 0
v -0.30141598 0.192348003 -0.0141022 0.999999940 0.784313678 0
v -0.28234744 0.189586713 -0.01031412 0.999999940 0.784313678 0
v 0.301416933 0.192345202 -0.01409289 0.999999940 0.784313678 0
v 0.282304078 0.189572662 -0.0103803 0.999999940 0.784313678 0
v -0.30141613 0.192344799 0.014093979 0.999999940 0.784313678 0
v -0.31117189 0.185072958 -0.00696268 0.999999940 0.784313678 0
v -0.31117082 0.185071855 0.00696143 0.999999940 0.784313678 0
v -0.28230625 0.189573019 0.010385050 0.999999940 0.784313678 0
v 0.282348573 0.189585283 0.010314335 0.999999940 0.784313678 0
v 0.301419198 0.192346334 0.014099401 0.999999940 0.784313678 0
v 0.311171680 0.185073196 0.00696309 0.999999940 0.784313678 0
v 0.311170905 0.185071885 -0.00696102 0.999999940 0.784313678 0
v -0.31561771 0.172513634 -0.01092991 0.999999940 0.784313678 0
v -0.29554933 0.170181781 -0.01413548 0.999999940 0.784313678 0
v -0.28748465 0.178378626 -0.00571182 0.999999940 0.784313678 0
v 0.295546442 0.170180201 -0.01414685 0.999999940 0.784313678 0
v 0.287451326 0.178354322 -0.00574967 0.999999940 0.784313678 0
v 0.315618813 0.172511085 -0.01092918 0.999999940 0.784313678 0
v -0.3155883 0.172540411 0.01094935 0.999999940 0.784313678 0
v -0.29551113 0.170215085 0.014110878 0.999999940 0.784313678 0
v -0.28745148 0.178354173 0.005750113 0.999999940 0.784313678 0
v 0.287484914 0.178378298 0.005712123 0.999999940 0.784313678 0
v 0.295511454 0.170218661 0.014096479 0.999999940 0.784313678 0
v 0.315588504 0.172538429 0.010951628 0.999999940 0.784313678 0
v -0.32035315 0.156241849 -0.01427992 0.999999940 0.784313678 0
v -0.30191064 0.154231339 -0.00887879 0.999999940 0.784313678 0
v 0.320340573 0.156234622 -0.01429743 0.999999940 0.784313678 0
v 0.301913887 0.154218956 -0.00887165 0.999999940 0.784313678 0
v -0.31998584 0.157154724 0.014283586 0.999999940 0.784313678 0
v -0.32973841 0.149425253 -0.00666965 0.999999940 0.784313678 0
v -0.32952723 0.149887770 0.006923586 0.999999940 0.784313678 0
v -0.30173999 0.154556140 0.008856855 0.999999940 0.784313678 0
v 0.301741927 0.154543265 0.008848059 0.999999940 0.784313678 0
v 0.319972753 0.157149419 0.014301272 0.999999940 0.784313678 0
v 0.329526186 0.149889901 0.006931606 0.999999940 0.784313678 0
v 0.329737544 0.149427369 -0.00668133 0.999999940 0.784313678 0
v -0.33379036 0.136607214 -0.00994978 0.999999940 0.784313678 0
v -0.31279039 0.134789869 -0.01276432 0.999999940 0.784313678 0
v -0.30635929 0.142757400 -0.00488167 0.999999940 0.784313678 0
v 0.312780171 0.134781047 -0.01273595 0.999999940 0.784313678 0
v 0.306373000 0.142724886 -0.00485782 0.999999940 0.784313678 0
v 0.333763152 0.136626064 -0.0099825 0.999999940 0.784313678 0
v -0.33403701 0.137641310 0.009741022 0.999999940 0.784313678 0
v -0.31197837 0.135881900 0.013008533 0.999999940 0.784313678 0
v -0.30630994 0.142874673 0.005503414 0.999999940 0.784313678 0
v 0.306324809 0.142839789 0.005484011 0.999999940 0.784313678 0
v 0.311979681 0.135866537 0.013003272 0.999999940 0.784313678 0
v 0.334021419 0.137663930 0.009749581 0.999999940 0.784313678 0
v -0.33119026 0.130239859 0.020004175 0.999999940 0.784313678 0
v -0.32095516 0.129317730 0.019668292 0.999999940 0.784313678 0
v 0.331179231 0.130241751 0.020007778 0.999999940 0.784313678 0
v 0.320945322 0.129308164 0.019668744 0.999999940 0.784313678 0
v -0.33913249 0.119580946 -0.01256065 0.999999940 0.784313678 0
v -0.3173725 0.116717770 -0.00837256 0.999999940 0.784313678 0
v 0.339074075 0.119646653 -0.01258584 0.999999940 0.784313678 0
v 0.317363858 0.116734035 -0.00835225 0.999999940 0.784313678 0
v -0.34319383 0.123803928 0.008379153 0.999999940 0.784313678 0
v -0.34396866 0.110046908 -0.00150029 0.999999940 0.784313678 0
v -0.34431246 0.110373809 0.009190861 0.999999940 0.784313678 0
v -0.31498522 0.116805233 0.008494918 0.999999940 0.784313678 0
v 0.314985781 0.116800911 0.008496752 0.999999940 0.784313678 0
v 0.343196928 0.123892873 0.008370961 0.999999940 0.784313678 0
v 0.344295918 0.110438078 0.00916442 0.999999940 0.784313678 0
v 0.343948543 0.110123954 -0.00154391 0.999999940 0.784313678 0
v -0.33705017 0.118493393 0.022831240 0.999999940 0.784313678 0
v -0.34449053 0.111833594 0.018677465 0.999999940 0.784313678 0
v -0.32189316 0.117084711 0.020415265 0.999999940 0.784313678 0
v 0.321891695 0.117085404 0.020413238 0.999999940 0.784313678 0
v 0.337035328 0.118512377 0.022831160 0.999999940 0.784313678 0
v 0.344492048 0.111859209 0.018679561 0.999999940 0.784313678 0
v -0.34964332 0.098577208 -0.00633655 0.999999940 0.784313678 0
v -0.33487648 0.099674291 -0.01476115 0.999999940 0.784313678 0
v -0.32141712 0.100422479 -0.00566487 0.999999940 0.784313678 0
v 0.334869146 0.099686905 -0.01475646 0.999999940 0.784313678 0
v 0.321416527 0.100427918 -0.00566895 0.999999940 0.784313678 0
v 0.349639207 0.09859588 -0.00637142 0.999999940 0.784313678 0
v -0.34969282 0.097312778 0.012728964 0.999999940 0.784313678 0
v -0.31856439 0.098937958 0.011049453 0.999999940 0.784313678 0
v 0.318564295 0.098939120 0.011048467 0.999999940 0.784313678 0
v 0.349707871 0.097340226 0.012692038 0.999999940 0.784313678 0
v -0.34466943 0.103202812 0.020448744 0.999999940 0.784313678 0
v -0.33420384 0.104503825 0.020566970 0.999999940 0.784313678 0
v -0.33299947 0.091276548 0.021236581 0.999999940 0.784313678 0
v -0.3252506 0.106428884 0.018070858 0.999999940 0.784313678 0
v 0.325253903 0.106427662 0.018071716 0.999999940 0.784313678 0
v 0.334205120 0.104503385 0.020567225 0.999999940 0.784313678 0
v 0.333018153 0.091270357 0.021248126 0.999999940 0.784313678 0
v 0.344680875 0.103207074 0.020439863 0.999999940 0.784313678 0
v -0.3515037 0.082236148 -0.00876385 0.999999940 0.784313678 0
v -0.33146289 0.080852635 -0.01102995 0.999999940 0.784313678 0
v -0.32454249 0.088695630 -0.00350911 0.999999940 0.784313678 0
v 0.331472188 0.080857329 -0.01103754 0.999999940 0.784313678 0
v 0.324533492 0.088719226 -0.00351892 0.999999940 0.784313678 0
v 0.351507574 0.082228206 -0.00875976 0.999999940 0.784313678 0
v -0.35145661 0.081048458 0.010681390 0.999999940 0.784313678 0
v -0.33125529 0.078619912 0.012345096 0.999999940 0.784313678 0
v -0.32273233 0.087488777 0.006410521 0.999999940 0.784313678 0
v 0.322722077 0.087505951 0.006418441 0.999999940 0.784313678 0
v 0.331261813 0.078629180 0.012354835 0.999999940 0.784313678 0
v 0.351467490 0.081056453 0.010660570 0.999999940 0.784313678 0
v -0.3541151 0.064075946 -0.01037743 0.999999940 0.784313678 0
v -0.33398631 0.062632717 -0.00923642 0.999999940 0.784313678 0
v 0.354122489 0.064071260 -0.01036553 0.999999940 0.784313678 0
v 0.333993166 0.062636181 -0.0092427 0.999999940 0.784313678 0
v -0.35410598 0.063717551 0.010502588 0.999999940 0.784313678 0
v -0.33411431 0.062359128 0.009426843 0.999999940 0.784313678 0
v 0.334120899 0.062364991 0.009433331 0.999999940 0.784313678 0
v 0.354112684 0.063717372 0.010490342 0.999999940 0.784313678 0
v -0.33622923 0.044815190 -0.00860038 0.999999940 0.784313678 0
v -0.35669127 0.045667726 -0.01092933 0.999999940 0.784313678 0
v 0.356693595 0.045677311 -0.01092618 0.999999940 0.784313678 0
v 0.336233139 0.044817540 -0.00860644 0.999999940 0.784313678 0
v -0.3567034 0.045618120 0.010918866 0.999999940 0.784313678 0
v -0.3362394 0.044784002 0.008608575 0.999999940 0.784313678 0
v 0.336244136 0.044787406 0.008615599 0.999999940 0.784313678 0
v 0.356702089 0.045629490 0.010914702 0.999999940 0.784313678 0
v -0.33770186 0.026895158 -0.00802603 0.999999940 0.784313678 0
v -0.35791475 0.027420211 -0.01102037 0.999999940 0.784313678 0
v 0.357929050 0.027442691 -0.01101795 0.999999940 0.784313678 0
v 0.337712258 0.026894813 -0.00804239 0.999999940 0.784313678 0
v -0.35791475 0.027419826 0.011020407 0.999999940 0.784313678 0
v -0.33770192 0.026894947 0.008026185 0.999999940 0.784313678 0
v 0.337715655 0.026896225 0.008048807 0.999999940 0.784313678 0
v 0.357915699 0.027444828 0.011016679 0.999999940 0.784313678 0
v -0.33859169 0.008962323 -0.00769194 0.999999940 0.784313678 0
v -0.3584784 0.009156148 -0.01107627 0.999999940 0.784313678 0
v 0.358518749 0.009170042 -0.01107564 0.999999940 0.784313678 0
v 0.338612347 0.008962972 -0.0077273 0.999999940 0.784313678 0
v -0.35847855 0.009156107 0.011076302 0.999999940 0.784313678 0
v -0.33859169 0.008962294 0.007691964 0.999999940 0.784313678 0
v 0.338615924 0.008963856 0.007742587 0.999999940 0.784313678 0
v 0.358608871 0.009173369 0.011164406 0.999999940 0.784313678 0
v -0.33859679 -0.00895088 -0.00769574 0.999999940 0.784313678 0
v -0.35848373 -0.00914217 -0.01108305 0.999999940 0.784313678 0
v 0.358527094 -0.0091531 -0.01108369 0.999999940 0.784313678 0
v 0.338611781 -0.0089494 -0.00773705 0.999999940 0.784313678 0
v -0.35848373 -0.00914222 0.011083058 0.999999940 0.784313678 0
v -0.33859688 -0.00895091 0.007695848 0.999999940 0.784313678 0
v 0.338611334 -0.00895028 0.007756104 0.999999940 0.784313678 0
v 0.358618557 -0.00915602 0.011173779 0.999999940 0.784313678 0
v -0.33766058 -0.02689013 -0.00806857 0.999999940 0.784313678 0
v -0.35791805 -0.02741426 -0.01103505 0.999999940 0.784313678 0
v 0.357938826 -0.02743767 -0.01103431 0.999999940 0.784313678 0
v 0.337617218 -0.02688847 -0.00813335 0.999999940 0.784313678 0
v -0.35791773 -0.02741363 0.011035121 0.999999940 0.784313678 0
v -0.33766025 -0.02688978 0.008069274 0.999999940 0.784313678 0
v 0.337620109 -0.02688995 0.008140848 0.999999940 0.784313678 0
v 0.357924908 -0.02743989 0.011033713 0.999999940 0.784313678 0
v -0.33610243 -0.04488352 -0.00865622 0.999999940 0.784313678 0
v -0.35660049 -0.04566131 -0.01075626 0.999999940 0.784313678 0
v 0.356599688 -0.04567665 -0.01074573 0.999999940 0.784313678 0
v 0.336197406 -0.04489036 -0.00859788 0.999999940 0.784313678 0
v -0.35659245 -0.04563092 0.010753471 0.999999940 0.784313678 0
v -0.33611065 -0.04486468 0.008653431 0.999999940 0.784313678 0
v 0.336206436 -0.04487288 0.008595988 0.999999940 0.784313678 0
v 0.356588155 -0.045648 0.010741934 0.999999940 0.784313678 0
v -0.33412033 -0.06288613 -0.00931405 0.999999940 0.784313678 0
v -0.35443592 -0.06399795 -0.01008729 0.999999940 0.784313678 0
v 0.334134370 -0.06288494 -0.00930219 0.999999940 0.784313678 0
v 0.354439616 -0.06400181 -0.01008227 0.999999940 0.784313678 0
v -0.35436052 -0.06389114 0.010200317 0.999999940 0.784313678 0
v -0.33427736 -0.0628121 0.009378179 0.999999940 0.784313678 0
v 0.334290474 -0.06281115 0.009367127 0.999999940 0.784313678 0
v 0.354363918 -0.06389515 0.010194604 0.999999940 0.784313678 0
v -0.33145171 -0.08028112 -0.01012932 0.999999940 0.784313678 0
v -0.3513186 -0.08229872 -0.00904348 0.999999940 0.784313678 0
v 0.331452518 -0.08027709 -0.01012952 0.999999940 0.784313678 0
v 0.351318985 -0.08229754 -0.00904342 0.999999940 0.784313678 0
v -0.35117307 -0.08222046 0.009498828 0.999999940 0.784313678 0
v -0.33173141 -0.0802526 0.010588754 0.999999940 0.784313678 0
v 0.331733614 -0.08024883 0.010587964 0.999999940 0.784313678 0
v 0.351173549 -0.08221953 0.00949868 0.999999940 0.784313678 0
v -0.33004197 -0.09707118 -0.01341208 0.999999940 0.784313678 0
v -0.34789243 -0.0982766 -0.00877307 0.999999940 0.784313678 0
v 0.33004269 -0.09707043 -0.01341219 0.999999940 0.784313678 0
v 0.347892373 -0.09827593 -0.0087735 0.999999940 0.784313678 0
v -0.34771335 -0.09834947 0.008870202 0.999999940 0.784313678 0
v -0.32928246 -0.09683421 0.016321405 0.999999940 0.784313678 0
v -0.32212037 -0.10344287 0.006890417 0.999999940 0.784313678 0
v -0.32279068 -0.10377503 -0.0056008 0.999999940 0.784313678 0
v 0.329283505 -0.09683299 0.016321580 0.999999940 0.784313678 0
v 0.322790741 -0.10377501 -0.00560049 0.999999940 0.784313678 0
v 0.322120517 -0.10344282 0.006890683 0.999999940 0.784313678 0
v 0.347713410 -0.09834885 0.008870510 0.999999940 0.784313678 0
v -0.33810297 -0.11785167 -0.01455437 0.999999940 0.784313678 0
v -0.3439016 -0.10963954 -0.00434005 0.999999940 0.784313678 0
v -0.31900829 -0.11705916 -0.00934622 0.999999940 0.784313678 0
v 0.319008290 -0.11705911 -0.00934612 0.999999940 0.784313678 0
v 0.338102966 -0.11785177 -0.01455461 0.999999940 0.784313678 0
v 0.343901604 -0.10963956 -0.00433997 0.999999940 0.784313678 0
v -0.34440529 -0.10995062 0.004815205 0.999999940 0.784313678 0
v -0.33776456 -0.11784083 0.013556176 0.999999940 0.784313678 0
v -0.31912363 -0.11718269 0.009602299 0.999999940 0.784313678 0
v 0.319123715 -0.1171827 0.009602448 0.999999940 0.784313678 0
v 0.337764650 -0.11784048 0.013556106 0.999999940 0.784313678 0
v 0.344405412 -0.10995066 0.004815326 0.999999940 0.784313678 0
v -0.31446114 -0.13538881 -0.01171956 0.999999940 0.784313678 0
v -0.3332471 -0.13583624 -0.0105216 0.999999940 0.784313678 0
v 0.314461141 -0.13538878 -0.0117196 0.999999940 0.784313678 0
v 0.333247095 -0.13583624 -0.01052153 0.999999940 0.784313678 0
v -0.3332434 -0.13588986 0.010473076 0.999999940 0.784313678 0
v -0.31450424 -0.13544953 0.011781428 0.999999940 0.784313678 0
v -0.30662432 -0.14318445 0.004846104 0.999999940 0.784313678 0
v -0.30662689 -0.14317919 -0.00484796 0.999999940 0.784313678 0
v 0.314504325 -0.13544953 0.011781415 0.999999940 0.784313678 0
v 0.306626886 -0.14317916 -0.00484802 0.999999940 0.784313678 0
v 0.306624323 -0.14318444 0.004846239 0.999999940 0.784313678 0
v 0.333243340 -0.1358899 0.010473161 0.999999940 0.784313678 0
v -0.32045969 -0.15635924 -0.01471858 0.999999940 0.784313678 0
v -0.32963589 -0.14955319 -0.00707275 0.999999940 0.784313678 0
v -0.30217823 -0.15439555 -0.0085904 0.999999940 0.784313678 0
v 0.302178323 -0.15439552 -0.00859059 0.999999940 0.784313678 0
v 0.320459872 -0.15635963 -0.01471776 0.999999940 0.784313678 0
v 0.329635828 -0.14955319 -0.00707266 0.999999940 0.784313678 0
v -0.32963628 -0.14955904 0.007063019 0.999999940 0.784313678 0
v -0.32045949 -0.15637685 0.014708397 0.999999940 0.784313678 0
v -0.30217358 -0.15440123 0.008588085 0.999999940 0.784313678 0
v 0.302173733 -0.1544009 0.008588071 0.999999940 0.784313678 0
v 0.320459276 -0.15637659 0.014709084 0.999999940 0.784313678 0
v 0.329636365 -0.14955898 0.007063025 0.999999940 0.784313678 0
v -0.29603797 -0.170647 -0.01290415 0.999999940 0.784313678 0
v -0.31547898 -0.17247096 -0.01081376 0.999999940 0.784313678 0
v 0.296052694 -0.17063838 -0.01290309 0.999999940 0.784313678 0
v 0.315478593 -0.17247145 -0.01081249 0.999999940 0.784313678 0
v -0.31547874 -0.17247123 0.010812476 0.999999940 0.784313678 0
v -0.29603925 -0.17064729 0.012904089 0.999999940 0.784313678 0
v -0.2877472 -0.17866072 0.005524477 0.999999940 0.784313678 0
v -0.28777534 -0.17868133 -0.00549592 0.999999940 0.784313678 0
v 0.296040535 -0.1706454 0.012904292 0.999999940 0.784313678 0
v 0.287746042 -0.17865643 -0.00551418 0.999999940 0.784313678 0
v 0.287770956 -0.17868617 0.005482391 0.999999940 0.784313678 0
v 0.315477997 -0.17247075 0.010815241 0.999999940 0.784313678 0
v -0.30149996 -0.19254804 -0.01448523 0.999999940 0.784313678 0
v -0.31121868 -0.18508783 -0.00701004 0.999999940 0.784313678 0
v -0.28268161 -0.18975025 -0.01003074 0.999999940 0.784313678 0
v 0.282695472 -0.189684 -0.01007029 0.999999940 0.784313678 0
v 0.301572442 -0.19250196 -0.01439827 0.999999940 0.784313678 0
v 0.311216592 -0.18508825 -0.00700734 0.999999940 0.784313678 0
v -0.3112174 -0.18508677 0.007007427 0.999999940 0.784313678 0
v -0.30150044 -0.19254427 0.014474107 0.999999940 0.784313678 0
v -0.2826499 -0.1897386 0.010087018 0.999999940 0.784313678 0
v 0.282615661 -0.18971831 0.009936598 0.999999940 0.784313678 0
v 0.301494240 -0.19255827 0.014484157 0.999999940 0.784313678 0
v 0.311217725 -0.18508877 0.007012147 0.999999940 0.784313678 0
v -0.27701509 -0.20554301 -0.0134922 0.999999940 0.784313678 0
v -0.29508692 -0.2078409 -0.00969579 0.999999940 0.784313678 0
v 0.276936143 -0.20510644 -0.01440553 0.999999940 0.784313678 0
v 0.295233011 -0.20776114 -0.00968237 0.999999940 0.784313678 0
v -0.29508805 -0.20783979 0.009691068 0.999999940 0.784313678 0
v -0.27699965 -0.20552775 0.013585138 0.999999940 0.784313678 0
v -0.26488361 -0.21078688 0.00824471 0.999999940 0.784313678 0
v -0.26488352 -0.2107877 -0.00820907 0.999999940 0.784313678 0
v 0.276811450 -0.20531137 0.013412657 0.999999940 0.784313678 0
v 0.265107065 -0.21087603 -0.00838938 0.999999940 0.784313678 0
v 0.264997005 -0.21088994 0.007458555 0.999999940 0.784313678 0
v 0.295086681 -0.20783144 0.009677629 0.999999940 0.784313678 0
v -0.27934438 -0.22474788 -0.01130253 0.999999940 0.784313678 0
v -0.28934291 -0.21803583 -0.00429679 0.999999940 0.784313678 0
v -0.26103529 -0.22482234 -0.01346674 0.999999940 0.784313678 0
v 0.260480582 -0.22414789 -0.01562989 0.999999940 0.784313678 0
v 0.279796570 -0.22488952 -0.01205869 0.999999940 0.784313678 0
v 0.289325028 -0.21796273 -0.00439599 0.999999940 0.784313678 0
v -0.289343 -0.21803513 0.004297594 0.999999940 0.784313678 0
v -0.27935815 -0.22476029 0.011332004 0.999999940 0.784313678 0
v -0.26103193 -0.22483124 0.013497470 0.999999940 0.784313678 0
v -0.24830876 -0.23024102 0.007155136 0.999999940 0.784313678 0
v -0.24830499 -0.23022458 -0.00717552 0.999999940 0.784313678 0
v 0.260727316 -0.22434609 0.013286327 0.999999940 0.784313678 0
v 0.248190268 -0.23018502 -0.00769771 0.999999940 0.784313678 0
v 0.248267650 -0.23017813 0.006752844 0.999999940 0.784313678 0
v 0.279585063 -0.22485001 0.011145956 0.999999940 0.784313678 0
v 0.289326965 -0.21804383 0.004229097 0.999999940 0.784313678 0
v -0.2618084 -0.24357866 -0.01196104 0.999999940 0.784313678 0
v -0.27354217 -0.23716263 -0.00527751 0.999999940 0.784313678 0
v -0.24332169 -0.24322835 -0.01295044 0.999999940 0.784313678 0
v 0.242809295 -0.24273166 -0.01452819 0.999999940 0.784313678 0
v 0.263076424 -0.24476007 -0.01481759 0.999999940 0.784313678 0
v 0.273732662 -0.23736547 -0.00588952 0.999999940 0.784313678 0
v -0.27354208 -0.23716399 0.005278206 0.999999940 0.784313678 0
v -0.26179868 -0.24358965 0.011992734 0.999999940 0.784313678 0
v -0.24330494 -0.24326403 0.012758887 0.999999940 0.784313678 0
v -0.2300255 -0.24808323 0.007303854 0.999999940 0.784313678 0
v -0.23000035 -0.24801762 -0.0075239 0.999999940 0.784313678 0
v 0.242469266 -0.24231839 0.014060176 0.999999940 0.784313678 0
v 0.230358362 -0.2483872 -0.0074969 0.999999940 0.784313678 0
v 0.230101645 -0.24817774 0.006750362 0.999999940 0.784313678 0
v 0.262610167 -0.24413103 0.013406192 0.999999940 0.784313678 0
v 0.273444265 -0.23705684 0.004738936 0.999999940 0.784313678 0
v -0.24362884 -0.26174316 -0.0118304 0.999999940 0.784313678 0
v -0.2557655 -0.2557483 -0.00550657 0.999999940 0.784313678 0
v -0.22483368 -0.260986 -0.01346296 0.999999940 0.784313678 0
v 0.223651334 -0.25994733 -0.01726932 0.999999940 0.784313678 0
v 0.244141429 -0.26231864 -0.01240075 0.999999940 0.784313678 0
v 0.255729824 -0.25572389 -0.00535749 0.999999940 0.784313678 0
v -0.2557815 -0.25577313 0.005550743 0.999999940 0.784313678 0
v -0.2435592 -0.26173806 0.011824128 0.999999940 0.784313678 0
v -0.22471634 -0.26094043 0.013324325 0.999999940 0.784313678 0
v -0.21070836 -0.26491597 0.007943403 0.999999940 0.784313678 0
v -0.21077868 -0.26497719 -0.00819457 0.999999940 0.784313678 0
v 0.223666608 -0.26004943 0.014974387 0.999999940 0.784313678 0
v 0.210693031 -0.26492143 -0.00850584 0.999999940 0.784313678 0
v 0.210807353 -0.26498187 0.007398339 0.999999940 0.784313678 0
v 0.244659438 -0.26297837 0.015189615 0.999999940 0.784313678 0
v 0.256045609 -0.25600737 0.005999930 0.999999940 0.784313678 0
v -0.22505644 -0.27966869 -0.01241884 0.999999940 0.784313678 0
v -0.23719279 -0.27357042 -0.00534768 0.999999940 0.784313678 0
v -0.204769 -0.27598104 -0.0164121 0.999999940 0.784313678 0
v 0.204522490 -0.2761583 -0.01638746 0.999999940 0.784313678 0
v 0.225047528 -0.279973 -0.01234778 0.999999940 0.784313678 0
v 0.237303540 -0.27366495 -0.00562768 0.999999940 0.784313678 0
v -0.23718826 -0.27359384 0.005322875 0.999999940 0.784313678 0
v -0.22475569 -0.27939144 0.011319248 0.999999940 0.784313678 0
v -0.20536153 -0.27686548 0.013572673 0.999999940 0.784313678 0
v -0.18963909 -0.28244266 0.010070894 0.999999940 0.784313678 0
v -0.18964969 -0.28237271 -0.01047143 0.999999940 0.784313678 0
v -0.17832889 -0.28735515 -0.00603733 0.999999940 0.784313678 0
v -0.17859328 -0.28774029 0.005296706 0.999999940 0.784313678 0
v 0.189621239 -0.28240231 0.010013092 0.999999940 0.784313678 0
v 0.189614102 -0.28240407 -0.01046794 0.999999940 0.784313678 0
v 0.178324431 -0.28735775 -0.00603678 0.999999940 0.784313678 0
v 0.178594827 -0.28773934 0.005295292 0.999999940 0.784313678 0
v 0.205146864 -0.27676967 0.013428621 0.999999940 0.784313678 0
v 0.224798098 -0.27965131 0.011324892 0.999999940 0.784313678 0
v 0.237366497 -0.27378851 0.005452652 0.999999940 0.784313678 0
v -0.20780738 -0.29503319 -0.00974034 0.999999940 0.784313678 0
v -0.21803924 -0.28934988 -0.00444244 0.999999940 0.784313678 0
v -0.19243084 -0.30133545 -0.01434937 0.999999940 0.784313678 0
v -0.17020902 -0.29551688 -0.01431031 0.999999940 0.784313678 0
v 0.170202672 -0.29552123 -0.01431242 0.999999940 0.784313678 0
v 0.192388311 -0.30137452 -0.01426847 0.999999940 0.784313678 0
v 0.207734376 -0.2951256 -0.00967772 0.999999940 0.784313678 0
v 0.218017131 -0.28937212 -0.00455864 0.999999940 0.784313678 0
v -0.2180081 -0.28932035 0.004175478 0.999999940 0.784313678 0
v -0.20783927 -0.29520765 0.009696831 0.999999940 0.784313678 0
v -0.19257186 -0.30160144 0.014376362 0.999999940 0.784313678 0
v -0.17051667 -0.29599637 0.012999189 0.999999940 0.784313678 0
v -0.15435629 -0.30201527 0.00865479 0.999999940 0.784313678 0
v -0.15424635 -0.30187663 -0.00905981 0.999999940 0.784313678 0
v -0.14288858 -0.30633232 -0.005158 0.999999940 0.784313678 0
v -0.14313817 -0.30667925 0.00465415 0.999999940 0.784313678 0
v 0.154356285 -0.30201527 0.008654779 0.999999940 0.784313678 0
v 0.154246389 -0.30187654 -0.00905969 0.999999940 0.784313678 0
v 0.142888337 -0.30633214 -0.00515819 0.999999940 0.784313678 0
v 0.143138006 -0.30667931 0.004654027 0.999999940 0.784313678 0
v 0.170518130 -0.29599401 0.012999484 0.999999940 0.784313678 0
v 0.192574754 -0.30160841 0.014364557 0.999999940 0.784313678 0
v 0.207811683 -0.29525554 0.009653392 0.999999940 0.784313678 0
v 0.218005597 -0.28932002 0.004172828 0.999999940 0.784313678 0
v -0.17243567 -0.31553218 -0.0111675 0.999999940 0.784313678 0
v -0.18510483 -0.31121308 -0.00726833 0.999999940 0.784313678 0
v -0.15627488 -0.3203508 -0.01491659 0.999999940 0.784313678 0
v -0.13482237 -0.31297192 -0.01333262 0.999999940 0.784313678 0
v 0.134822323 -0.31297192 -0.01333281 0.999999940 0.784313678 0
v 0.156274974 -0.3203508 -0.01491664 0.999999940 0.784313678 0
v 0.172435343 -0.31553251 -0.01116716 0.999999940 0.784313678 0
v 0.185048654 -0.31113496 -0.00719443 0.999999940 0.784313678 0
v -0.18500787 -0.31109321 0.006575622 0.999999940 0.784313678 0
v -0.17254846 -0.31582877 0.010927244 0.999999940 0.784313678 0
v -0.15644781 -0.32041106 0.014282668 0.999999940 0.784313678 0
v -0.13558316 -0.3137683 0.012000327 0.999999940 0.784313678 0
v -0.11691859 -0.31751269 0.010135036 0.999999940 0.784313678 0
v -0.11657469 -0.31750351 -0.00861359 0.999999940 0.784313678 0
v -0.1003551 -0.32100254 -0.00749274 0.999999940 0.784313678 0
v -0.10013179 -0.31872338 0.012661859 0.999999940 0.784313678 0
v -0.08555554 -0.32051894 0.009530494 0.999999940 0.784313678 0
v -0.08690204 -0.32266566 -0.00550652 0.999999940 0.784313678 0
v 0.100354999 -0.32100254 -0.0074933 0.999999940 0.784313678 0
v 0.086901888 -0.32266584 -0.00550688 0.999999940 0.784313678 0
v 0.085555113 -0.32051909 0.009531078 0.999999940 0.784313678 0
v 0.100131690 -0.31872338 0.012662795 0.999999940 0.784313678 0
v 0.116918616 -0.31751275 0.010135128 0.999999940 0.784313678 0
v 0.116574622 -0.31750339 -0.00861407 0.999999940 0.784313678 0
v 0.135582864 -0.31376833 0.012000145 0.999999940 0.784313678 0
v 0.156447812 -0.32041106 0.014282655 0.999999940 0.784313678 0
v 0.172548487 -0.31582877 0.010927240 0.999999940 0.784313678 0
v 0.185007870 -0.3110933 0.00657523 0.999999940 0.784313678 0
v -0.13577519 -0.33318427 -0.01079368 0.999999940 0.784313678 0
v -0.14949861 -0.32964057 -0.00729902 0.999999940 0.784313678 0
v -0.11929552 -0.33887067 -0.01236429 0.999999940 0.784313678 0
v -0.10240087 -0.33975029 -0.01459975 0.999999940 0.784313678 0
v -0.08051852 -0.33080003 -0.01215489 0.999999940 0.784313678 0
v 0.080519296 -0.33080214 -0.01215602 0.999999940 0.784313678 0
v 0.102401323 -0.3397499 -0.01459902 0.999999940 0.784313678 0
v 0.11929591 -0.33887053 -0.01236429 0.999999940 0.784313678 0
v 0.135775193 -0.33318421 -0.01079376 0.999999940 0.784313678 0
v 0.149498641 -0.32964057 -0.00729902 0.999999940 0.784313678 0
v -0.14946415 -0.32946256 0.006541973 0.999999940 0.784313678 0
v -0.13622749 -0.33335829 0.010859021 0.999999940 0.784313678 0
v -0.11969275 -0.33822432 0.013090530 0.999999940 0.784313678 0
v -0.10253058 -0.34033337 0.017426811 0.999999940 0.784313678 0
v -0.07985151 -0.33039957 0.015145193 0.999999940 0.784313678 0
v -0.06221923 -0.3333284 0.010329880 0.999999940 0.784313678 0
v -0.0624283 -0.33344972 -0.00958299 0.999999940 0.784313678 0
v -0.04477807 -0.33614075 -0.00865853 0.999999940 0.784313678 0
v -0.04472949 -0.33618504 0.008689788 0.999999940 0.784313678 0
v -0.02687632 -0.33766136 0.008073804 0.999999940 0.784313678 0
v -0.02688137 -0.33766374 -0.00808227 0.999999940 0.784313678 0
v -0.00895926 -0.33855098 0.007722549 0.999999940 0.784313678 0
v -0.00895877 -0.33855221 -0.00772555 0.999999940 0.784313678 0
v 0.008959594 -0.33855116 0.007723071 0.999999940 0.784313678 0
v 0.008958942 -0.33855247 -0.00772611 0.999999940 0.784313678 0
v 0.026876604 -0.33766267 0.00807596 0.999999940 0.784313678 0
v 0.026881480 -0.33766487 -0.00808447 0.999999940 0.784313678 0
v 0.044729154 -0.33618647 0.008691594 0.999999940 0.784313678 0
v 0.044777590 -0.3361426 -0.00866115 0.999999940 0.784313678 0
v 0.062219131 -0.33333039 0.010329853 0.999999940 0.784313678 0
v 0.062428440 -0.33345157 -0.00958408 0.999999940 0.784313678 0
v 0.079851657 -0.33040175 0.015146319 0.999999940 0.784313678 0
v 0.102530658 -0.34033331 0.017426105 0.999999940 0.784313678 0
v 0.119692847 -0.33822432 0.013090789 0.999999940 0.784313678 0
v 0.136227488 -0.33335829 0.010859056 0.999999940 0.784313678 0
v 0.149464085 -0.32946256 0.00654202 0.999999940 0.784313678 0
v -0.08155026 -0.35120645 -0.01029947 0.999999940 0.784313678 0
v -0.09661877 -0.34917751 -0.00751944 0.999999940 0.784313678 0
v -0.06408264 -0.35416532 -0.01060002 0.999999940 0.784313678 0
v -0.04565515 -0.35662979 -0.01090017 0.999999940 0.784313678 0
v -0.0274009 -0.35796946 -0.01107273 0.999999940 0.784313678 0
v -0.00914131 -0.35844177 -0.01104853 0.999999940 0.784313678 0
v 0.009139617 -0.35844177 -0.01104829 0.999999940 0.784313678 0
v 0.027399793 -0.35796979 -0.01107223 0.999999940 0.784313678 0
v 0.045655272 -0.35662976 -0.01090015 0.999999940 0.784313678 0
v 0.064082704 -0.35416484 -0.01060058 0.999999940 0.784313678 0
v 0.081549361 -0.35120699 -0.01029881 0.999999940 0.784313678 0
v 0.096616707 -0.34917867 -0.0075177 0.999999940 0.784313678 0
v -0.09658866 -0.34961259 0.009279687 0.999999940 0.784313678 0
v -0.08130162 -0.35154209 0.011462107 0.999999940 0.784313678 0
v -0.06385838 -0.35407713 0.010777378 0.999999940 0.784313678 0
v -0.04557567 -0.35666251 0.010943431 0.999999940 0.784313678 0
v -0.02739191 -0.35797209 0.011064183 0.999999940 0.784313678 0
v -0.00914234 -0.35844418 0.011045916 0.999999940 0.784313678 0
v 0.009140656 -0.35844395 0.011045971 0.999999940 0.784313678 0
v 0.027390817 -0.3579728 0.011063724 0.999999940 0.784313678 0
v 0.045576140 -0.35666233 0.010941769 0.999999940 0.784313678 0
v 0.063858285 -0.35407716 0.010777046 0.999999940 0.784313678 0
v 0.081300504 -0.35154262 0.011461350 0.999999940 0.784313678 0
v 0.096586816 -0.3496137 0.009278258 0.999999940 0.784313678 0
s 0
f 653 654 655 656
f 657 658 653 656
f 659 658 657 660
f 661 659 660 662
f 663 664 661 662
f 665 666 664 663
f 667 668 666 665
f 669 670 668 667
f 671 672 670 669
f 673 674 672 671
f 675 674 673 676
f 677 678 675 676
f 679 680 678 677
f 681 680 679 682
f 683 684 681 682
f 685 657 656 686
f 660 657 685 687
f 688 679 677 689
f 682 679 688 690
f 691 692 654 653
f 691 653 658 693
f 693 658 659 694
f 694 659 661 695
f 695 661 664 696
f 697 696 664 666
f 698 697 666 668
f 699 698 668 670
f 700 699 670 672
f 701 700 672 674
f 702 701 674 675
f 703 702 675 678
f 704 703 678 680
f 705 704 680 681
f 706 705 681 684
f 707 655 654 692
f 707 692 708 709
f 662 660 710 711
f 710 694 695 711
f 712 663 662 711
f 712 711 695 696
f 713 665 663 712
f 713 712 696 697
f 714 667 665 713
f 714 713 697 698
f 715 669 667 714
f 715 714 698 699
f 716 671 669 715
f 716 715 699 700
f 717 673 671 716
f 717 716 700 701
f 718 676 673 717
f 717 701 702 718
f 719 677 676 718
f 719 718 702 703
f 720 706 684 683
f 721 706 720 722
f 686 656 655 723
f 655 707 724 723
f 685 686 723 725
f 723 726 727 725
f 728 710 660 687
f 728 687 685 725
f 728 725 727 710
f 729 689 677 719
f 688 689 729 730
f 729 719 731 730
f 683 682 690 732
f 732 690 688 730
f 732 730 731 733
f 734 720 683 732
f 735 708 692 736
f 736 692 691 737
f 737 691 693 738
f 738 693 694 739
f 740 741 703 704
f 742 740 704 705
f 743 742 705 706
f 744 743 706 721
f 745 746 747 748
f 749 709 708 735
f 749 735 746 745
f 707 709 749 750
f 751 750 736 737
f 752 727 726 751
f 751 737 738 752
f 753 739 694 710
f 753 710 727 752
f 753 752 738 739
f 754 719 703 741
f 731 719 754 755
f 754 741 740 755
f 733 731 755 756
f 756 755 740 742
f 756 742 743 757
f 758 744 721 722
f 758 722 720 757
f 759 760 744 758
f 761 760 759 762
f 724 707 750 763
f 726 723 724 763
f 763 750 751 726
f 757 720 734 764
f 734 732 733 764
f 764 733 756 757
f 765 747 746 766
f 766 746 735 767
f 767 735 736 768
f 769 770 743 744
f 771 769 744 760
f 772 771 760 761
f 773 774 775 776
f 777 748 747 765
f 777 765 774 773
f 745 748 777 778
f 749 745 778 779
f 779 778 766 767
f 780 768 736 750
f 750 749 779 780
f 779 767 768 780
f 781 757 743 770
f 782 758 757 781
f 782 781 770 769
f 783 759 758 782
f 783 782 769 771
f 784 772 761 762
f 784 762 759 783
f 785 786 772 784
f 787 786 785 788
f 789 775 774 790
f 790 774 765 791
f 791 765 766 792
f 793 794 771 772
f 795 793 772 786
f 796 795 786 787
f 776 775 789 797
f 789 798 799 797
f 773 776 797 800
f 777 773 800 801
f 801 800 790 791
f 792 766 778 802
f 778 777 801 802
f 801 791 792 802
f 783 771 794 803
f 804 784 783 803
f 804 803 794 793
f 805 785 784 804
f 805 804 793 795
f 796 787 788 806
f 806 788 785 805
f 807 808 796 806
f 809 798 789 810
f 810 789 790 811
f 812 813 795 796
f 814 812 796 808
f 815 799 798 809
f 815 809 816 817
f 797 799 815 818
f 819 811 790 800
f 800 797 818 819
f 818 810 811 819
f 820 805 795 813
f 821 806 805 820
f 821 820 813 812
f 822 814 808 807
f 822 807 806 821
f 823 824 814 822
f 825 816 809 826
f 826 809 810 827
f 828 829 812 814
f 830 828 814 824
f 831 817 816 825
f 825 832 833 831
f 815 817 831 834
f 827 810 818 835
f 818 815 834 835
f 835 834 826 827
f 836 821 812 829
f 837 822 821 836
f 837 836 829 828
f 838 830 824 823
f 838 823 822 837
f 839 840 830 838
f 841 832 825 842
f 842 825 826 843
f 844 845 828 830
f 846 844 830 840
f 833 832 841 847
f 847 841 848 849
f 831 833 847 850
f 851 843 826 834
f 834 831 850 851
f 851 850 842 843
f 852 837 828 845
f 853 838 837 852
f 853 852 845 844
f 854 846 840 839
f 854 839 838 853
f 855 856 846 854
f 857 848 841 858
f 858 841 842 859
f 860 861 844 846
f 862 860 846 856
f 863 849 848 857
f 847 849 863 864
f 865 859 842 850
f 850 847 864 865
f 865 864 858 859
f 866 853 844 861
f 867 854 853 866
f 867 866 861 860
f 868 862 856 855
f 868 855 854 867
f 869 857 858 870
f 871 872 860 862
f 873 863 857 869
f 873 869 874 875
f 876 870 858 864
f 864 863 873 876
f 877 867 860 872
f 878 871 862 868
f 878 868 867 877
f 879 880 871 878
f 881 874 869 882
f 882 869 870 883
f 884 885 872 871
f 886 884 871 880
f 887 875 874 881
f 873 875 887 888
f 889 883 870 876
f 876 873 888 889
f 889 888 882 883
f 877 872 885 890
f 891 878 877 890
f 891 890 885 884
f 892 886 880 879
f 892 879 878 891
f 893 881 882 894
f 895 896 884 886
f 897 887 881 893
f 897 893 898 899
f 900 894 882 888
f 888 887 897 900
f 901 891 884 896
f 902 895 886 892
f 902 892 891 901
f 903 904 895 902
f 905 898 893 906
f 906 893 894 907
f 908 909 896 895
f 910 908 895 904
f 911 899 898 905
f 897 899 911 912
f 907 894 900 913
f 900 897 912 913
f 912 906 907 913
f 901 896 909 914
f 915 902 901 914
f 915 914 909 908
f 916 910 904 903
f 916 903 902 915
f 912 911 917 918
f 919 916 915 920
f 921 905 906 922
f 923 924 908 910
f 925 911 905 921
f 925 921 926 927
f 928 922 906 912
f 929 915 908 924
f 930 923 910 916
f 931 932 923 930
f 933 917 911 925
f 925 927 934 933
f 928 912 918 935
f 918 917 933 935
f 920 915 929 936
f 937 930 916 919
f 937 919 920 936
f 938 931 930 937
f 939 926 921 940
f 940 921 922 941
f 942 943 924 923
f 944 942 923 932
f 927 926 939 945
f 941 922 928 946
f 929 924 943 947
f 944 932 931 948
f 934 927 945 949
f 950 933 934 949
f 949 945 951 950
f 946 928 935 952
f 935 933 950 952
f 952 950 951 946
f 936 929 947 953
f 954 937 936 953
f 953 947 955 954
f 948 931 938 956
f 956 938 937 954
f 956 954 955 948
f 957 939 940 958
f 958 940 941 959
f 960 961 943 942
f 962 960 942 944
f 945 939 957 963
f 951 945 963 964
f 965 959 941 946
f 946 951 964 965
f 965 964 958 959
f 966 947 943 961
f 967 955 947 966
f 966 961 960 967
f 962 944 948 968
f 968 948 955 967
f 969 957 958 970
f 971 972 960 962
f 973 963 957 969
f 970 958 964 974
f 964 963 973 974
f 967 960 972 975
f 976 971 962 968
f 976 968 967 975
f 977 978 969 970
f 979 980 972 971
f 981 973 969 978
f 982 977 970 974
f 982 974 973 981
f 983 975 972 980
f 984 979 971 976
f 984 976 975 983
f 985 986 978 977
f 987 988 980 979
f 989 981 978 986
f 990 985 977 982
f 990 982 981 989
f 991 983 980 988
f 992 987 979 984
f 992 984 983 991
f 993 994 986 985
f 995 996 988 987
f 997 989 986 994
f 998 993 985 990
f 998 990 989 997
f 999 991 988 996
f 1000 995 987 992
f 1000 992 991 999
f 1001 1002 994 993
f 1003 1004 996 995
f 1005 997 994 1002
f 1006 1001 993 998
f 1006 998 997 1005
f 1007 999 996 1004
f 1008 1003 995 1000
f 1008 1000 999 1007
f 1009 1010 1002 1001
f 1011 1012 1004 1003
f 1013 1005 1002 1010
f 1014 1009 1001 1006
f 1014 1006 1005 1013
f 1015 1007 1004 1012
f 1016 1011 1003 1008
f 1016 1008 1007 1015
f 1017 1018 1010 1009
f 1019 1020 1012 1011
f 1021 1013 1010 1018
f 1022 1017 1009 1014
f 1022 1014 1013 1021
f 1023 1015 1012 1020
f 1024 1019 1011 1016
f 1024 1016 1015 1023
f 1025 1026 1018 1017
f 1027 1020 1019 1028
f 1029 1021 1018 1026
f 1025 1017 1022 1030
f 1030 1022 1021 1029
f 1023 1020 1027 1031
f 1032 1028 1019 1024
f 1032 1024 1023 1031
f 1033 1034 1026 1025
f 1035 1027 1028 1036
f 1037 1029 1026 1034
f 1033 1025 1030 1038
f 1038 1030 1029 1037
f 1031 1027 1035 1039
f 1040 1036 1028 1032
f 1032 1031 1039 1040
f 1041 1042 1034 1033
f 1043 1035 1036 1044
f 1045 1037 1034 1042
f 1046 1041 1033 1038
f 1046 1038 1037 1045
f 1047 1048 1041 1046
f 1049 1039 1035 1043
f 1043 1050 1051 1049
f 1052 1044 1036 1040
f 1040 1039 1049 1052
f 1053 1054 1042 1041
f 1055 1053 1041 1048
f 1056 1050 1043 1057
f 1057 1043 1044 1058
f 1059 1045 1042 1054
f 1060 1046 1045 1059
f 1059 1054 1053 1060
f 1055 1048 1047 1061
f 1061 1047 1046 1060
f 1051 1050 1056 1062
f 1049 1051 1062 1063
f 1064 1058 1044 1052
f 1052 1049 1063 1064
f 1064 1063 1057 1058
f 1065 1066 1053 1055
f 1067 1056 1057 1068
f 1069 1060 1053 1066
f 1070 1065 1055 1061
f 1070 1061 1060 1069
f 1071 1072 1065 1070
f 1073 1062 1056 1067
f 1073 1067 1074 1075
f 1076 1068 1057 1063
f 1063 1062 1073 1076
f 1077 1078 1066 1065
f 1079 1077 1065 1072
f 1080 1074 1067 1081
f 1081 1067 1068 1082
f 1083 1069 1066 1078
f 1084 1070 1069 1083
f 1084 1083 1078 1077
f 1085 1079 1072 1071
f 1085 1071 1070 1084
f 1086 1075 1074 1080
f 1073 1075 1086 1087
f 1088 1082 1068 1076
f 1076 1073 1087 1088
f 1088 1087 1081 1082
f 1089 1090 1077 1079
f 1091 1080 1081 1092
f 1093 1084 1077 1090
f 1094 1089 1079 1085
f 1094 1085 1084 1093
f 1095 1096 1089 1094
f 1097 1086 1080 1091
f 1097 1091 1098 1099
f 1100 1092 1081 1087
f 1087 1086 1097 1100
f 1101 1102 1090 1089
f 1103 1101 1089 1096
f 1104 1098 1091 1105
f 1105 1091 1092 1106
f 1107 1093 1090 1102
f 1108 1094 1093 1107
f 1108 1107 1102 1101
f 1103 1096 1095 1109
f 1109 1095 1094 1108
f 1110 1099 1098 1104
f 1097 1099 1110 1111
f 1112 1106 1092 1100
f 1100 1097 1111 1112
f 1112 1111 1105 1106
f 1113 1114 1101 1103
f 1115 1104 1105 1116
f 1117 1108 1101 1114
f 1118 1113 1103 1109
f 1118 1109 1108 1117
f 1119 1120 1113 1118
f 1121 1110 1104 1115
f 1121 1115 1122 1123
f 1124 1116 1105 1111
f 1111 1110 1121 1124
f 1125 1126 1114 1113
f 1127 1125 1113 1120
f 1128 1122 1115 1129
f 1129 1115 1116 1130
f 1131 1117 1114 1126
f 1132 1118 1117 1131
f 1132 1131 1126 1125
f 1133 1127 1120 1119
f 1133 1119 1118 1132
f 1134 1135 1127 1133
f 1136 1123 1122 1128
f 1136 1128 1137 1138
f 1121 1123 1136 1139
f 1140 1130 1116 1124
f 1124 1121 1139 1140
f 1140 1139 1129 1130
f 1141 1142 1125 1127
f 1143 1141 1127 1135
f 1144 1137 1128 1145
f 1145 1128 1129 1146
f 1147 1132 1125 1142
f 1148 1133 1132 1147
f 1148 1147 1142 1141
f 1149 1143 1135 1134
f 1149 1134 1133 1148
f 1150 1151 1143 1149
f 1152 1138 1137 1144
f 1152 1144 1153 1154
f 1136 1138 1152 1155
f 1146 1129 1139 1156
f 1139 1136 1155 1156
f 1155 1145 1146 1156
f 1157 1158 1141 1143
f 1159 1157 1143 1151
f 1160 1153 1144 1161
f 1161 1144 1145 1162
f 1163 1148 1141 1158
f 1164 1149 1148 1163
f 1164 1163 1158 1157
f 1165 1159 1151 1150
f 1165 1150 1149 1164
f 1166 1167 1159 1165
f 1168 1154 1153 1160
f 1168 1160 1169 1170
f 1152 1154 1168 1171
f 1172 1162 1145 1155
f 1155 1152 1171 1172
f 1172 1171 1161 1162
f 1173 1174 1157 1159
f 1175 1173 1159 1167
f 1176 1169 1160 1177
f 1177 1160 1161 1178
f 1179 1164 1157 1174
f 1180 1165 1164 1179
f 1179 1174 1173 1180
f 1175 1167 1166 1181
f 1181 1166 1165 1180
f 1182 1183 1175 1181
f 1184 1183 1182 1185
f 1186 1187 1188 1189
f 1170 1169 1176 1190
f 1190 1176 1187 1186
f 1168 1170 1190 1191
f 1178 1161 1171 1192
f 1171 1168 1191 1192
f 1192 1191 1177 1178
f 1193 1194 1173 1175
f 1195 1193 1175 1183
f 1196 1195 1183 1184
f 1197 1188 1187 1198
f 1198 1187 1176 1199
f 1199 1176 1177 1200
f 1201 1180 1173 1194
f 1202 1181 1180 1201
f 1202 1201 1194 1193
f 1203 1182 1181 1202
f 1203 1202 1193 1195
f 1204 1196 1184 1185
f 1204 1185 1182 1203
f 1205 1206 1196 1204
f 1207 1206 1205 1208
f 1209 1210 1211 1212
f 1213 1189 1188 1197
f 1213 1197 1210 1209
f 1186 1189 1213 1214
f 1190 1186 1214 1215
f 1215 1214 1198 1199
f 1216 1200 1177 1191
f 1191 1190 1215 1216
f 1215 1199 1200 1216
f 1217 1218 1195 1196
f 1219 1217 1196 1206
f 1220 1219 1206 1207
f 1221 1211 1210 1222
f 1222 1210 1197 1223
f 1223 1197 1198 1224
f 1203 1195 1218 1225
f 1226 1204 1203 1225
f 1226 1225 1218 1217
f 1227 1205 1204 1226
f 1227 1226 1217 1219
f 1228 1220 1207 1208
f 1228 1208 1205 1227
f 1229 1230 1220 1228
f 1231 1230 1229 1232
f 1233 1234 1231 1232
f 1235 1236 1237 1238
f 1239 1240 1235 1238
f 1241 1212 1211 1221
f 1221 1240 1239 1241
f 1209 1212 1241 1242
f 1213 1209 1242 1243
f 1243 1242 1222 1223
f 1244 1224 1198 1214
f 1214 1213 1243 1244
f 1243 1223 1224 1244
f 1245 1246 1219 1220
f 1247 1245 1220 1230
f 1248 1247 1230 1231
f 1249 1248 1231 1234
f 1250 1236 1235 1251
f 1251 1235 1240 1252
f 1252 1240 1221 1253
f 1253 1221 1222 1254
f 1227 1219 1246 1255
f 1256 1228 1227 1255
f 1256 1255 1246 1245
f 1257 1229 1228 1256
f 1256 1245 1247 1257
f 1258 1232 1229 1257
f 1258 1257 1247 1248
f 1249 1234 1233 1259
f 1259 1233 1232 1258
f 1260 1261 1249 1259
f 1262 1261 1260 1263
f 1264 1265 1262 1263
f 1266 1267 1265 1264
f 1268 1269 1267 1266
f 1270 1271 1269 1268
f 1272 1273 1271 1270
f 1274 1275 1273 1272
f 1237 1236 1250 1276
f 1276 1250 1275 1274
f 1238 1237 1276 1277
f 1239 1238 1277 1278
f 1277 1251 1252 1278
f 1241 1239 1278 1279
f 1279 1278 1252 1253
f 1254 1222 1242 1280
f 1242 1241 1279 1280
f 1279 1253 1254 1280
f 1281 1282 1248 1249
f 1283 1281 1249 1261
f 1284 1283 1261 1262
f 1285 1284 1262 1265
f 1286 1285 1265 1267
f 1287 1286 1267 1269
f 1288 1287 1269 1271
f 1289 1288 1271 1273
f 1289 1273 1275 1290
f 1290 1275 1250 1291
f 1291 1250 1251 1292
f 1293 1258 1248 1282
f 1294 1259 1258 1293
f 1293 1282 1281 1294
f 1295 1260 1259 1294
f 1294 1281 1283 1295
f 1296 1263 1260 1295
f 1296 1295 1283 1284
f 1297 1264 1263 1296
f 1297 1296 1284 1285
f 1298 1266 1264 1297
f 1298 1297 1285 1286
f 1299 1268 1266 1298
f 1299 1298 1286 1287
f 1300 1270 1268 1299
f 1300 1299 1287 1288
f 1301 1272 1270 1300
f 1301 1300 1288 1289
f 1274 1272 1301 1302
f 1302 1301 1289 1290
f 1276 1274 1302 1303
f 1303 1302 1290 1291
f 1304 1292 1251 1277
f 1277 1276 1303 1304
f 1304 1303 1291 1292
o rotary
usemtl Mesh_1
v -0.17165017 -0.14228079 -0.0286811 0 0.039215683 0.999999940
v -0.16548674 -0.14911619 -0.02873756 0 0.039215683 0.999999940
v -0.16947469 -0.14693558 -0.01847931 0 0.039215683 0.999999940
v -0.17307039 -0.13924474 -0.02866807 0 0.039215683 0.999999940
v -0.16187689 -0.13873939 -0.02877054 0 0.039215683 0.999999940
v -0.16172564 -0.13929099 -0.02877193 0 0.039215683 0.999999940
v -0.15667729 -0.1414329 -0.02881816 0 0.039215683 0.999999940
v -0.16947465 -0.14693639 0.011054806 0 0.039215683 0.999999940
v -0.16220421 -0.15091151 -0.02876762 0 0.039215683 0.999999940
v -0.16219902 -0.15091737 0.029006257 0 0.039215683 0.999999940
v -0.16232511 -0.1508484 0.029003672 0 0.039215683 0.999999940
v -0.16252503 -0.15073903 0.028999570 0 0.039215683 0.999999940
v -0.17307803 -0.1392516 0.027992881 0 0.039215683 0.999999940
v -0.16779365 -0.14491814 0.028890855 0 0.039215683 0.999999940
v -0.17518315 -0.13782504 -0.02864872 0 0.039215683 0.999999940
v -0.1753667 -0.13761556 -0.02864704 0 0.039215683 0.999999940
v -0.17926416 -0.13508545 -0.01573533 0 0.039215683 0.999999940
v -0.16377445 -0.13181925 -0.02875313 0 0.039215683 0.999999940
v -0.16411018 -0.1305948 -0.02668161 0 0.039215683 0.999999940
v -0.15609431 -0.14167993 -0.02882349 0 0.039215683 0.999999940
v -0.1538412 -0.14264724 0.016306307 0 0.039215683 0.999999940
v -0.16411023 -0.13059431 0.019354850 0 0.039215683 0.999999940
v -0.16254479 -0.1363024 0.028996095 0 0.039215683 0.999999940
v -0.16172405 -0.13929519 0.029013473 0 0.039215683 0.999999940
v -0.15950605 -0.14023858 0.029058922 0 0.039215683 0.999999940
v -0.15679073 -0.15674886 -0.02881721 0 0.039215683 0.999999940
v -0.16046441 -0.15441594 -0.02878356 0 0.039215683 0.999999940
v -0.15287137 -0.14516164 -0.02885302 0 0.039215683 0.999999940
v -0.15846106 -0.15845042 -0.01912022 0 0.039215683 0.999999940
v -0.15847097 -0.15846582 0.011817338 0 0.039215683 0.999999940
v -0.16202693 -0.15126577 0.029009845 0 0.039215683 0.999999940
v -0.15713659 -0.15606618 0.029110625 0 0.039215683 0.999999940
v -0.15703948 -0.14295679 0.029109817 0 0.039215683 0.999999940
v -0.17115219 -0.13984452 0.028821263 0 0.039215683 0.999999940
v -0.17154075 -0.13925755 0.028813213 0 0.039215683 0.999999940
v -0.15892887 -0.14087465 0.029070831 0 0.039215683 0.999999940
v -0.17926419 -0.13508499 0.008311116 0 0.039215683 0.999999940
v -0.17738236 -0.12807293 0.028691668 0 0.039215683 0.999999940
v -0.18282358 -0.12876841 0.023401666 0 0.039215683 0.999999940
v -0.17289436 -0.13775386 0.028785280 0 0.039215683 0.999999940
v -0.18229099 -0.12971315 -0.02858361 0 0.039215683 0.999999940
v -0.18282291 -0.12876907 -0.02857873 0 0.039215683 0.999999940
v -0.18677503 -0.11934432 -0.0285425 0 0.039215683 0.999999940
v -0.18679619 -0.11929386 -0.0285423 0 0.039215683 0.999999940
v -0.18435161 -0.12512359 0.028548874 0 0.039215683 0.999999940
v -0.1859642 -0.1212772 0.028515156 0 0.039215683 0.999999940
v -0.18679638 -0.11929222 0.028497759 0 0.039215683 0.999999940
v -0.16888793 -0.12852049 0.028865043 0 0.039215683 0.999999940
v -0.17161751 -0.12733667 0.028809111 0 0.039215683 0.999999940
v -0.17192398 -0.12648273 0.028802674 0 0.039215683 0.999999940
v -0.17162476 -0.12734383 -0.02868124 0 0.039215683 0.999999940
v -0.16515705 -0.13014223 -0.02874046 0 0.039215683 0.999999940
v -0.17415975 -0.12028202 -0.02865799 0 0.039215683 0.999999940
v -0.1806412 -0.10841975 -0.02859858 0 0.039215683 0.999999940
v -0.17591724 -0.11586561 -0.02864187 0 0.039215683 0.999999940
v -0.19120884 -0.11590704 -0.02850189 0 0.039215683 0.999999940
v -0.1928174 -0.1146723 -0.0233268 0 0.039215683 0.999999940
v -0.19132785 -0.11581569 -0.0285008 0 0.039215683 0.999999940
v -0.175136 -0.11756052 -0.02864903 0 0.039215683 0.999999940
v -0.18341224 -0.10572542 -0.0285732 0 0.039215683 0.999999940
v -0.19281662 -0.11467163 0.015893023 0 0.039215683 0.999999940
v -0.18919855 -0.1174484 0.028448365 0 0.039215683 0.999999940
v -0.17359449 -0.12180954 0.028767608 0 0.039215683 0.999999940
v -0.17906201 -0.11814082 0.028655290 0 0.039215683 0.999999940
v -0.19112293 -0.11403123 0.028408382 0 0.039215683 0.999999940
v -0.17344788 -0.12221969 0.028770681 0 0.039215683 0.999999940
v -0.17829295 -0.11070312 -0.01909041 0 0.039215683 0.999999940
v -0.17827551 -0.11069035 0.011743851 0 0.039215683 0.999999940
v -0.17511746 -0.11755372 0.024509515 0 0.039215683 0.999999940
v -0.19110386 -0.10173422 -0.02850276 0 0.039215683 0.999999940
v -0.18476364 -0.10214855 -0.02856081 0 0.039215683 0.999999940
v -0.18696672 -0.09631744 -0.0285406 0 0.039215683 0.999999940
v -0.18721636 -0.09565671 -0.02774857 0 0.039215683 0.999999940
v -0.18721347 -0.09566023 0.020315595 0 0.039215683 0.999999940
v -0.18462554 -0.10251407 0.028538473 0 0.039215683 0.999999940
v -0.18402982 -0.10409167 0.028550960 0 0.039215683 0.999999940
v -0.18341286 -0.10572556 0.028563894 0 0.039215683 0.999999940
v -0.18246542 -0.10664123 0.028583414 0 0.039215683 0.999999940
v -0.19409433 -0.11089066 -0.02847544 0 0.039215683 0.999999940
v -0.19545688 -0.10685545 -0.02846294 0 0.039215683 0.999999940
v -0.19716242 -0.1013383 -0.0284473 0 0.039215683 0.999999940
v -0.19545674 -0.10685559 0.026539273 0 0.039215683 0.999999940
v -0.19163491 -0.106497 0.028396330 0 0.039215683 0.999999940
v -0.19104587 -0.1036263 0.028407741 0 0.039215683 0.999999940
v -0.17947043 -0.11134698 0.028645511 0 0.039215683 0.999999940
v -0.19100019 -0.09746142 0.028407357 0 0.039215683 0.999999940
v -0.19254583 -0.09623634 0.028375566 0 0.039215683 0.999999940
v -0.18997252 -0.08870755 -0.0172775 0 0.039215683 0.999999940
v -0.18997093 -0.0887108 0.009845812 0 0.039215683 0.999999940
v -0.19392057 -0.08624431 0.028345394 0 0.039215683 0.999999940
v -0.19407631 -0.08511231 0.028341978 0 0.039215683 0.999999940
v -0.19462161 -0.08414571 0.028330646 0 0.039215683 0.999999940
v -0.18773492 -0.09571241 -0.02853357 0 0.039215683 0.999999940
v -0.18789738 -0.09460288 -0.02853207 0 0.039215683 0.999999940
v -0.1910101 -0.08907596 -0.02850354 0 0.039215683 0.999999940
v -0.19280244 -0.08589347 -0.02848712 0 0.039215683 0.999999940
v -0.1985427 -0.0968755 -0.02843464 0 0.039215683 0.999999940
v -0.20292777 -0.0936209 -0.02839447 0 0.039215683 0.999999940
v -0.19595742 -0.10523774 0.028307888 0 0.039215683 0.999999940
v -0.19656941 -0.10325992 0.028294984 0 0.039215683 0.999999940
v -0.19854261 -0.09688301 0.028253376 0 0.039215683 0.999999940
v -0.19940124 -0.09624574 0.028235722 0 0.039215683 0.999999940
v -0.19633463 -0.08610579 0.028296120 0 0.039215683 0.999999940
v -0.20099765 -0.09506027 0.028202906 0 0.039215683 0.999999940
v -0.19551904 -0.08453962 0.028312426 0 0.039215683 0.999999940
v -0.19485262 -0.08391805 0.028325885 0 0.039215683 0.999999940
v -0.19798771 -0.08399224 0.028261948 0 0.039215683 0.999999940
v -0.19445811 -0.0842516 -0.02847195 0 0.039215683 0.999999940
v -0.19482954 -0.08388557 -0.02846855 0 0.039215683 0.999999940
v -0.20646504 -0.08416089 -0.02836203 0 0.039215683 0.999999940
v -0.20535702 -0.08836766 -0.0283722 0 0.039215683 0.999999940
v -0.20422789 -0.09265659 -0.02350229 0 0.039215683 0.999999940
v -0.20422813 -0.09266021 0.016048576 0 0.039215683 0.999999940
v -0.20646293 -0.08419139 0.025589663 0 0.039215683 0.999999940
v -0.19529131 -0.08218531 0.028316568 0 0.039215683 0.999999940
v -0.19771495 -0.07260127 0.023153308 0 0.039215683 0.999999940
v -0.19764541 -0.07252676 -0.0284427 0 0.039215683 0.999999940
v -0.20662579 -0.08356579 -0.02836056 0 0.039215683 0.999999940
v -0.19796182 -0.07140674 -0.0284398 0 0.039215683 0.999999940
v -0.2094308 -0.07301434 -0.02833482 0 0.039215683 0.999999940
v -0.20928055 -0.07300953 0.028029244 0 0.039215683 0.999999940
v -0.20726898 -0.08097354 0.028071977 0 0.039215683 0.999999940
v -0.20294027 -0.07278574 0.028158534 0 0.039215683 0.999999940
v -0.19957159 -0.06408866 0.015565650 0 0.039215683 0.999999940
v -0.20608243 -0.07008084 0.028093863 0 0.039215683 0.999999940
v -0.19998689 -0.06429445 -0.01938386 0 0.039215683 0.999999940
v -0.20002005 -0.06672369 -0.02842093 0 0.039215683 0.999999940
v -0.20184112 -0.06258021 -0.02840423 0 0.039215683 0.999999940
v -0.21150005 -0.07014599 -0.02831586 0 0.039215683 0.999999940
v -0.21063453 -0.07156045 -0.02832379 0 0.039215683 0.999999940
v -0.21337837 -0.06812058 0.009759359 0 0.039215683 0.999999940
v -0.21030842 -0.07176815 0.028008014 0 0.039215683 0.999999940
v -0.20169313 -0.06213106 0.028181709 0 0.039215683 0.999999940
v -0.20520203 -0.06848627 0.028111483 0 0.039215683 0.999999940
v -0.2118191 -0.0681658 0.027976431 0 0.039215683 0.999999940
v -0.20440675 -0.06011835 -0.02838073 0 0.039215683 0.999999940
v -0.20408709 -0.06001861 0.028132423 0 0.039215683 0.999999940
v -0.21326639 -0.0660961 -0.02829966 0 0.039215683 0.999999940
v -0.21553884 -0.06088787 -0.02825964 0 0.039215683 0.999999940
v -0.21552236 -0.06088676 -0.02827898 0 0.039215683 0.999999940
v -0.21306629 -0.06792784 -0.01585636 0 0.039215683 0.999999940
v -0.21542789 -0.06093301 0.021104931 0 0.039215683 0.999999940
v -0.21220118 -0.06725468 0.027968440 0 0.039215683 0.999999940
v -0.21166332 -0.06062352 0.027978003 0 0.039215683 0.999999940
v -0.20531882 -0.051125 0.028105404 0 0.039215683 0.999999940
v -0.20528591 -0.05136276 0.028106125 0 0.039215683 0.999999940
v -0.20547271 -0.05135538 0.028102316 0 0.039215683 0.999999940
v -0.20536391 -0.04973753 -0.02837191 0 0.039215683 0.999999940
v -0.20552619 -0.04972099 0.025913326 0 0.039215683 0.999999940
v -0.21559131 -0.06064317 -0.02827834 0 0.039215683 0.999999940
v -0.21766023 -0.05098797 -0.02825935 0 0.039215683 0.999999940
v -0.21757139 -0.05094019 0.022863790 0 0.039215683 0.999999940
v -0.20710354 -0.03891563 0.022526208 0 0.039215683 0.999999940
v -0.2195462 -0.03958414 0.024826504 0 0.039215683 0.999999940
v -0.21802792 -0.04882313 -0.02825597 0 0.039215683 0.999999940
v -0.20542715 -0.04930693 -0.02837132 0 0.039215683 0.999999940
v -0.20700888 -0.03896024 -0.02835678 0 0.039215683 0.999999940
v -0.21958986 -0.03964602 -0.02824162 0 0.039215683 0.999999940
v -0.22052482 -0.03171506 -0.02823301 0 0.039215683 0.999999940
v -0.22072949 -0.02997889 -0.02823113 0 0.039215683 0.999999940
v -0.22093351 -0.028288 -0.02822924 0 0.039215683 0.999999940
v -0.22092898 -0.02827092 0.026374191 0 0.039215683 0.999999940
v -0.20823938 -0.02779619 0.020498432 0 0.039215683 0.999999940
v -0.20776278 -0.0320905 -0.02834984 0 0.039215683 0.999999940
v -0.20795715 -0.03032493 -0.02834804 0 0.039215683 0.999999940
v -0.2091092 -0.02784106 -0.02833748 0 0.039215683 0.999999940
v -0.20905727 -0.02714883 -0.02833796 0 0.039215683 0.999999940
v -0.21225435 -0.01673898 -0.02830863 0 0.039215683 0.999999940
v -0.22175026 -0.01698464 -0.0282217 0 0.039215683 0.999999940
v -0.22175008 -0.01698429 0.027162212 0 0.039215683 0.999999940
v -0.20919943 -0.01665973 0.018864002 0 0.039215683 0.999999940
v -0.20823428 -0.02780786 -0.02793268 0 0.039215683 0.999999940
v -0.20919965 -0.01665995 -0.02628849 0 0.039215683 0.999999940
v -0.22182173 -0.01467638 -0.02822103 0 0.039215683 0.999999940
v -0.21227831 -0.01487147 -0.0283084 0 0.039215683 0.999999940
v -0.21228914 -0.01402672 -0.02830829 0 0.039215683 0.999999940
v -0.22210075 -0.00566412 0.027296345 0 0.039215683 0.999999940
v -0.20977972 -0.00554559 0.017819173 0 0.039215683 0.999999940
v -0.20977966 -0.00554557 -0.02524533 0 0.039215683 0.999999940
v -0.21374425 -0.00558371 -0.02829492 0 0.039215683 0.999999940
v -0.22210075 -0.00566409 -0.02821842 0 0.039215683 0.999999940
v -0.22209841 0.002333231 -0.0282184 0 0.039215683 0.999999940
v -0.22209755 0.005672721 0.027277436 0 0.039215683 0.999999940
v -0.20977652 0.005552642 0.017808318 0 0.039215683 0.999999940
v -0.20977652 0.005552662 -0.02523473 0 0.039215683 0.999999940
v -0.21375103 -0.00192868 -0.02829484 0 0.039215683 0.999999940
v -0.21375495 0.002237587 -0.02829477 0 0.039215683 0.999999940
v -0.2137581 0.005591468 -0.02829472 0 0.039215683 0.999999940
v -0.22209746 0.005672746 -0.02821838 0 0.039215683 0.999999940
v -0.21371076 0.009310744 -0.02829513 0 0.039215683 0.999999940
v -0.22174822 0.016988335 -0.02822151 0 0.039215683 0.999999940
v -0.22174822 0.016988121 0.027121055 0 0.039215683 0.999999940
v -0.20922525 0.016662929 0.018743448 0 0.039215683 0.999999940
v -0.20922521 0.016663059 -0.02616945 0 0.039215683 0.999999940
v -0.21242018 0.016746053 -0.02830691 0 0.039215683 0.999999940
v -0.22159095 0.019334085 -0.02822294 0 0.039215683 0.999999940
v -0.21233578 0.019311087 -0.02830767 0 0.039215683 0.999999940
v -0.22099097 0.028290670 -0.02822838 0 0.039215683 0.999999940
v -0.22099774 0.028262984 0.026836965 0 0.039215683 0.999999940
v -0.20831913 0.027746202 0.020372923 0 0.039215683 0.999999940
v -0.20831284 0.027765523 -0.02777643 0 0.039215683 0.999999940
v -0.21232218 0.019724659 -0.02830778 0 0.039215683 0.999999940
v -0.20939855 0.027810759 -0.0283345 0 0.039215683 0.999999940
v -0.20955344 0.029101479 -0.02833308 0 0.039215683 0.999999940
v -0.20786613 0.031314082 -0.0283485 0 0.039215683 0.999999940
v -0.21986391 0.036343697 -0.02823865 0 0.039215683 0.999999940
v -0.20722272 0.036425728 -0.02835437 0 0.039215683 0.999999940
v -0.21957494 0.038408465 -0.02824127 0 0.039215683 0.999999940
v -0.21938848 0.039476599 0.025672245 0 0.039215683 0.999999940
v -0.2193937 0.039681520 -0.02824293 0 0.039215683 0.999999940
v -0.20700252 0.038634982 0.022662382 0 0.039215683 0.999999940
v -0.20692503 0.038800589 -0.02835707 0 0.039215683 0.999999940
v -0.20597863 0.045476429 -0.0283657 0 0.039215683 0.999999940
v -0.20534761 0.049961552 -0.02837145 0 0.039215683 0.999999940
v -0.2040983 0.051522444 -0.02838288 0 0.039215683 0.999999940
v -0.21772875 0.050946626 -0.0282581 0 0.039215683 0.999999940
v -0.21778473 0.050890762 -0.02825759 0 0.039215683 0.999999940
v -0.21777622 0.050949905 -0.02823386 0 0.039215683 0.999999940
v -0.21774706 0.050214067 0.026172529 0 0.039215683 0.999999940
v -0.20582843 0.045312710 0.028074484 0 0.039215683 0.999999940
v -0.20526583 0.048559676 0.028085269 0 0.039215683 0.999999940
v -0.2052366 0.048767436 0.028085820 0 0.039215683 0.999999940
v -0.20107225 0.054951917 -0.01353146 0 0.039215683 0.999999940
v -0.19995074 0.054204206 0.014222936 0 0.039215683 0.999999940
v -0.20436493 0.049610879 0.028103422 0 0.039215683 0.999999940
v -0.21686763 0.053391892 -0.02826597 0 0.039215683 0.999999940
v -0.20333923 0.053600996 -0.02838981 0 0.039215683 0.999999940
v -0.20279768 0.055083949 -0.02839476 0 0.039215683 0.999999940
v -0.1991359 0.062217358 -0.0195631 0 0.039215683 0.999999940
v -0.2166236 0.061074111 -0.02144245 0 0.039215683 0.999999940
v -0.21396486 0.061271641 -0.02829249 0 0.039215683 0.999999940
v -0.21665196 0.060350216 0.027850493 0 0.039215683 0.999999940
v -0.21491082 0.051140040 0.027887970 0 0.039215683 0.999999940
v -0.21742973 0.053140234 0.027836158 0 0.039215683 0.999999940
v -0.2130307 0.049647081 0.027926638 0 0.039215683 0.999999940
v -0.19736847 0.061297614 0.027202326 0 0.039215683 0.999999940
v -0.2033695 0.051304571 0.028123371 0 0.039215683 0.999999940
v -0.20203184 0.062056381 -0.02840172 0 0.039215683 0.999999940
v -0.19774672 0.070873551 -0.0284409 0 0.039215683 0.999999940
v -0.19663003 0.072313219 -0.02713904 0 0.039215683 0.999999940
v -0.19515097 0.072367392 0.020054921 0 0.039215683 0.999999940
v -0.2119028 0.070527903 -0.02831132 0 0.039215683 0.999999940
v -0.21406242 0.066192098 -0.02829157 0 0.039215683 0.999999940
v -0.21113195 0.072075523 -0.02831836 0 0.039215683 0.999999940
v -0.21310785 0.068180233 -0.00791096 0 0.039215683 0.999999940
v -0.21529925 0.063580133 0.027877401 0 0.039215683 0.999999940
v -0.19769315 0.061125293 0.028237074 0 0.039215683 0.999999940
v -0.1975871 0.061542555 0.028239149 0 0.039215683 0.999999940
v -0.21351564 0.068148337 0.027912810 0 0.039215683 0.999999940
v -0.19719966 0.068526648 0.028245564 0 0.039215683 0.999999940
v -0.19632626 0.073511309 -0.02845389 0 0.039215683 0.999999940
v -0.19404154 0.081458270 -0.02847476 0 0.039215683 0.999999940
v -0.19371478 0.083612613 -0.02847773 0 0.039215683 0.999999940
v -0.1933185 0.084145538 0.028321411 0 0.039215683 0.999999940
v -0.19620451 0.072410017 0.028265040 0 0.039215683 0.999999940
v -0.19709565 0.070401698 0.028247289 0 0.039215683 0.999999940
v -0.19393328 0.080092959 0.028309736 0 0.039215683 0.999999940
v -0.19742167 0.071542397 -0.02844387 0 0.039215683 0.999999940
v -0.19812384 0.072509773 -0.02843744 0 0.039215683 0.999999940
v -0.21056394 0.074557498 -0.02832355 0 0.039215683 0.999999940
v -0.21262778 0.076703473 0.019731018 0 0.039215683 0.999999940
v -0.21332085 0.068382769 0.022002115 0 0.039215683 0.999999940
v -0.21334542 0.068584285 0.027916189 0 0.039215683 0.999999940
v -0.21015535 0.078704759 0.027979109 0 0.039215683 0.999999940
v -0.21185458 0.076035119 0.027945015 0 0.039215683 0.999999940
v -0.21285625 0.074594490 0.027924887 0 0.039215683 0.999999940
v -0.19181626 0.085956618 -0.0284951 0 0.039215683 0.999999940
v -0.18980673 0.088446222 -0.0173718 0 0.039215683 0.999999940
v -0.19298515 0.084557123 0.028328124 0 0.039215683 0.999999940
v -0.20001347 0.084722884 0.028184715 0 0.039215683 0.999999940
v -0.20667778 0.084556728 0.028048805 0 0.039215683 0.999999940
v -0.20944488 0.077712930 -0.02833377 0 0.039215683 0.999999940
v -0.20681068 0.084672987 -0.02835784 0 0.039215683 0.999999940
v -0.20695463 0.085276514 0.023541431 0 0.039215683 0.999999940
v -0.2042914 0.092577330 -0.02237442 0 0.039215683 0.999999940
v -0.20593029 0.087392836 -0.02836589 0 0.039215683 0.999999940
v -0.20416057 0.092863895 0.015658445 0 0.039215683 0.999999940
v -0.20056865 0.095599584 0.028171077 0 0.039215683 0.999999940
v -0.20382825 0.089618243 0.028105858 0 0.039215683 0.999999940
v -0.20070043 0.085604429 0.028170518 0 0.039215683 0.999999940
v -0.19256106 0.085083328 0.028336666 0 0.039215683 0.999999940
v -0.1921802 0.085878327 0.028344266 0 0.039215683 0.999999940
v -0.18977617 0.088518880 0.011684911 0 0.039215683 0.999999940
v -0.19065836 0.088288106 -0.02850569 0 0.039215683 0.999999940
v -0.18968175 0.090254567 -0.02851461 0 0.039215683 0.999999940
v -0.18705469 0.095544278 -0.02853863 0 0.039215683 0.999999940
v -0.18705052 0.095555037 -0.02853867 0 0.039215683 0.999999940
v -0.18694484 0.095756195 0.021067600 0 0.039215683 0.999999940
v -0.20572835 0.087785184 -0.02836773 0 0.039215683 0.999999940
v -0.20264705 0.093771636 -0.0283959 0 0.039215683 0.999999940
v -0.19843332 0.096908398 -0.02843446 0 0.039215683 0.999999940
v -0.19827202 0.097309313 0.028217565 0 0.039215683 0.999999940
v -0.19907881 0.096708610 0.028201237 0 0.039215683 0.999999940
v -0.192358 0.096527144 0.028338372 0 0.039215683 0.999999940
v -0.19093204 0.088483750 0.028369173 0 0.039215683 0.999999940
v -0.18310498 0.105440996 -0.02857473 0 0.039215683 0.999999940
v -0.18499693 0.100653111 0.028487656 0 0.039215683 0.999999940
v -0.18955161 0.098100155 0.028395287 0 0.039215683 0.999999940
v -0.18956797 0.105614095 -0.02851556 0 0.039215683 0.999999940
v -0.19598511 0.105342336 -0.02845682 0 0.039215683 0.999999940
v -0.19796827 0.098355688 0.028223536 0 0.039215683 0.999999940
v -0.18951365 0.103224486 0.028394971 0 0.039215683 0.999999940
v -0.18388283 0.103455953 0.028509784 0 0.039215683 0.999999940
v -0.19665939 0.102930747 0.028249263 0 0.039215683 0.999999940
v -0.18308789 0.105455897 0.028525576 0 0.039215683 0.999999940
v -0.18264309 0.105907350 -0.02857895 0 0.039215683 0.999999940
v -0.18000145 0.108596012 -0.02860312 0 0.039215683 0.999999940
v -0.17809229 0.110500417 0.012375158 0 0.039215683 0.999999940
v -0.18154639 0.107012271 0.028556689 0 0.039215683 0.999999940
v -0.1955411 0.106883443 -0.02846088 0 0.039215683 0.999999940
v -0.19409856 0.110961921 -0.02847406 0 0.039215683 0.999999940
v -0.17590164 0.115339890 -0.02864061 0 0.039215683 0.999999940
v -0.19118278 0.11586041 -0.02850072 0 0.039215683 0.999999940
v -0.18948267 0.117128059 -0.02851627 0 0.039215683 0.999999940
v -0.17492834 0.117459029 -0.02864951 0 0.039215683 0.999999940
v -0.19552462 0.106898464 0.026922240 0 0.039215683 0.999999940
v -0.19591644 0.105527587 0.028263866 0 0.039215683 0.999999940
v -0.19357108 0.106672205 0.028311468 0 0.039215683 0.999999940
v -0.19415048 0.108818702 0.028299190 0 0.039215683 0.999999940
v -0.18941343 0.116756692 0.028394132 0 0.039215683 0.999999940
v -0.17749017 0.113660670 0.028638020 0 0.039215683 0.999999940
v -0.18896019 0.117516167 0.028403218 0 0.039215683 0.999999940
v -0.17490454 0.117451123 0.025343366 0 0.039215683 0.999999940
v -0.17811285 0.110515564 -0.01969447 0 0.039215683 0.999999940
v -0.17096679 0.126780733 -0.02868571 0 0.039215683 0.999999940
v -0.17223604 0.123783439 -0.02867411 0 0.039215683 0.999999940
v -0.17328063 0.121287681 0.028722267 0 0.039215683 0.999999940
v -0.17410037 0.119350284 0.028705958 0 0.039215683 0.999999940
v -0.17863576 0.117992311 0.028613727 0 0.039215683 0.999999940
v -0.18674411 0.119170010 -0.02854133 0 0.039215683 0.999999940
v -0.18511786 0.123122349 -0.02855619 0 0.039215683 0.999999940
v -0.19278841 0.114663079 -0.02319429 0 0.039215683 0.999999940
v -0.18705449 0.118937194 0.028441790 0 0.039215683 0.999999940
v -0.18674417 0.119168579 0.028448071 0 0.039215683 0.999999940
v -0.19278775 0.114662401 0.015764340 0 0.039215683 0.999999940
v -0.18749185 0.118611089 0.028432939 0 0.039215683 0.999999940
v -0.18642899 0.119934558 0.028454341 0 0.039215683 0.999999940
v -0.18613693 0.120644055 0.028460145 0 0.039215683 0.999999940
v -0.17094579 0.126805871 0.028768722 0 0.039215683 0.999999940
v -0.18448845 0.124648682 0.028492923 0 0.039215683 0.999999940
v -0.18395565 0.125946894 -0.02856681 0 0.039215683 0.999999940
v -0.16479151 0.130125239 -0.02874222 0 0.039215683 0.999999940
v -0.16411652 0.130491346 -0.0264877 0 0.039215683 0.999999940
v -0.16407053 0.130518555 0.018901947 0 0.039215683 0.999999940
v -0.16703965 0.128916576 0.028847955 0 0.039215683 0.999999940
v -0.18281165 0.128722474 0.023120157 0 0.039215683 0.999999940
v -0.18281455 0.128720030 -0.02857724 0 0.039215683 0.999999940
v -0.17935289 0.128165707 0.028596933 0 0.039215683 0.999999940
v -0.17595251 0.136464834 0.028664533 0 0.039215683 0.999999940
v -0.16236733 0.136483028 0.028941657 0 0.039215683 0.999999940
v -0.17421189 0.138619735 0.028699580 0 0.039215683 0.999999940
v -0.16197853 0.138154521 -0.02876793 0 0.039215683 0.999999940
v -0.16374874 0.131817460 -0.02875176 0 0.039215683 0.999999940
v -0.16170362 0.139125630 -0.02877044 0 0.039215683 0.999999940
v -0.16159879 0.139197692 0.028956756 0 0.039215683 0.999999940
v -0.18233849 0.129583194 -0.02858159 0 0.039215683 0.999999940
v -0.17597188 0.137528717 -0.02863983 0 0.039215683 0.999999940
v -0.17929 0.135109871 -0.01597463 0 0.039215683 0.999999940
v -0.17928837 0.135111898 0.008562129 0 0.039215683 0.999999940
v -0.17385313 0.139063894 0.028706803 0 0.039215683 0.999999940
v -0.17355305 0.139282047 0.028712879 0 0.039215683 0.999999940
v -0.1611573 0.139390125 0.028965722 0 0.039215683 0.999999940
v -0.17337884 0.139417529 -0.02866356 0 0.039215683 0.999999940
v -0.15570143 0.141715571 -0.02882536 0 0.039215683 0.999999940
v -0.15376318 0.142553791 -0.02484346 0 0.039215683 0.999999940
v -0.1537609 0.142607688 0.015533327 0 0.039215683 0.999999940
v -0.15962137 0.140059560 0.028996910 0 0.039215683 0.999999940
v -0.17328557 0.139476880 0.028718296 0 0.039215683 0.999999940
v -0.15490542 0.145144358 0.029092032 0 0.039215683 0.999999940
v -0.15120806 0.149130925 0.029166609 0 0.039215683 0.999999940
v -0.17288353 0.140255332 0.028726328 0 0.039215683 0.999999940
v -0.16278833 0.150960251 0.028929989 0 0.039215683 0.999999940
v -0.16248508 0.151143893 0.028936136 0 0.039215683 0.999999940
v -0.15306075 0.144074514 -0.02884953 0 0.039215683 0.999999940
v -0.15031841 0.150274917 -0.02887459 0 0.039215683 0.999999940
v -0.15064624 0.150512769 0.029177773 0 0.039215683 0.999999940
v -0.15512151 0.142233625 -0.02883067 0 0.039215683 0.999999940
v -0.15457246 0.142724096 -0.0288357 0 0.039215683 0.999999940
v -0.17245203 0.141188904 -0.02867203 0 0.039215683 0.999999940
v -0.16936918 0.146796688 -0.01838366 0 0.039215683 0.999999940
v -0.17143232 0.143009632 -0.02868135 0 0.039215683 0.999999940
v -0.16944425 0.146953076 0.010635840 0 0.039215683 0.999999940
v -0.16259854 0.151149168 -0.02876217 0 0.039215683 0.999999940
v -0.15868755 0.158683508 -0.02281946 0 0.039215683 0.999999940
v -0.15983583 0.156487837 -0.02878743 0 0.039215683 0.999999940
v -0.16242348 0.151262909 0.028937369 0 0.039215683 0.999999940
v -0.16231954 0.151437863 0.028939452 0 0.039215683 0.999999940
v -0.15481532 0.157310158 0.029091283 0 0.039215683 0.999999940
v -0.15661357 0.157187953 0.029054623 0 0.039215683 0.999999940
v -0.1425491 0.153666228 0.016656145 0 0.039215683 0.999999940
v -0.14915214 0.151109516 0.029208127 0 0.039215683 0.999999940
v -0.14002082 0.158315613 0.029392868 0 0.039215683 0.999999940
v -0.15444581 0.159821525 -0.02883675 0 0.039215683 0.999999940
v -0.14416023 0.152929499 -0.02893095 0 0.039215683 0.999999940
v -0.14143373 0.156131699 -0.02895589 0 0.039215683 0.999999940
v -0.13935648 0.160866141 -0.02897488 0 0.039215683 0.999999940
v -0.14245206 0.153695493 -0.02440414 0 0.039215683 0.999999940
v -0.16657011 0.148604229 -0.02872583 0 0.039215683 0.999999940
v -0.15624446 0.159696996 -0.02882029 0 0.039215683 0.999999940
v -0.15585276 0.160047009 -0.02882387 0 0.039215683 0.999999940
v -0.15443906 0.160733118 -0.02883681 0 0.039215683 0.999999940
v -0.15103763 0.162383914 -0.02886794 0 0.039215683 0.999999940
v -0.13903716 0.161593928 -0.02897779 0 0.039215683 0.999999940
v -0.13249217 0.163546443 -0.0290377 0 0.039215683 0.999999940
v -0.12679814 0.171045258 -0.02908978 0 0.039215683 0.999999940
v -0.13000606 0.165029436 -0.02906045 0 0.039215683 0.999999940
v -0.11829839 0.180296286 -0.02916753 0 0.039215683 0.999999940
v -0.11834094 0.174552232 -0.02916718 0 0.039215683 0.999999940
v -0.14071237 0.156963378 0.029379051 0 0.039215683 0.999999940
v -0.13864572 0.161004409 0.029420346 0 0.039215683 0.999999940
v -0.15480269 0.159012824 0.029091175 0 0.039215683 0.999999940
v -0.1584418 0.158394858 0.009336535 0 0.039215683 0.999999940
v -0.15167111 0.162168636 0.029154386 0 0.039215683 0.999999940
v -0.1514284 0.162313476 0.029159307 0 0.039215683 0.999999940
v -0.13684097 0.161542162 0.029457047 0 0.039215683 0.999999940
v -0.13051608 0.164098456 -0.02595476 0 0.039215683 0.999999940
v -0.13052569 0.164124563 0.018784057 0 0.039215683 0.999999940
v -0.1174794 0.174924939 -0.02917506 0 0.039215683 0.999999940
v -0.1174006 0.174828901 0.025517277 0 0.039215683 0.999999940
v -0.12691689 0.171305015 0.029657412 0 0.039215683 0.999999940
v -0.1284202 0.168351605 0.029627375 0 0.039215683 0.999999940
v -0.12085237 0.173565000 0.029780644 0 0.039215683 0.999999940
v -0.1085992 0.179925456 -0.02925632 0 0.039215683 0.999999940
v -0.11546729 0.175823584 -0.02919348 0 0.039215683 0.999999940
v -0.10741865 0.181147366 -0.02926712 0 0.039215683 0.999999940
v -0.11048742 0.178026884 -0.0205657 0 0.039215683 0.999999940
v -0.11067359 0.178304538 0.011012716 0 0.039215683 0.999999940
v -0.11912471 0.177415683 0.029815066 0 0.039215683 0.999999940
v -0.11904147 0.177601218 0.029816724 0 0.039215683 0.999999940
v -0.11814494 0.179599449 0.029834590 0 0.039215683 0.999999940
v -0.10626025 0.182760164 0.030076358 0 0.039215683 0.999999940
v -0.13919502 0.173552274 0.029406469 0 0.039215683 0.999999940
v -0.13936828 0.173314794 0.029402986 0 0.039215683 0.999999940
v -0.13095434 0.176685065 0.029573906 0 0.039215683 0.999999940
v -0.13973401 0.1731316 0.029395561 0 0.039215683 0.999999940
v -0.13388732 0.162753343 0.029517039 0 0.039215683 0.999999940
v -0.15132569 0.162363320 0.029161393 0 0.039215683 0.999999940
v -0.15125725 0.162396550 0.029162779 0 0.039215683 0.999999940
v -0.15115988 0.162570685 0.029164731 0 0.039215683 0.999999940
v -0.14703158 0.169617518 -0.0189767 0 0.039215683 0.999999940
v -0.14898485 0.166055008 -0.0288867 0 0.039215683 0.999999940
v -0.147027 0.169530302 0.011970087 0 0.039215683 0.999999940
v -0.15098889 0.162856429 0.029168158 0 0.039215683 0.999999940
v -0.1394479 0.173450171 -0.02897396 0 0.039215683 0.999999940
v -0.13507661 0.179284647 0.008682603 0 0.039215683 0.999999940
v -0.12870237 0.182906627 0.023233730 0 0.039215683 0.999999940
v -0.12789614 0.177637741 0.029636088 0 0.039215683 0.999999940
v -0.11912338 0.177594915 0.029815055 0 0.039215683 0.999999940
v -0.1190525 0.187163636 0.029814466 0 0.039215683 0.999999940
v -0.11786909 0.188665777 0.029838290 0 0.039215683 0.999999940
v -0.10357691 0.184143647 0.030130799 0 0.039215683 0.999999940
v -0.1056511 0.183358669 0.030088655 0 0.039215683 0.999999940
v -0.10549723 0.183136090 -0.0292847 0 0.039215683 0.999999940
v -0.09578908 0.187045112 0.020595468 0 0.039215683 0.999999940
v -0.09673071 0.194188341 0.030268319 0 0.039215683 0.999999940
v -0.10622072 0.188773647 0.030075885 0 0.039215683 0.999999940
v -0.10340714 0.196674257 0.030131597 0 0.039215683 0.999999940
v -0.11462135 0.192740380 0.014684864 0 0.039215683 0.999999940
v -0.11927845 0.186876833 0.029809918 0 0.039215683 0.999999940
v -0.1069392 0.195672810 0.026753798 0 0.039215683 0.999999940
v -0.1240794 0.184862643 0.029712408 0 0.039215683 0.999999940
v -0.12874204 0.182827606 -0.02907191 0 0.039215683 0.999999940
v -0.12948975 0.182407259 -0.02906507 0 0.039215683 0.999999940
v -0.13509357 0.179271012 -0.01595747 0 0.039215683 0.999999940
v -0.11923981 0.186740651 -0.02915887 0 0.039215683 0.999999940
v -0.13763323 0.175898626 -0.02899056 0 0.039215683 0.999999940
v -0.14314173 0.171597898 -0.02894016 0 0.039215683 0.999999940
v -0.13363169 0.179096832 -0.02902717 0 0.039215683 0.999999940
v -0.11824081 0.188069060 -0.02916801 0 0.039215683 0.999999940
v -0.11587384 0.191216543 -0.02918966 0 0.039215683 0.999999940
v -0.11089265 0.194114327 -0.02923524 0 0.039215683 0.999999940
v -0.09556937 0.187282860 -0.02937556 0 0.039215683 0.999999940
v -0.09578685 0.186938479 -0.02937357 0 0.039215683 0.999999940
v -0.08362871 0.193857058 -0.02948483 0 0.039215683 0.999999940
v -0.08592827 0.191853165 -0.02946378 0 0.039215683 0.999999940
v -0.10686448 0.195514202 -0.02927211 0 0.039215683 0.999999940
v -0.09692539 0.198391646 -0.02936307 0 0.039215683 0.999999940
v -0.08079857 0.201548486 -0.02951068 0 0.039215683 0.999999940
v -0.0955413 0.187036380 -0.02900976 0 0.039215683 0.999999940
v -0.088443 0.189826965 -0.01771935 0 0.039215683 0.999999940
v -0.0884959 0.190112769 0.010494219 0 0.039215683 0.999999940
v -0.08085202 0.194332301 -0.02951024 0 0.039215683 0.999999940
v -0.07228362 0.196465402 -0.02958867 0 0.039215683 0.999999940
v -0.0718319 0.196315258 0.018814854 0 0.039215683 0.999999940
v -0.08355818 0.194746807 0.029283810 0 0.039215683 0.999999940
v -0.09555301 0.200261488 -0.02937563 0 0.039215683 0.999999940
v -0.0938102 0.202636048 -0.02939157 0 0.039215683 0.999999940
v -0.08679388 0.206677243 -0.02945577 0 0.039215683 0.999999940
v -0.08422478 0.207611098 -0.02947928 0 0.039215683 0.999999940
v -0.08074056 0.209379121 -0.02951117 0 0.039215683 0.999999940
v -0.07197774 0.212213024 -0.02959137 0 0.039215683 0.999999940
v -0.06195009 0.200790733 -0.02968323 0 0.039215683 0.999999940
v -0.08327812 0.208550632 -0.02948794 0 0.039215683 0.999999940
v -0.05090625 0.204155921 -0.02978431 0 0.039215683 0.999999940
v -0.04959329 0.205283090 -0.02979633 0 0.039215683 0.999999940
v -0.06175165 0.218988895 -0.02968494 0 0.039215683 0.999999940
v -0.05054784 0.219220131 -0.0297875 0 0.039215683 0.999999940
v -0.06615375 0.216439575 -0.02964466 0 0.039215683 0.999999940
v -0.05109167 0.204011753 -0.02978262 0 0.039215683 0.999999940
v -0.04199727 0.206320837 -0.02986585 0 0.039215683 0.999999940
v -0.09242503 0.204582378 -0.02184979 0 0.039215683 0.999999940
v -0.09725544 0.198407933 0.030256718 0 0.039215683 0.999999940
v -0.09238771 0.204238668 0.013505620 0 0.039215683 0.999999940
v -0.08531171 0.206865966 0.025637917 0 0.039215683 0.999999940
v -0.07886801 0.213035389 -0.01172239 0 0.039215683 0.999999940
v -0.07164757 0.213756531 -0.02115166 0 0.039215683 0.999999940
v -0.06211814 0.221546679 0.017229236 0 0.039215683 0.999999940
v -0.05062796 0.219784453 0.028257168 0 0.039215683 0.999999940
v -0.04189872 0.219623550 -0.02986668 0 0.039215683 0.999999940
v -0.039247 0.219418749 0.025609146 0 0.039215683 0.999999940
v -0.03902009 0.211191594 -0.02989308 0 0.039215683 0.999999940
v -0.0403125 0.206551015 -0.02988128 0 0.039215683 0.999999940
v -0.04969656 0.205216497 0.030952382 0 0.039215683 0.999999940
v -0.05445544 0.200687810 0.010566836 0 0.039215683 0.999999940
v -0.05471917 0.200938895 -0.01538023 0 0.039215683 0.999999940
v -0.06212426 0.199218049 -0.02413575 0 0.039215683 0.999999940
v -0.07224182 0.196476861 -0.02958905 0 0.039215683 0.999999940
v -0.06179823 0.198940023 0.015790127 0 0.039215683 0.999999940
v -0.03876267 0.206761881 -0.0288965 0 0.039215683 0.999999940
v -0.03856128 0.207083404 0.022934809 0 0.039215683 0.999999940
v -0.04992823 0.205175489 0.031220721 0 0.039215683 0.999999940
v -0.0611826 0.201304048 0.030991964 0 0.039215683 0.999999940
v -0.0497397 0.20526658 0.031224548 0 0.039215683 0.999999940
v -0.05125212 0.219021841 0.031190771 0 0.039215683 0.999999940
v -0.05852187 0.218923345 0.031042490 0 0.039215683 0.999999940
v -0.07000453 0.213505208 0.015681792 0 0.039215683 0.999999940
v -0.06943154 0.213416039 0.030821114 0 0.039215683 0.999999940
v -0.06520011 0.217764064 0.030906509 0 0.039215683 0.999999940
v -0.06281637 0.218516543 0.030954975 0 0.039215683 0.999999940
v -0.06189594 0.218807086 0.030973687 0 0.039215683 0.999999940
v -0.07851444 0.213359072 0.025880899 0 0.039215683 0.999999940
v -0.08203938 0.208580061 0.030564952 0 0.039215683 0.999999940
v -0.07753228 0.212633788 0.030656028 0 0.039215683 0.999999940
v -0.06523144 0.200058355 0.030909635 0 0.039215683 0.999999940
v -0.08211324 0.198609247 0.030565567 0 0.039215683 0.999999940
v -0.07142434 0.198144048 0.030783712 0 0.039215683 0.999999940
v -0.08213772 0.195303678 0.030565772 0 0.039215683 0.999999940
v -0.08338286 0.198500260 0.030539691 0 0.039215683 0.999999940
v -0.08319913 0.195127457 0.030544154 0 0.039215683 0.999999940
v -0.08374677 0.205180674 0.030530847 0 0.039215683 0.999999940
v -0.08419295 0.206513017 0.030521459 0 0.039215683 0.999999940
v -0.08602243 0.195404231 0.030486501 0 0.039215683 0.999999940
v -0.0877412 0.198126137 0.030450861 0 0.039215683 0.999999940
v -0.09604409 0.199888452 0.030281115 0 0.039215683 0.999999940
v -0.10286052 0.196828305 0.030142717 0 0.039215683 0.999999940
v -0.11468541 0.192813321 -0.02402556 0 0.039215683 0.999999940
v -0.03950648 0.219705939 -0.02988858 0 0.039215683 0.999999940
v -0.02816725 0.221011757 0.026709798 0 0.039215683 0.999999940
v -0.0282249 0.220992162 -0.02999184 0 0.039215683 0.999999940
v -0.02772909 0.208312228 0.020387157 0 0.039215683 0.999999940
v -0.02225613 0.214901909 -0.03004652 0 0.039215683 0.999999940
v -0.01697536 0.221785292 -0.03009482 0 0.039215683 0.999999940
v -0.02793007 0.212773278 -0.0299946 0 0.039215683 0.999999940
v -0.01666352 0.209200650 -0.02632299 0 0.039215683 0.999999940
v -0.01680444 0.214884057 -0.03009643 0 0.039215683 0.999999940
v -0.01143969 0.215953737 -0.03014553 0 0.039215683 0.999999940
v -0.02776705 0.208291545 -0.02779743 0 0.039215683 0.999999940
v -0.00561183 0.216214209 -0.03019888 0 0.039215683 0.999999940
v -0.00160788 0.222075760 -0.0302355 0 0.039215683 0.999999940
v -0.00566612 0.222075760 -0.03019835 0 0.039215683 0.999999940
v -0.00165094 0.216261819 -0.03023514 0 0.039215683 0.999999940
v -0.01697294 0.221787780 0.027230272 0 0.039215683 0.999999940
v -0.00566691 0.222077205 0.027191508 0 0.039215683 0.999999940
v -0.01666194 0.209198370 0.018873337 0 0.039215683 0.999999940
v -0.00555205 0.209751844 -0.02532473 0 0.039215683 0.999999940
v -0.00555245 0.209750741 0.017893876 0 0.039215683 0.999999940
v 0.005552147 0.209752023 -0.02532586 0 0.039215683 0.999999940
v 0.000045463 0.216282218 -0.03025066 0 0.039215683 0.999999940
v 0.00004543 0.222075760 -0.03025063 0 0.039215683 0.999999940
v 0.005611219 0.216214343 -0.03019972 0 0.039215683 0.999999940
v 0.005664872 0.222075760 -0.03019919 0 0.039215683 0.999999940
v 0.005665861 0.222077280 0.027191393 0 0.039215683 0.999999940
v 0.005552552 0.209750935 0.017895139 0 0.039215683 0.999999940
v 0.016804020 0.214882448 -0.03009726 0 0.039215683 0.999999940
v 0.016663586 0.209201499 -0.026329 0 0.039215683 0.999999940
v 0.016662009 0.209199219 0.018879808 0 0.039215683 0.999999940
v 0.016974475 0.221785768 -0.03009566 0 0.039215683 0.999999940
v 0.016972046 0.221788048 0.027229093 0 0.039215683 0.999999940
v 0.027728814 0.208313435 0.020394537 0 0.039215683 0.999999940
v 0.028167381 0.221012651 0.026711303 0 0.039215683 0.999999940
v 0.027766631 0.208292484 -0.02780276 0 0.039215683 0.999999940
v 0.022063257 0.213319003 -0.03004913 0 0.039215683 0.999999940
v 0.027929708 0.212770462 -0.02999543 0 0.039215683 0.999999940
v 0.022003162 0.221431911 -0.03004963 0 0.039215683 0.999999940
v 0.038561068 0.207083553 0.022940322 0 0.039215683 0.999999940
v 0.039247322 0.219419077 0.025612972 0 0.039215683 0.999999940
v 0.028224997 0.220992744 -0.02999267 0 0.039215683 0.999999940
v 0.039506908 0.219705894 -0.0298894 0 0.039215683 0.999999940
v 0.038762413 0.206762090 -0.02889925 0 0.039215683 0.999999940
v 0.039019826 0.211187481 -0.02989392 0 0.039215683 0.999999940
v 0.050547856 0.219219908 -0.02978833 0 0.039215683 0.999999940
v 0.058340288 0.219105333 -0.029717 0 0.039215683 0.999999940
v 0.050627607 0.219783872 0.028259497 0 0.039215683 0.999999940
v 0.049696434 0.205216199 0.030951969 0 0.039215683 0.999999940
v 0.049593452 0.205283060 -0.02979716 0 0.039215683 0.999999940
v 0.040309488 0.206551566 -0.02988214 0 0.039215683 0.999999940
v 0.058455847 0.203504413 -0.02971604 0 0.039215683 0.999999940
v 0.061751723 0.218988820 -0.02968577 0 0.039215683 0.999999940
v 0.066153295 0.216440096 -0.0296455 0 0.039215683 0.999999940
v 0.062118310 0.221546992 0.01723212 0 0.039215683 0.999999940
v 0.058657724 0.218918547 0.031041357 0 0.039215683 0.999999940
v 0.059930641 0.218874752 0.031015399 0 0.039215683 0.999999940
v 0.061896018 0.218807131 0.030975323 0 0.039215683 0.999999940
v 0.051251627 0.219021424 0.031192414 0 0.039215683 0.999999940
v 0.049739893 0.205266654 0.031226180 0 0.039215683 0.999999940
v 0.061182342 0.201303795 0.030993606 0 0.039215683 0.999999940
v 0.060057930 0.201690614 0.031016461 0 0.039215683 0.999999940
v 0.061798237 0.198939859 0.015788238 0 0.039215683 0.999999940
v 0.049929890 0.205174848 0.031222324 0 0.039215683 0.999999940
v 0.054455157 0.200687617 0.010566484 0 0.039215683 0.999999940
v 0.050896171 0.204163834 -0.02978524 0 0.039215683 0.999999940
v 0.058470014 0.201592013 -0.02971592 0 0.039215683 0.999999940
v 0.051091972 0.204011604 -0.02978345 0 0.039215683 0.999999940
v 0.071977980 0.212213397 -0.0295922 0 0.039215683 0.999999940
v 0.061950180 0.200790807 -0.02968406 0 0.039215683 0.999999940
v 0.093558952 0.200442448 -0.02939471 0 0.039215683 0.999999940
v 0.075864076 0.210952088 -0.02955663 0 0.039215683 0.999999940
v 0.083278402 0.208550393 -0.02948877 0 0.039215683 0.999999940
v 0.084224805 0.207611054 -0.02948011 0 0.039215683 0.999999940
v 0.093541562 0.202790677 -0.02939486 0 0.039215683 0.999999940
v 0.086793370 0.206677407 -0.02945661 0 0.039215683 0.999999940
v 0.071647845 0.213757067 -0.02115225 0 0.039215683 0.999999940
v 0.070005014 0.213505983 0.015682697 0 0.039215683 0.999999940
v 0.062782041 0.218527838 0.030957307 0 0.039215683 0.999999940
v 0.069432318 0.213416948 0.030822735 0 0.039215683 0.999999940
v 0.059931211 0.218797907 0.031015403 0 0.039215683 0.999999940
v 0.083382561 0.198507532 0.030541330 0 0.039215683 0.999999940
v 0.065197654 0.200068503 0.030911959 0 0.039215683 0.999999940
v 0.071831725 0.196315318 0.018813662 0 0.039215683 0.999999940
v 0.071424037 0.198144406 0.030785355 0 0.039215683 0.999999940
v 0.062124338 0.199217975 -0.02413639 0 0.039215683 0.999999940
v 0.072283461 0.196465432 -0.0295895 0 0.039215683 0.999999940
v 0.054719220 0.200938805 -0.01538041 0 0.039215683 0.999999940
v 0.072242267 0.196476727 -0.02958987 0 0.039215683 0.999999940
v 0.083628706 0.193857044 -0.02948566 0 0.039215683 0.999999940
v 0.093651086 0.188003093 -0.02939394 0 0.039215683 0.999999940
v 0.085928045 0.191853255 -0.02946462 0 0.039215683 0.999999940
v 0.095547445 0.200268998 -0.02937651 0 0.039215683 0.999999940
v 0.096925169 0.198391854 -0.0293639 0 0.039215683 0.999999940
v 0.093810245 0.202635929 -0.0293924 0 0.039215683 0.999999940
v 0.092425018 0.204582378 -0.02185015 0 0.039215683 0.999999940
v 0.078868232 0.213035389 -0.01172244 0 0.039215683 0.999999940
v 0.085311666 0.206865817 0.025638356 0 0.039215683 0.999999940
v 0.092387743 0.204238608 0.013505755 0 0.039215683 0.999999940
v 0.078514702 0.213358670 0.025882497 0 0.039215683 0.999999940
v 0.077532522 0.212633207 0.030657662 0 0.039215683 0.999999940
v 0.078708551 0.211776703 0.030633855 0 0.039215683 0.999999940
v 0.083558164 0.194746598 0.029283274 0 0.039215683 0.999999940
v 0.083746075 0.205179870 0.030532494 0 0.039215683 0.999999940
v 0.083198435 0.195127934 0.030545804 0 0.039215683 0.999999940
v 0.08602532 0.195404604 0.030488081 0 0.039215683 0.999999940
v 0.087747223 0.198132872 0.030452374 0 0.039215683 0.999999940
v 0.090808838 0.202983871 0.030388888 0 0.039215683 0.999999940
v 0.084192633 0.206512674 0.030523102 0 0.039215683 0.999999940
v 0.094725541 0.194416210 0.030310813 0 0.039215683 0.999999940
v 0.095787793 0.187044858 0.020590450 0 0.039215683 0.999999940
v 0.088495783 0.190112799 0.010494003 0 0.039215683 0.999999940
v 0.088442720 0.189826965 -0.01771989 0 0.039215683 0.999999940
v 0.106862895 0.195514455 -0.02927295 0 0.039215683 0.999999940
v 0.095566995 0.187281027 -0.02937641 0 0.039215683 0.999999940
v 0.110805086 0.194113597 -0.02923687 0 0.039215683 0.999999940
v 0.095539279 0.187037989 -0.02901585 0 0.039215683 0.999999940
v 0.096730925 0.194188401 0.030269954 0 0.039215683 0.999999940
v 0.103584557 0.184135153 0.030132282 0 0.039215683 0.999999940
v 0.105654694 0.183350727 0.030090220 0 0.039215683 0.999999940
v 0.105495698 0.183137372 -0.02928554 0 0.039215683 0.999999940
v 0.094702437 0.197535842 0.030310619 0 0.039215683 0.999999940
v 0.094679035 0.200695380 0.030310425 0 0.039215683 0.999999940
v 0.096044510 0.199887961 0.030282743 0 0.039215683 0.999999940
v 0.097256258 0.198406979 0.030258338 0 0.039215683 0.999999940
v 0.103416286 0.196669980 0.030133048 0 0.039215683 0.999999940
v 0.102815292 0.196839451 0.030145272 0 0.039215683 0.999999940
v 0.106940858 0.195670127 0.026765583 0 0.039215683 0.999999940
v 0.114622816 0.192739605 0.014685457 0 0.039215683 0.999999940
v 0.114648483 0.192765399 -0.02384077 0 0.039215683 0.999999940
v 0.115875124 0.191131904 -0.02919048 0 0.039215683 0.999999940
v 0.119231745 0.186716511 -0.02915978 0 0.039215683 0.999999940
v 0.095780998 0.186941653 -0.02937445 0 0.039215683 0.999999940
v 0.110648647 0.178271368 0.011107562 0 0.039215683 0.999999940
v 0.106261968 0.182747423 0.030077960 0 0.039215683 0.999999940
v 0.127616971 0.179573506 -0.02908305 0 0.039215683 0.999999940
v 0.127589583 0.183270558 -0.02908328 0 0.039215683 0.999999940
v 0.107413515 0.181153938 -0.029268 0 0.039215683 0.999999940
v 0.108603365 0.179923385 -0.02925711 0 0.039215683 0.999999940
v 0.110484704 0.178032621 -0.02060355 0 0.039215683 0.999999940
v 0.118301652 0.180276870 0.029832888 0 0.039215683 0.999999940
v 0.106223829 0.188770145 0.030077461 0 0.039215683 0.999999940
v 0.117876485 0.188656643 0.029839776 0 0.039215683 0.999999940
v 0.111017994 0.192765504 0.029978811 0 0.039215683 0.999999940
v 0.119301378 0.186844140 0.029811095 0 0.039215683 0.999999940
v 0.124223835 0.184800520 0.029711116 0 0.039215683 0.999999940
v 0.128768563 0.182897269 0.023420851 0 0.039215683 0.999999940
v 0.128748431 0.182793825 -0.02907268 0 0.039215683 0.999999940
v 0.129559740 0.182339072 -0.02906526 0 0.039215683 0.999999940
v 0.133532896 0.179110720 -0.02902891 0 0.039215683 0.999999940
v 0.127691373 0.169530272 -0.02908244 0 0.039215683 0.999999940
v 0.126955062 0.171120047 -0.02908917 0 0.039215683 0.999999940
v 0.117498077 0.174948722 -0.02917572 0 0.039215683 0.999999940
v 0.115342006 0.175894931 -0.02919545 0 0.039215683 0.999999940
v 0.117492079 0.174988821 0.024465613 0 0.039215683 0.999999940
v 0.122739583 0.173127472 0.029743876 0 0.039215683 0.999999940
v 0.120004341 0.177533879 0.029798738 0 0.039215683 0.999999940
v 0.127643108 0.176946416 0.029643036 0 0.039215683 0.999999940
v 0.127888903 0.176381811 0.029638141 0 0.039215683 0.999999940
v 0.139247462 0.173095315 0.027878843 0 0.039215683 0.999999940
v 0.135068818 0.179250165 0.007964965 0 0.039215683 0.999999940
v 0.135087400 0.179268896 -0.01614782 0 0.039215683 0.999999940
v 0.137586817 0.175816759 -0.02899181 0 0.039215683 0.999999940
v 0.139405518 0.173243552 -0.02897518 0 0.039215683 0.999999940
v 0.130545690 0.164130300 0.018515657 0 0.039215683 0.999999940
v 0.139282628 0.161690652 -0.02897638 0 0.039215683 0.999999940
v 0.143061816 0.171445876 -0.02894172 0 0.039215683 0.999999940
v 0.130196690 0.164886087 -0.02905953 0 0.039215683 0.999999940
v 0.130588337 0.164169132 -0.02664147 0 0.039215683 0.999999940
v 0.132012024 0.163764476 -0.02904292 0 0.039215683 0.999999940
v 0.127213954 0.171503081 0.029652949 0 0.039215683 0.999999940
v 0.128208160 0.169356003 0.029633123 0 0.039215683 0.999999940
v 0.128327280 0.176189288 0.029629236 0 0.039215683 0.999999940
v 0.136257618 0.172706529 0.029468208 0 0.039215683 0.999999940
v 0.149588018 0.163399323 0.029198259 0 0.039215683 0.999999940
v 0.139240577 0.170025542 0.029407929 0 0.039215683 0.999999940
v 0.150854453 0.162250205 0.029172670 0 0.039215683 0.999999940
v 0.146951839 0.169505566 0.011125505 0 0.039215683 0.999999940
v 0.146954849 0.169491335 -0.01871897 0 0.039215683 0.999999940
v 0.149193853 0.165356203 -0.02888562 0 0.039215683 0.999999940
v 0.150923773 0.162156537 -0.0288698 0 0.039215683 0.999999940
v 0.139225900 0.16167216 0.029410008 0 0.039215683 0.999999940
v 0.142506152 0.153696745 0.016748946 0 0.039215683 0.999999940
v 0.140037164 0.159691318 0.029393877 0 0.039215683 0.999999940
v 0.136852398 0.162342518 0.029458280 0 0.039215683 0.999999940
v 0.139625698 0.160852924 -0.02897324 0 0.039215683 0.999999940
v 0.128378927 0.169217452 0.029629670 0 0.039215683 0.999999940
v 0.150896161 0.162172764 0.029171835 0 0.039215683 0.999999940
v 0.150979384 0.162131771 0.029170144 0 0.039215683 0.999999940
v 0.158451885 0.158449322 0.011679415 0 0.039215683 0.999999940
v 0.158459678 0.158447280 -0.01914027 0 0.039215683 0.999999940
v 0.154313191 0.160488039 -0.02883879 0 0.039215683 0.999999940
v 0.155023813 0.159786939 -0.02883229 0 0.039215683 0.999999940
v 0.141679480 0.155719235 -0.02895447 0 0.039215683 0.999999940
v 0.142501235 0.153660282 -0.02469113 0 0.039215683 0.999999940
v 0.150709107 0.150688543 -0.02887184 0 0.039215683 0.999999940
v 0.149043992 0.151313066 0.029211930 0 0.039215683 0.999999940
v 0.141626969 0.158212468 0.029361762 0 0.039215683 0.999999940
v 0.150696277 0.150709748 0.029178351 0 0.039215683 0.999999940
v 0.155949652 0.157239094 0.029069799 0 0.039215683 0.999999940
v 0.160879313 0.152386367 0.028970267 0 0.039215683 0.999999940
v 0.162040874 0.151242941 0.028946816 0 0.039215683 0.999999940
v 0.162188574 0.150946378 0.028943866 0 0.039215683 0.999999940
v 0.162192836 0.150938183 -0.02876671 0 0.039215683 0.999999940
v 0.160590007 0.154162257 -0.02878137 0 0.039215683 0.999999940
v 0.160460084 0.154423579 -0.02878255 0 0.039215683 0.999999940
v 0.153737872 0.142562687 0.016852147 0 0.039215683 0.999999940
v 0.151322230 0.149032548 0.029165938 0 0.039215683 0.999999940
v 0.152820035 0.145152047 -0.02885255 0 0.039215683 0.999999940
v 0.160680800 0.141903430 -0.02878061 0 0.039215683 0.999999940
v 0.144786164 0.152832135 -0.02892605 0 0.039215683 0.999999940
v 0.153790503 0.142605647 -0.02376399 0 0.039215683 0.999999940
v 0.156080305 0.141630515 -0.02882272 0 0.039215683 0.999999940
v 0.155540779 0.142213285 -0.02882766 0 0.039215683 0.999999940
v 0.160974443 0.139541819 0.028971061 0 0.039215683 0.999999940
v 0.159317582 0.140233516 0.029004711 0 0.039215683 0.999999940
v 0.161353051 0.139383763 0.028963372 0 0.039215683 0.999999940
v 0.161651641 0.1392591 0.028957307 0 0.039215683 0.999999940
v 0.161650762 0.139258503 -0.02877175 0 0.039215683 0.999999940
v 0.162469714 0.150791347 0.028938163 0 0.039215683 0.999999940
v 0.169467851 0.146930426 0.011044314 0 0.039215683 0.999999940
v 0.169472649 0.146936461 -0.01849655 0 0.039215683 0.999999940
v 0.165473982 0.149134069 -0.02873668 0 0.039215683 0.999999940
v 0.172394767 0.141197279 -0.02867338 0 0.039215683 0.999999940
v 0.171421423 0.143107831 -0.02868228 0 0.039215683 0.999999940
v 0.160697385 0.139664471 -0.02878047 0 0.039215683 0.999999940
v 0.164107784 0.1305179 0.019066955 0 0.039215683 0.999999940
v 0.162493377 0.136263638 0.028940770 0 0.039215683 0.999999940
v 0.163711175 0.131874471 -0.02875293 0 0.039215683 0.999999940
v 0.173280432 0.139458835 -0.02866528 0 0.039215683 0.999999940
v 0.175895780 0.137565121 -0.02864135 0 0.039215683 0.999999940
v 0.179357558 0.128162741 0.028598479 0 0.039215683 0.999999940
v 0.174216806 0.138624623 0.028701122 0 0.039215683 0.999999940
v 0.173289790 0.139460027 0.028719853 0 0.039215683 0.999999940
v 0.173898562 0.139018863 0.028707530 0 0.039215683 0.999999940
v 0.172858536 0.140303656 0.028728472 0 0.039215683 0.999999940
v 0.179291352 0.135108023 0.008567377 0 0.039215683 0.999999940
v 0.179290860 0.135108530 -0.01599305 0 0.039215683 0.999999940
v 0.182340040 0.129580125 -0.02858241 0 0.039215683 0.999999940
v 0.170944333 0.126808464 -0.02868674 0 0.039215683 0.999999940
v 0.164091572 0.130511403 -0.02646832 0 0.039215683 0.999999940
v 0.164772793 0.130143255 -0.02874322 0 0.039215683 0.999999940
v 0.167036622 0.128929421 0.028849653 0 0.039215683 0.999999940
v 0.170949772 0.126806810 0.028770282 0 0.039215683 0.999999940
v 0.184490561 0.124650351 0.028494518 0 0.039215683 0.999999940
v 0.182815566 0.128720656 0.023116961 0 0.039215683 0.999999940
v 0.182813718 0.128721401 -0.02857807 0 0.039215683 0.999999940
v 0.185116276 0.123126328 -0.02855703 0 0.039215683 0.999999940
v 0.174085810 0.119443371 0.028707876 0 0.039215683 0.999999940
v 0.173298776 0.121291331 0.028723537 0 0.039215683 0.999999940
v 0.172229349 0.123787678 -0.028675 0 0.039215683 0.999999940
v 0.174930766 0.117458723 0.025145519 0 0.039215683 0.999999940
v 0.186137199 0.120648607 0.028461780 0 0.039215683 0.999999940
v 0.186561465 0.119617559 0.028453346 0 0.039215683 0.999999940
v 0.186745941 0.119169279 0.028449676 0 0.039215683 0.999999940
v 0.186744943 0.119168780 -0.02854214 0 0.039215683 0.999999940
v 0.174905151 0.117451451 -0.02865054 0 0.039215683 0.999999940
v 0.179971545 0.108602821 -0.02860422 0 0.039215683 0.999999940
v 0.178798258 0.118018664 0.028612047 0 0.039215683 0.999999940
v 0.177621483 0.11349985 0.028637018 0 0.039215683 0.999999940
v 0.178113013 0.110515371 0.012268859 0 0.039215683 0.999999940
v 0.181566029 0.107005089 0.028557933 0 0.039215683 0.999999940
v 0.178092211 0.110500507 -0.01980038 0 0.039215683 0.999999940
v 0.188964545 0.117514871 0.028404772 0 0.039215683 0.999999940
v 0.192788288 0.114663235 0.015768978 0 0.039215683 0.999999940
v 0.192787796 0.114662416 -0.02318965 0 0.039215683 0.999999940
v 0.191179111 0.115861989 -0.02850157 0 0.039215683 0.999999940
v 0.192611977 0.113455914 -0.02848847 0 0.039215683 0.999999940
v 0.175916120 0.115243256 -0.0286413 0 0.039215683 0.999999940
v 0.182637736 0.105910919 -0.02857983 0 0.039215683 0.999999940
v 0.192671015 0.105486027 -0.02848798 0 0.039215683 0.999999940
v 0.183103546 0.105440624 -0.02857556 0 0.039215683 0.999999940
v 0.183087885 0.105457842 0.028527218 0 0.039215683 0.999999940
v 0.192581743 0.103102274 0.028334051 0 0.039215683 0.999999940
v 0.192519128 0.111555337 0.028333529 0 0.039215683 0.999999940
v 0.194157108 0.108809121 0.028300698 0 0.039215683 0.999999940
v 0.195524752 0.106897242 0.026928614 0 0.039215683 0.999999940
v 0.193567439 0.106671087 0.028313186 0 0.039215683 0.999999940
v 0.195541739 0.106881909 -0.02846169 0 0.039215683 0.999999940
v 0.19409962 0.110957860 -0.02847487 0 0.039215683 0.999999940
v 0.184711664 0.101403683 -0.02856087 0 0.039215683 0.999999940
v 0.192798912 0.088219344 -0.02848691 0 0.039215683 0.999999940
v 0.195982888 0.105345770 -0.02845766 0 0.039215683 0.999999940
v 0.198425397 0.096904352 -0.02843535 0 0.039215683 0.999999940
v 0.184988603 0.100672975 0.028489463 0 0.039215683 0.999999940
v 0.183881521 0.103459917 0.028511453 0 0.039215683 0.999999940
v 0.186946034 0.095748215 0.021042987 0 0.039215683 0.999999940
v 0.192709431 0.085864238 0.028335113 0 0.039215683 0.999999940
v 0.197959452 0.098358333 0.028225358 0 0.039215683 0.999999940
v 0.196654334 0.102934859 0.028251007 0 0.039215683 0.999999940
v 0.195912241 0.105537109 0.028265591 0 0.039215683 0.999999940
v 0.192348048 0.096520453 0.028340216 0 0.039215683 0.999999940
v 0.198264047 0.097305633 0.028219368 0 0.039215683 0.999999940
v 0.200574189 0.095589950 0.028172612 0 0.039215683 0.999999940
v 0.204159915 0.092865206 0.015680886 0 0.039215683 0.999999940
v 0.204290866 0.092578642 -0.02240711 0 0.039215683 0.999999940
v 0.202654451 0.093764074 -0.02839666 0 0.039215683 0.999999940
v 0.205731973 0.087787725 -0.02836852 0 0.039215683 0.999999940
v 0.191830545 0.085927397 -0.02849579 0 0.039215683 0.999999940
v 0.190656751 0.088290832 -0.02850652 0 0.039215683 0.999999940
v 0.192824989 0.084699064 -0.0284867 0 0.039215683 0.999999940
v 0.187055572 0.095547631 -0.02853945 0 0.039215683 0.999999940
v 0.205900207 0.087461032 -0.02836699 0 0.039215683 0.999999940
v 0.187051475 0.095550015 -0.02853949 0 0.039215683 0.999999940
v 0.187052562 0.095547303 -0.02853544 0 0.039215683 0.999999940
v 0.190943792 0.088455110 0.028370581 0 0.039215683 0.999999940
v 0.192567691 0.085066296 0.028338175 0 0.039215683 0.999999940
v 0.192177116 0.085881352 0.028345968 0 0.039215683 0.999999940
v 0.189785376 0.088497266 0.011630619 0 0.039215683 0.999999940
v 0.189815223 0.088426075 -0.01730505 0 0.039215683 0.999999940
v 0.192716702 0.084881797 0.028335176 0 0.039215683 0.999999940
v 0.193318814 0.084136366 0.028323050 0 0.039215683 0.999999940
v 0.193709969 0.083605922 -0.0284786 0 0.039215683 0.999999940
v 0.195151329 0.072364710 0.020060062 0 0.039215683 0.999999940
v 0.193932548 0.080094702 0.028311390 0 0.039215683 0.999999940
v 0.206794485 0.084685787 -0.02835882 0 0.039215683 0.999999940
v 0.194034889 0.081465803 -0.02847564 0 0.039215683 0.999999940
v 0.206944972 0.085290521 0.023565378 0 0.039215683 0.999999940
v 0.203840836 0.089595966 0.028107248 0 0.039215683 0.999999940
v 0.200706183 0.085607171 0.028172042 0 0.039215683 0.999999940
v 0.200013130 0.084725268 0.028186366 0 0.039215683 0.999999940
v 0.213337943 0.068620681 0.027917977 0 0.039215683 0.999999940
v 0.196204453 0.072408095 0.028266683 0 0.039215683 0.999999940
v 0.197095885 0.070400238 0.028248924 0 0.039215683 0.999999940
v 0.197199881 0.068528845 0.0282472 0 0.039215683 0.999999940
v 0.197368413 0.061298336 0.027199573 0 0.039215683 0.999999940
v 0.197588011 0.061544168 0.028240770 0 0.039215683 0.999999940
v 0.199135541 0.062220729 -0.01957457 0 0.039215683 0.999999940
v 0.196624696 0.072323292 -0.02708223 0 0.039215683 0.999999940
v 0.196306884 0.073574625 -0.02845489 0 0.039215683 0.999999940
v 0.198164105 0.072529815 -0.0284379 0 0.039215683 0.999999940
v 0.212629720 0.076758578 0.019708093 0 0.039215683 0.999999940
v 0.210537254 0.074603527 -0.02832462 0 0.039215683 0.999999940
v 0.210639089 0.073133707 -0.02832369 0 0.039215683 0.999999940
v 0.206669792 0.084571920 0.028050607 0 0.039215683 0.999999940
v 0.210740596 0.077756591 0.027969013 0 0.039215683 0.999999940
v 0.211852371 0.076079770 0.027946692 0 0.039215683 0.999999940
v 0.213522180 0.068150386 0.027914319 0 0.039215683 0.999999940
v 0.215332001 0.06353046 0.027878381 0 0.039215683 0.999999940
v 0.213310599 0.068422585 0.021928131 0 0.039215683 0.999999940
v 0.217423200 0.053278431 0.027837906 0 0.039215683 0.999999940
v 0.216660469 0.060365285 0.027851954 0 0.039215683 0.999999940
v 0.197694480 0.061125338 0.028238687 0 0.039215683 0.999999940
v 0.204359412 0.049625594 0.028105173 0 0.039215683 0.999999940
v 0.203371524 0.051305975 0.028124969 0 0.039215683 0.999999940
v 0.199944406 0.054214846 0.014245090 0 0.039215683 0.999999940
v 0.201066672 0.054966539 -0.01355892 0 0.039215683 0.999999940
v 0.202029347 0.062061332 -0.02840257 0 0.039215683 0.999999940
v 0.202794134 0.055100265 -0.02839562 0 0.039215683 0.999999940
v 0.203341126 0.053602043 -0.02839062 0 0.039215683 0.999999940
v 0.204096183 0.051533948 -0.02838372 0 0.039215683 0.999999940
v 0.197449207 0.071520365 -0.02844445 0 0.039215683 0.999999940
v 0.197761744 0.070874892 -0.02844159 0 0.039215683 0.999999940
v 0.211112335 0.072102010 -0.02831937 0 0.039215683 0.999999940
v 0.213095381 0.068227969 -0.00803299 0 0.039215683 0.999999940
v 0.217753797 0.050219021 0.026114255 0 0.039215683 0.999999940
v 0.216621071 0.061085678 -0.02153999 0 0.039215683 0.999999940
v 0.214801207 0.051143027 0.027891844 0 0.039215683 0.999999940
v 0.212959483 0.049643088 0.027929734 0 0.039215683 0.999999940
v 0.205240756 0.048773560 0.028087377 0 0.039215683 0.999999940
v 0.205353185 0.049964390 -0.02837222 0 0.039215683 0.999999940
v 0.204675510 0.050619997 -0.02837842 0 0.039215683 0.999999940
v 0.217756331 0.050968375 -0.02825867 0 0.039215683 0.999999940
v 0.217707067 0.050940088 -0.02825912 0 0.039215683 0.999999940
v 0.216870069 0.053392931 -0.02826677 0 0.039215683 0.999999940
v 0.213987007 0.061280250 -0.02829311 0 0.039215683 0.999999940
v 0.214079111 0.066150456 -0.02829225 0 0.039215683 0.999999940
v 0.211896076 0.070529773 -0.0283122 0 0.039215683 0.999999940
v 0.217778623 0.050944984 -0.02822239 0 0.039215683 0.999999940
v 0.207006603 0.038638614 0.022680543 0 0.039215683 0.999999940
v 0.219392627 0.039476484 0.025637976 0 0.039215683 0.999999940
v 0.205837398 0.045289725 0.028075948 0 0.039215683 0.999999940
v 0.219398260 0.039678942 -0.02824371 0 0.039215683 0.999999940
v 0.206929311 0.038802720 -0.02835786 0 0.039215683 0.999999940
v 0.217791587 0.05085494 -0.02825835 0 0.039215683 0.999999940
v 0.207226783 0.036426149 -0.02835515 0 0.039215683 0.999999940
v 0.219867304 0.036344122 -0.02823944 0 0.039215683 0.999999940
v 0.220996916 0.028270028 0.026825297 0 0.039215683 0.999999940
v 0.208322078 0.027748309 0.020392581 0 0.039215683 0.999999940
v 0.2093741 0.027811473 -0.02833555 0 0.039215683 0.999999940
v 0.207881987 0.031213514 -0.02834919 0 0.039215683 0.999999940
v 0.208315253 0.027766980 -0.02779341 0 0.039215683 0.999999940
v 0.220992177 0.028296722 -0.02822919 0 0.039215683 0.999999940
v 0.209394916 0.026902340 -0.02833536 0 0.039215683 0.999999940
v 0.209233760 0.016663720 0.018806736 0 0.039215683 0.999999940
v 0.221748814 0.017003610 0.027110636 0 0.039215683 0.999999940
v 0.221598297 0.019333658 -0.02822369 0 0.039215683 0.999999940
v 0.209231659 0.016662847 -0.02621524 0 0.039215683 0.999999940
v 0.211627453 0.019308881 -0.02831497 0 0.039215683 0.999999940
v 0.212380319 0.016748175 -0.02830809 0 0.039215683 0.999999940
v 0.213689386 0.005593631 -0.02829618 0 0.039215683 0.999999940
v 0.221756249 0.017002422 -0.02822226 0 0.039215683 0.999999940
v 0.222128257 0.005681569 -0.02821892 0 0.039215683 0.999999940
v 0.209791526 0.005553612 0.017949957 0 0.039215683 0.999999940
v 0.222178280 0.005683416 0.027523957 0 0.039215683 0.999999940
v 0.209789320 0.005553062 -0.02533362 0 0.039215683 0.999999940
v 0.213682249 0.002235702 -0.02829627 0 0.039215683 0.999999940
v 0.213657289 -0.00558423 -0.02829654 0 0.039215683 0.999999940
v 0.222129866 0.00233254 -0.02821893 0 0.039215683 0.999999940
v 0.222184285 -0.00567267 0.027550172 0 0.039215683 0.999999940
v 0.209788680 -0.0055452 0.017987772 0 0.039215683 0.999999940
v 0.209788963 -0.00554466 -0.0253609 0 0.039215683 0.999999940
v 0.213599965 -0.00919027 -0.02829709 0 0.039215683 0.999999940
v 0.209172770 -0.01665892 -0.02646977 0 0.039215683 0.999999940
v 0.222133532 -0.00567105 -0.02821895 0 0.039215683 0.999999940
v 0.221836954 -0.01467767 -0.02822171 0 0.039215683 0.999999940
v 0.221754521 -0.01700055 0.027158297 0 0.039215683 0.999999940
v 0.209174573 -0.01665983 0.019064262 0 0.039215683 0.999999940
v 0.208293125 -0.0278121 -0.02776948 0 0.039215683 0.999999940
v 0.212134659 -0.01959049 -0.02831056 0 0.039215683 0.999999940
v 0.209482416 -0.02785793 -0.02833489 0 0.039215683 0.999999940
v 0.212029650 -0.01673613 -0.02831151 0 0.039215683 0.999999940
v 0.212417960 -0.01487022 -0.02830794 0 0.039215683 0.999999940
v 0.208298713 -0.02780127 0.020337712 0 0.039215683 0.999999940
v 0.221762269 -0.01699932 -0.02822241 0 0.039215683 0.999999940
v 0.220932826 -0.02829761 -0.02823007 0 0.039215683 0.999999940
v 0.220926329 -0.02828151 0.026341907 0 0.039215683 0.999999940
v 0.207017526 -0.03895954 -0.02835753 0 0.039215683 0.999999940
v 0.207111671 -0.03891503 0.022495288 0 0.039215683 0.999999940
v 0.219548285 -0.03958664 0.024810519 0 0.039215683 0.999999940
v 0.207917079 -0.03109211 -0.02834924 0 0.039215683 0.999999940
v 0.207802459 -0.03209203 -0.0283503 0 0.039215683 0.999999940
v 0.220525726 -0.03171772 -0.02823382 0 0.039215683 0.999999940
v 0.219592154 -0.03964843 -0.02824242 0 0.039215683 0.999999940
v 0.217571675 -0.05093961 0.022863376 0 0.039215683 0.999999940
v 0.205527544 -0.04971865 0.025911111 0 0.039215683 0.999999940
v 0.205364450 -0.04973504 -0.02837272 0 0.039215683 0.999999940
v 0.205427154 -0.04931018 -0.02837215 0 0.039215683 0.999999940
v 0.218027994 -0.04882637 -0.02825679 0 0.039215683 0.999999940
v 0.217660486 -0.05098725 -0.02826017 0 0.039215683 0.999999940
v 0.215427935 -0.06093262 0.021105796 0 0.039215683 0.999999940
v 0.211663082 -0.06062296 0.027979649 0 0.039215683 0.999999940
v 0.205319762 -0.05112511 0.028107028 0 0.039215683 0.999999940
v 0.20440723 -0.06011784 -0.02838155 0 0.039215683 0.999999940
v 0.205475673 -0.05135856 0.028103899 0 0.039215683 0.999999940
v 0.202636346 -0.06177562 -0.02839777 0 0.039215683 0.999999940
v 0.215522661 -0.06088636 -0.0282798 0 0.039215683 0.999999940
v 0.215590283 -0.06064736 -0.02827918 0 0.039215683 0.999999940
v 0.215538799 -0.06088745 -0.02826086 0 0.039215683 0.999999940
v 0.213066294 -0.06792786 -0.01585617 0 0.039215683 0.999999940
v 0.213378429 -0.06812061 0.009759691 0 0.039215683 0.999999940
v 0.211817130 -0.06817003 0.027978111 0 0.039215683 0.999999940
v 0.212200596 -0.06725564 0.027970094 0 0.039215683 0.999999940
v 0.205286368 -0.05136603 0.028107762 0 0.039215683 0.999999940
v 0.204087704 -0.06001791 0.028134051 0 0.039215683 0.999999940
v 0.199571698 -0.06408864 0.015566389 0 0.039215683 0.999999940
v 0.213264450 -0.0661003 -0.02830051 0 0.039215683 0.999999940
v 0.201841563 -0.06257979 -0.02840505 0 0.039215683 0.999999940
v 0.199986934 -0.06429444 -0.019383 0 0.039215683 0.999999940
v 0.211499959 -0.07014614 -0.02831668 0 0.039215683 0.999999940
v 0.210634514 -0.07156053 -0.02832462 0 0.039215683 0.999999940
v 0.209430813 -0.07301435 -0.02833564 0 0.039215683 0.999999940
v 0.209280595 -0.07300933 0.028030887 0 0.039215683 0.999999940
v 0.210308179 -0.07176834 0.028009660 0 0.039215683 0.999999940
v 0.205204829 -0.06849026 0.028113067 0 0.039215683 0.999999940
v 0.201693669 -0.06213053 0.028183337 0 0.039215683 0.999999940
v 0.202941864 -0.0727857 0.028160143 0 0.039215683 0.999999940
v 0.197645410 -0.07252674 -0.02844353 0 0.039215683 0.999999940
v 0.197961553 -0.07140768 -0.02844062 0 0.039215683 0.999999940
v 0.197714999 -0.07260127 0.023153718 0 0.039215683 0.999999940
v 0.200018405 -0.06672786 -0.02842177 0 0.039215683 0.999999940
v 0.208874389 -0.07521739 -0.02834075 0 0.039215683 0.999999940
v 0.206624478 -0.08357067 -0.0283614 0 0.039215683 0.999999940
v 0.206462904 -0.08419142 0.025589905 0 0.039215683 0.999999940
v 0.207269474 -0.08097152 0.028073608 0 0.039215683 0.999999940
v 0.194829538 -0.08388554 -0.02846937 0 0.039215683 0.999999940
v 0.194852665 -0.08391805 0.028327528 0 0.039215683 0.999999940
v 0.195290580 -0.08218834 0.028318226 0 0.039215683 0.999999940
v 0.197982266 -0.08399212 0.028263703 0 0.039215683 0.999999940
v 0.194454968 -0.08425658 -0.0284728 0 0.039215683 0.999999940
v 0.206465035 -0.08416089 -0.02836286 0 0.039215683 0.999999940
v 0.194079235 -0.08462875 -0.02847625 0 0.039215683 0.999999940
v 0.204228192 -0.09266018 0.016048580 0 0.039215683 0.999999940
v 0.200997456 -0.09506027 0.028204549 0 0.039215683 0.999999940
v 0.196336582 -0.08611056 0.028297726 0 0.039215683 0.999999940
v 0.194756448 -0.08401335 0.028329514 0 0.039215683 0.999999940
v 0.189972519 -0.08870753 -0.01727764 0 0.039215683 0.999999940
v 0.192802622 -0.08589327 -0.02848794 0 0.039215683 0.999999940
v 0.187897726 -0.09460238 -0.0285329 0 0.039215683 0.999999940
v 0.194204494 -0.101537 -0.0284752 0 0.039215683 0.999999940
v 0.205357238 -0.08836673 -0.02837303 0 0.039215683 0.999999940
v 0.204227849 -0.09265659 -0.02350202 0 0.039215683 0.999999940
v 0.198542773 -0.09687565 -0.02843546 0 0.039215683 0.999999940
v 0.202927351 -0.09362126 -0.0283953 0 0.039215683 0.999999940
v 0.198542505 -0.09688289 0.028255015 0 0.039215683 0.999999940
v 0.194077774 -0.08511012 0.028343588 0 0.039215683 0.999999940
v 0.194622054 -0.0841453 0.028332278 0 0.039215683 0.999999940
v 0.193984299 -0.08624554 0.028345737 0 0.039215683 0.999999940
v 0.193981096 -0.08581251 0.028345711 0 0.039215683 0.999999940
v 0.194111570 -0.10342868 0.028346799 0 0.039215683 0.999999940
v 0.189970925 -0.08871079 0.009846192 0 0.039215683 0.999999940
v 0.187216401 -0.09565668 -0.02774907 0 0.039215683 0.999999940
v 0.187213555 -0.09566004 0.020315565 0 0.039215683 0.999999940
v 0.187735259 -0.09571242 -0.02853439 0 0.039215683 0.999999940
v 0.183420062 -0.10572074 -0.02857395 0 0.039215683 0.999999940
v 0.184765592 -0.10215382 -0.02856161 0 0.039215683 0.999999940
v 0.194269910 -0.1103689 -0.02847466 0 0.039215683 0.999999940
v 0.175942644 -0.11577979 -0.02864246 0 0.039215683 0.999999940
v 0.186967179 -0.09631752 -0.02854142 0 0.039215683 0.999999940
v 0.197160676 -0.10134383 -0.02844813 0 0.039215683 0.999999940
v 0.195456624 -0.10685571 -0.02846377 0 0.039215683 0.999999940
v 0.195456281 -0.1068553 0.026547018 0 0.039215683 0.999999940
v 0.196567192 -0.1032658 0.028296671 0 0.039215683 0.999999940
v 0.194128945 -0.10577375 0.028346940 0 0.039215683 0.999999940
v 0.195955559 -0.10524215 0.028309568 0 0.039215683 0.999999940
v 0.192546308 -0.09623621 0.028377197 0 0.039215683 0.999999940
v 0.193920984 -0.08624918 0.028347030 0 0.039215683 0.999999940
v 0.184625715 -0.10251426 0.028540108 0 0.039215683 0.999999940
v 0.184028118 -0.10409752 0.028552636 0 0.039215683 0.999999940
v 0.183414116 -0.10572416 0.028565507 0 0.039215683 0.999999940
v 0.180629253 -0.10841504 -0.02859952 0 0.039215683 0.999999940
v 0.178274810 -0.11068769 -0.01914149 0 0.039215683 0.999999940
v 0.191318690 -0.11582366 -0.0285017 0 0.039215683 0.999999940
v 0.174107864 -0.12029209 -0.02865928 0 0.039215683 0.999999940
v 0.175142824 -0.11752111 -0.0286498 0 0.039215683 0.999999940
v 0.194095149 -0.1108862 -0.02847626 0 0.039215683 0.999999940
v 0.175096243 -0.11754113 0.024088643 0 0.039215683 0.999999940
v 0.192816108 -0.11467254 -0.02331926 0 0.039215683 0.999999940
v 0.192816793 -0.11467288 0.015906240 0 0.039215683 0.999999940
v 0.193933248 -0.10904315 0.028351631 0 0.039215683 0.999999940
v 0.189202278 -0.11744954 0.028449930 0 0.039215683 0.999999940
v 0.191643074 -0.10649721 0.028397806 0 0.039215683 0.999999940
v 0.183032915 -0.10609218 0.028573360 0 0.039215683 0.999999940
v 0.178290233 -0.11070611 0.011626089 0 0.039215683 0.999999940
v 0.182474389 -0.10663772 0.028584871 0 0.039215683 0.999999940
v 0.173363849 -0.12219523 0.028774034 0 0.039215683 0.999999940
v 0.179291367 -0.11817222 0.028652258 0 0.039215683 0.999999940
v 0.179658591 -0.11105936 0.028643254 0 0.039215683 0.999999940
v 0.186799734 -0.11934869 -0.0285431 0 0.039215683 0.999999940
v 0.171562239 -0.12709996 -0.02868263 0 0.039215683 0.999999940
v 0.186831772 -0.11927244 -0.02854281 0 0.039215683 0.999999940
v 0.171505168 -0.12719375 0.028813010 0 0.039215683 0.999999940
v 0.171709135 -0.12664828 0.028808735 0 0.039215683 0.999999940
v 0.173349753 -0.12223317 0.028774328 0 0.039215683 0.999999940
v 0.186797574 -0.11929706 0.028499376 0 0.039215683 0.999999940
v 0.182822734 -0.12876324 0.023364070 0 0.039215683 0.999999940
v 0.185963064 -0.12128337 0.028516821 0 0.039215683 0.999999940
v 0.184353724 -0.12511396 0.028550468 0 0.039215683 0.999999940
v 0.177041187 -0.127966 0.028700243 0 0.039215683 0.999999940
v 0.172862306 -0.13679715 0.028787370 0 0.039215683 0.999999940
v 0.164926707 -0.13031884 -0.0287434 0 0.039215683 0.999999940
v 0.164248675 -0.13064954 -0.02718609 0 0.039215683 0.999999940
v 0.17090711 -0.12748389 0.028825271 0 0.039215683 0.999999940
v 0.162759125 -0.1386729 -0.02876329 0 0.039215683 0.999999940
v 0.164027169 -0.13128497 -0.02875164 0 0.039215683 0.999999940
v 0.182909667 -0.12872146 -0.02857877 0 0.039215683 0.999999940
v 0.179254263 -0.13509038 0.008119465 0 0.039215683 0.999999940
v 0.173218622 -0.1393072 0.027472332 0 0.039215683 0.999999940
v 0.170560434 -0.13923617 0.028834845 0 0.039215683 0.999999940
v 0.169322356 -0.12823026 0.028857760 0 0.039215683 0.999999940
v 0.163014054 -0.13580818 0.028988059 0 0.039215683 0.999999940
v 0.163049057 -0.14053425 0.028988350 0 0.039215683 0.999999940
v 0.164180487 -0.13065815 0.017155259 0 0.039215683 0.999999940
v 0.162732377 -0.13506354 -0.02876351 0 0.039215683 0.999999940
v 0.161458447 -0.13878125 -0.0287752 0 0.039215683 0.999999940
v 0.161417588 -0.13890052 -0.02877557 0 0.039215683 0.999999940
v 0.161526784 -0.13898824 0.029019072 0 0.039215683 0.999999940
v 0.162855565 -0.15169297 -0.02876249 0 0.039215683 0.999999940
v 0.150393173 -0.15033631 -0.02887657 0 0.039215683 0.999999940
v 0.162930548 -0.15156162 -0.0287618 0 0.039215683 0.999999940
v 0.154997259 -0.1420086 -0.02883436 0 0.039215683 0.999999940
v 0.173331916 -0.13932838 -0.02866651 0 0.039215683 0.999999940
v 0.17574431 -0.13759111 -0.02864441 0 0.039215683 0.999999940
v 0.175775051 -0.13756852 -0.02864413 0 0.039215683 0.999999940
v 0.182364001 -0.12966834 -0.02858376 0 0.039215683 0.999999940
v 0.179253071 -0.13504015 -0.01601288 0 0.039215683 0.999999940
v 0.169592723 -0.14706123 -0.02019169 0 0.039215683 0.999999940
v 0.171441093 -0.14325838 -0.02868384 0 0.039215683 0.999999940
v 0.169414043 -0.14687 0.009545963 0 0.039215683 0.999999940
v 0.164037525 -0.15038066 0.028970282 0 0.039215683 0.999999940
v 0.170661553 -0.13989271 0.028832923 0 0.039215683 0.999999940
v 0.162258297 -0.13671605 0.029003668 0 0.039215683 0.999999940
v 0.160949096 -0.13926794 0.029030915 0 0.039215683 0.999999940
v 0.159675478 -0.13986547 0.029057025 0 0.039215683 0.999999940
v 0.158574417 -0.14091136 0.029079709 0 0.039215683 0.999999940
v 0.163126617 -0.15100531 0.028988994 0 0.039215683 0.999999940
v 0.151347398 -0.14777629 0.029228594 0 0.039215683 0.999999940
v 0.153767779 -0.14261253 -0.02525084 0 0.039215683 0.999999940
v 0.153139680 -0.14407703 -0.02885138 0 0.039215683 0.999999940
v 0.161764144 -0.15360455 -0.02877249 0 0.039215683 0.999999940
v 0.144383475 -0.15313417 -0.0289316 0 0.039215683 0.999999940
v 0.142719909 -0.15388981 -0.02468901 0 0.039215683 0.999999940
v 0.150240093 -0.15015024 0.029251687 0 0.039215683 0.999999940
v 0.158634603 -0.15861095 0.013074128 0 0.039215683 0.999999940
v 0.160173013 -0.15584743 -0.02878707 0 0.039215683 0.999999940
v 0.142071932 -0.15500666 -0.02895277 0 0.039215683 0.999999940
v 0.158438950 -0.1584353 -0.01870312 0 0.039215683 0.999999940
v 0.140173256 -0.15829019 -0.02897017 0 0.039215683 0.999999940
v 0.138566941 -0.16106811 -0.02898489 0 0.039215683 0.999999940
v 0.142560854 -0.15376005 0.015173777 0 0.039215683 0.999999940
v 0.140085458 -0.15832679 0.029460575 0 0.039215683 0.999999940
v 0.149432361 -0.15052618 0.029268246 0 0.039215683 0.999999940
v 0.147853463 -0.1512526 0.029300611 0 0.039215683 0.999999940
v 0.150594875 -0.14934179 0.029244281 0 0.039215683 0.999999940
v 0.162719264 -0.15127656 0.028997361 0 0.039215683 0.999999940
v 0.163315817 -0.15087934 0.028985109 0 0.039215683 0.999999940
v 0.167338341 -0.1486256 -0.02872143 0 0.039215683 0.999999940
v 0.161763727 -0.15294985 0.02901721 0 0.039215683 0.999999940
v 0.151298955 -0.16257164 -0.02886835 0 0.039215683 0.999999940
v 0.154746964 -0.16053635 -0.02883677 0 0.039215683 0.999999940
v 0.154217734 -0.1613151 0.029172923 0 0.039215683 0.999999940
v 0.151540488 -0.16287926 0.029227871 0 0.039215683 0.999999940
v 0.156619235 -0.15865286 0.029123369 0 0.039215683 0.999999940
v 0.159399509 -0.15651587 -0.02879415 0 0.039215683 0.999999940
v 0.131040975 -0.16393989 -0.0290538 0 0.039215683 0.999999940
v 0.130536139 -0.16413368 -0.02751197 0 0.039215683 0.999999940
v 0.138573080 -0.16110912 0.029492020 0 0.039215683 0.999999940
v 0.139015972 -0.16029431 0.029482811 0 0.039215683 0.999999940
v 0.137513190 -0.16151358 0.029513727 0 0.039215683 0.999999940
v 0.147022843 -0.16955079 -0.0194591 0 0.039215683 0.999999940
v 0.149130746 -0.16605309 -0.02888821 0 0.039215683 0.999999940
v 0.150833487 -0.16401471 0.029242534 0 0.039215683 0.999999940
v 0.146305665 -0.16795865 0.029335741 0 0.039215683 0.999999940
v 0.150000244 -0.16527183 0.029259800 0 0.039215683 0.999999940
v 0.135332033 -0.16235873 0.029558401 0 0.039215683 0.999999940
v 0.130258455 -0.17703195 -0.02906105 0 0.039215683 0.999999940
v 0.130267620 -0.16462268 -0.02906089 0 0.039215683 0.999999940
v 0.143192946 -0.17152201 -0.0289426 0 0.039215683 0.999999940
v 0.130167886 -0.16480646 -0.0290618 0 0.039215683 0.999999940
v 0.126808062 -0.17118852 -0.0290926 0 0.039215683 0.999999940
v 0.127080828 -0.17145558 0.029728658 0 0.039215683 0.999999940
v 0.130606964 -0.16417113 0.016986783 0 0.039215683 0.999999940
v 0.127962321 -0.16967854 0.029710296 0 0.039215683 0.999999940
v 0.130867853 -0.16679268 0.029650412 0 0.039215683 0.999999940
v 0.130926743 -0.17474286 0.029650904 0 0.039215683 0.999999940
v 0.139275014 -0.17325968 0.027972981 0 0.039215683 0.999999940
v 0.147061839 -0.16962735 0.011542892 0 0.039215683 0.999999940
v 0.139171406 -0.17146491 0.029482018 0 0.039215683 0.999999940
v 0.136020109 -0.17278238 0.029546583 0 0.039215683 0.999999940
v 0.139407888 -0.17343105 -0.02897727 0 0.039215683 0.999999940
v 0.110012412 -0.17908216 -0.0292464 0 0.039215683 0.999999940
v 0.119216196 -0.18674463 -0.02916219 0 0.039215683 0.999999940
v 0.096514709 -0.19859053 -0.02937008 0 0.039215683 0.999999940
v 0.115330420 -0.17590685 -0.0291977 0 0.039215683 0.999999940
v 0.117476850 -0.1749651 -0.02917804 0 0.039215683 0.999999940
v 0.129469245 -0.18241821 -0.0290683 0 0.039215683 0.999999940
v 0.130293473 -0.18175919 -0.02906075 0 0.039215683 0.999999940
v 0.137068197 -0.17634237 -0.0289987 0 0.039215683 0.999999940
v 0.13757734 -0.17593527 -0.02899404 0 0.039215683 0.999999940
v 0.117480978 -0.17496407 0.024302661 0 0.039215683 0.999999940
v 0.123026087 -0.17295232 0.029811687 0 0.039215683 0.999999940
v 0.127747550 -0.17596655 0.029716018 0 0.039215683 0.999999940
v 0.128750979 -0.18292737 0.023296244 0 0.039215683 0.999999940
v 0.135066673 -0.17925 0.007962029 0 0.039215683 0.999999940
v 0.135073825 -0.17928228 -0.01646801 0 0.039215683 0.999999940
v 0.128704607 -0.18284944 -0.02907531 0 0.039215683 0.999999940
v 0.115877173 -0.191131 -0.02919278 0 0.039215683 0.999999940
v 0.096842169 -0.19848265 -0.02936708 0 0.039215683 0.999999940
v 0.114622734 -0.19273977 0.014683778 0 0.039215683 0.999999940
v 0.114647999 -0.19276556 -0.02384271 0 0.039215683 0.999999940
v 0.119301348 -0.18685143 0.029890630 0 0.039215683 0.999999940
v 0.117900125 -0.18863165 0.029919594 0 0.039215683 0.999999940
v 0.124098695 -0.1848671 0.029792346 0 0.039215683 0.999999940
v 0.126375675 -0.17931291 0.029744714 0 0.039215683 0.999999940
v 0.118529997 -0.18011485 0.029904931 0 0.039215683 0.999999940
v 0.118323624 -0.18044361 0.029909212 0 0.039215683 0.999999940
v 0.110481977 -0.17803423 -0.02060368 0 0.039215683 0.999999940
v 0.110649496 -0.17827067 0.011102602 0 0.039215683 0.999999940
v 0.108805239 -0.18110886 0.030103523 0 0.039215683 0.999999940
v 0.113422364 -0.18063693 0.030009236 0 0.039215683 0.999999940
v 0.108600966 -0.17992491 -0.02925932 0 0.039215683 0.999999940
v 0.105487100 -0.18314745 -0.02928784 0 0.039215683 0.999999940
v 0.105639152 -0.18337536 0.030168589 0 0.039215683 0.999999940
v 0.105872042 -0.1831343 0.030163787 0 0.039215683 0.999999940
v 0.106226310 -0.18279132 0.030156489 0 0.039215683 0.999999940
v 0.103628583 -0.18413635 0.030209764 0 0.039215683 0.999999940
v 0.106187887 -0.18868327 0.030158527 0 0.039215683 0.999999940
v 0.106903456 -0.19567363 0.026860382 0 0.039215683 0.999999940
v 0.106839798 -0.19550696 -0.02927554 0 0.039215683 0.999999940
v 0.110854312 -0.19408821 -0.02923878 0 0.039215683 0.999999940
v 0.096784710 -0.19856076 -0.02936761 0 0.039215683 0.999999940
v 0.096920445 -0.19850992 0.030349668 0 0.039215683 0.999999940
v 0.092622786 -0.20423083 -0.02413535 0 0.039215683 0.999999940
v 0.103335425 -0.1966891 0.030218418 0 0.039215683 0.999999940
v 0.097634561 -0.19830723 0.030335057 0 0.039215683 0.999999940
v 0.097592525 -0.19263208 0.030334703 0 0.039215683 0.999999940
v 0.095632359 -0.18711542 0.020502204 0 0.039215683 0.999999940
v 0.096443466 -0.19424938 0.030358489 0 0.039215683 0.999999940
v 0.095564268 -0.18702947 -0.0290616 0 0.039215683 0.999999940
v 0.096426561 -0.18669073 -0.02937081 0 0.039215683 0.999999940
v 0.095776267 -0.18694504 -0.02937677 0 0.039215683 0.999999940
v 0.061462909 -0.20245495 -0.02969098 0 0.039215683 0.999999940
v 0.088003158 -0.20542371 -0.02944804 0 0.039215683 0.999999940
v 0.063456669 -0.21055417 -0.02967278 0 0.039215683 0.999999940
v 0.062494553 -0.2018017 -0.02968153 0 0.039215683 0.999999940
v 0.072509728 -0.19895065 -0.02958983 0 0.039215683 0.999999940
v 0.073734886 -0.19633609 -0.0295786 0 0.039215683 0.999999940
v 0.083606630 -0.19398393 -0.02948822 0 0.039215683 0.999999940
v 0.093659073 -0.20281017 -0.02939625 0 0.039215683 0.999999940
v 0.096517182 -0.19892447 -0.02937006 0 0.039215683 0.999999940
v 0.086053930 -0.191826 -0.0294658 0 0.039215683 0.999999940
v 0.095588572 -0.18725079 -0.02937849 0 0.039215683 0.999999940
v 0.084140829 -0.20643421 -0.0294834 0 0.039215683 0.999999940
v 0.084400564 -0.20653416 0.026669606 0 0.039215683 0.999999940
v 0.092601373 -0.20412056 0.014590857 0 0.039215683 0.999999940
v 0.09650819 -0.19907042 0.030358195 0 0.039215683 0.999999940
v 0.095754504 -0.20003381 0.030373774 0 0.039215683 0.999999940
v 0.085459396 -0.19486132 0.030582688 0 0.039215683 0.999999940
v 0.084001183 -0.19439708 0.029862292 0 0.039215683 0.999999940
v 0.088682018 -0.19000503 0.009308390 0 0.039215683 0.999999940
v 0.088527336 -0.18978994 -0.01814548 0 0.039215683 0.999999940
v 0.072224512 -0.19671117 -0.02781477 0 0.039215683 0.999999940
v 0.072437636 -0.19671695 0.024644110 0 0.039215683 0.999999940
v 0.062175542 -0.19887909 -0.02467894 0 0.039215683 0.999999940
v 0.061457201 -0.20168461 -0.02969102 0 0.039215683 0.999999940
v 0.05157464 -0.20279814 -0.0297815 0 0.039215683 0.999999940
v 0.053840585 -0.19990958 -0.01912108 0 0.039215683 0.999999940
v 0.053006183 -0.19857955 0.022954035 0 0.039215683 0.999999940
v 0.062038797 -0.19748342 0.031061008 0 0.039215683 0.999999940
v 0.063030697 -0.19739537 0.031040757 0 0.039215683 0.999999940
v 0.063014082 -0.19739684 0.031041096 0 0.039215683 0.999999940
v 0.073722183 -0.20630705 0.030824553 0 0.039215683 0.999999940
v 0.070223078 -0.20339043 0.030895315 0 0.039215683 0.999999940
v 0.077716961 -0.2085011 0.030743531 0 0.039215683 0.999999940
v 0.073940649 -0.20990023 -0.0295768 0 0.039215683 0.999999940
v 0.094483815 -0.20069316 0.030399836 0 0.039215683 0.999999940
v 0.088496670 -0.20135881 0.030522111 0 0.039215683 0.999999940
v 0.074149183 -0.20956072 0.030816536 0 0.039215683 0.999999940
v 0.063510954 -0.21079907 0.031033814 0 0.039215683 0.999999940
v 0.063064381 -0.20418632 0.031041514 0 0.039215683 0.999999940
v 0.061375718 -0.19754851 0.03107455 0 0.039215683 0.999999940
v 0.049512356 -0.20472626 0.031318083 0 0.039215683 0.999999940
v 0.049843285 -0.20492473 -0.02979736 0 0.039215683 0.999999940
v 0.051132574 -0.20182604 0.031284414 0 0.039215683 0.999999940
v 0.050762858 -0.20363462 -0.02978894 0 0.039215683 0.999999940
v 0.036112707 -0.20698306 -0.02992307 0 0.039215683 0.999999940
v 0.038676455 -0.20659111 -0.0298996 0 0.039215683 0.999999940
v 0.033167257 -0.22029446 -0.02995012 0 0.039215683 0.999999940
v 0.038548238 -0.20651686 0.025188945 0 0.039215683 0.999999940
v 0.043614484 -0.20567539 0.031438596 0 0.039215683 0.999999940
v 0.044095542 -0.20629524 0.031428910 0 0.039215683 0.999999940
v 0.063118003 -0.21142593 0.031041961 0 0.039215683 0.999999940
v 0.050113115 -0.21404891 0.031307809 0 0.039215683 0.999999940
v 0.059840939 -0.21660529 0.022246651 0 0.039215683 0.999999940
v 0.059859458 -0.21633579 -0.02474718 0 0.039215683 0.999999940
v 0.061267893 -0.21437733 0.031080331 0 0.039215683 0.999999940
v 0.061545535 -0.21360987 -0.02969029 0 0.039215683 0.999999940
v 0.060754906 -0.21487623 -0.02969754 0 0.039215683 0.999999940
v 0.025281673 -0.22117385 -0.03002231 0 0.039215683 0.999999940
v 0.028282614 -0.22095354 -0.02999484 0 0.039215683 0.999999940
v 0.025224860 -0.21350406 -0.03002278 0 0.039215683 0.999999940
v 0.027920307 -0.21241607 -0.0299981 0 0.039215683 0.999999940
v 0.050517465 -0.21760178 -0.02979127 0 0.039215683 0.999999940
v 0.039694730 -0.21942183 -0.02989035 0 0.039215683 0.999999940
v 0.039563786 -0.21937066 0.026440151 0 0.039215683 0.999999940
v 0.028236970 -0.22097231 0.026901036 0 0.039215683 0.999999940
v 0.027742225 -0.20825921 -0.02794651 0 0.039215683 0.999999940
v 0.027712216 -0.20828637 0.020605202 0 0.039215683 0.999999940
v 0.050370212 -0.21780036 0.028354782 0 0.039215683 0.999999940
v 0.053844764 -0.21714546 -0.02976081 0 0.039215683 0.999999940
v 0.016975294 -0.22178251 -0.03009835 0 0.039215683 0.999999940
v 0.016970144 -0.22178423 0.027242254 0 0.039215683 0.999999940
v 0.016651561 -0.20920096 0.018882714 0 0.039215683 0.999999940
v 0.011431101 -0.21594417 -0.03014907 0 0.039215683 0.999999940
v 0.005609239 -0.21621108 -0.03020236 0 0.039215683 0.999999940
v 0.016799286 -0.21487109 -0.03009992 0 0.039215683 0.999999940
v 0.022143980 -0.21474761 -0.03005099 0 0.039215683 0.999999940
v 0.016654582 -0.20920233 -0.02633298 0 0.039215683 0.999999940
v 0.005550566 -0.20975226 -0.02533033 0 0.039215683 0.999999940
v 0.005550968 -0.20975143 0.017895348 0 0.039215683 0.999999940
v 0.005663148 -0.22207613 0.027192592 0 0.039215683 0.999999940
v 0.005662551 -0.22207488 -0.03020192 0 0.039215683 0.999999940
v 0.000045434 -0.22207488 -0.03025334 0 0.039215683 0.999999940
v 0.000045446 -0.21627948 -0.0302533 0 0.039215683 0.999999940
v -0.00555046 -0.2097521 -0.02532874 0 0.039215683 0.999999940
v -0.00555076 -0.20975134 0.017893884 0 0.039215683 0.999999940
v -0.00566419 -0.22207628 0.027192432 0 0.039215683 0.999999940
v -0.00342777 -0.22207488 -0.03022154 0 0.039215683 0.999999940
v -0.00485446 -0.2162196 -0.03020844 0 0.039215683 0.999999940
v -0.00560973 -0.21621038 -0.03020153 0 0.039215683 0.999999940
v -0.01159581 -0.21512665 -0.03014673 0 0.039215683 0.999999940
v -0.01665452 -0.20920163 -0.02632684 0 0.039215683 0.999999940
v -0.01679963 -0.21487348 -0.03009909 0 0.039215683 0.999999940
v -0.01665139 -0.20920016 0.018876683 0 0.039215683 0.999999940
v -0.01697083 -0.22178379 0.027243539 0 0.039215683 0.999999940
v -0.00489783 -0.22207488 -0.03020808 0 0.039215683 0.999999940
v -0.0056636 -0.2220749 -0.03020107 0 0.039215683 0.999999940
v -0.01697597 -0.22178228 -0.03009751 0 0.039215683 0.999999940
v -0.03656624 -0.21984559 -0.02991816 0 0.039215683 0.999999940
v -0.02441097 -0.21244305 -0.0300294 0 0.039215683 0.999999940
v -0.04514413 -0.21851285 -0.02983963 0 0.039215683 0.999999940
v -0.02774253 -0.20825805 -0.02793914 0 0.039215683 0.999999940
v -0.02792084 -0.21242356 -0.02999726 0 0.039215683 0.999999940
v -0.02771243 -0.20828548 0.020600155 0 0.039215683 0.999999940
v -0.02823669 -0.22097243 0.026905678 0 0.039215683 0.999999940
v -0.02828253 -0.22095357 -0.02999401 0 0.039215683 0.999999940
v -0.0396947 -0.2194221 -0.02988952 0 0.039215683 0.999999940
v -0.03956385 -0.21937063 0.026441074 0 0.039215683 0.999999940
v -0.05051802 -0.21760146 -0.02979043 0 0.039215683 0.999999940
v -0.0607549 -0.21487722 -0.02969671 0 0.039215683 0.999999940
v -0.04984285 -0.20492344 -0.02979654 0 0.039215683 0.999999940
v -0.04504885 -0.20564955 -0.02984042 0 0.039215683 0.999999940
v -0.03867637 -0.20658997 -0.02989877 0 0.039215683 0.999999940
v -0.03612591 -0.20697989 -0.02992212 0 0.039215683 0.999999940
v -0.0503709 -0.21780004 0.028356898 0 0.039215683 0.999999940
v -0.03854831 -0.20651564 0.025189027 0 0.039215683 0.999999940
v -0.05011377 -0.21405116 0.031306162 0 0.039215683 0.999999940
v -0.05984208 -0.21660461 0.022250648 0 0.039215683 0.999999940
v -0.06126779 -0.21437815 0.031078696 0 0.039215683 0.999999940
v -0.05417313 -0.21009707 0.031222511 0 0.039215683 0.999999940
v -0.05385016 -0.21714437 -0.02975993 0 0.039215683 0.999999940
v -0.05986074 -0.21633506 -0.02475205 0 0.039215683 0.999999940
v -0.06345642 -0.21055441 -0.02967195 0 0.039215683 0.999999940
v -0.08382144 -0.20654491 -0.0294855 0 0.039215683 0.999999940
v -0.05077114 -0.20362481 -0.02978803 0 0.039215683 0.999999940
v -0.05300645 -0.19857945 0.022952385 0 0.039215683 0.999999940
v -0.05113247 -0.2018256 0.031282778 0 0.039215683 0.999999940
v -0.04686261 -0.20515135 0.031370587 0 0.039215683 0.999999940
v -0.04951222 -0.20472492 0.031316448 0 0.039215683 0.999999940
v -0.0436143 -0.20567414 0.031436964 0 0.039215683 0.999999940
v -0.04408955 -0.20628668 0.031427394 0 0.039215683 0.999999940
v -0.04689784 -0.20990621 0.031370878 0 0.039215683 0.999999940
v -0.06351086 -0.21079914 0.031032174 0 0.039215683 0.999999940
v -0.07414911 -0.20956074 0.030814901 0 0.039215683 0.999999940
v -0.07372192 -0.20630544 0.030822921 0 0.039215683 0.999999940
v -0.07394043 -0.20990029 -0.02957597 0 0.039215683 0.999999940
v -0.08414084 -0.20643423 -0.02948257 0 0.039215683 0.999999940
v -0.09365889 -0.20281038 -0.02939542 0 0.039215683 0.999999940
v -0.08377286 -0.19998641 -0.0294859 0 0.039215683 0.999999940
v -0.08440056 -0.20653416 0.026669502 0 0.039215683 0.999999940
v -0.06249452 -0.20180166 -0.0296807 0 0.039215683 0.999999940
v -0.0515741 -0.20279773 -0.02978068 0 0.039215683 0.999999940
v -0.05384068 -0.19990948 -0.01912008 0 0.039215683 0.999999940
v -0.0621756 -0.19887909 -0.02467741 0 0.039215683 0.999999940
v -0.06203886 -0.19748341 0.031059369 0 0.039215683 0.999999940
v -0.06137672 -0.19754837 0.031072892 0 0.039215683 0.999999940
v -0.07021395 -0.20338221 0.030893858 0 0.039215683 0.999999940
v -0.04686873 -0.20597769 0.031370639 0 0.039215683 0.999999940
v -0.08400136 -0.19439706 0.029862806 0 0.039215683 0.999999940
v -0.07243762 -0.19671692 0.024643864 0 0.039215683 0.999999940
v -0.07771884 -0.20850053 0.030741855 0 0.039215683 0.999999940
v -0.06302962 -0.19739544 0.031039141 0 0.039215683 0.999999940
v -0.09262277 -0.20423083 -0.02413535 0 0.039215683 0.999999940
v -0.08800377 -0.20542356 -0.02944721 0 0.039215683 0.999999940
v -0.09260143 -0.20412056 0.014590730 0 0.039215683 0.999999940
v -0.08848991 -0.20135032 0.030520610 0 0.039215683 0.999999940
v -0.0945071 -0.20068134 0.030397720 0 0.039215683 0.999999940
v -0.08788279 -0.20005175 0.030532717 0 0.039215683 0.999999940
v -0.08545547 -0.19486001 0.030581131 0 0.039215683 0.999999940
v -0.09679177 -0.19855109 -0.02936671 0 0.039215683 0.999999940
v -0.09684213 -0.19848265 -0.02936625 0 0.039215683 0.999999940
v -0.09692043 -0.19850992 0.030348029 0 0.039215683 0.999999940
v -0.09575419 -0.20003423 0.030372142 0 0.039215683 0.999999940
v -0.09644332 -0.19424817 0.030356854 0 0.039215683 0.999999940
v -0.10333721 -0.19668859 0.030216742 0 0.039215683 0.999999940
v -0.10618763 -0.18868656 0.030156891 0 0.039215683 0.999999940
v -0.08360669 -0.19398393 -0.02948739 0 0.039215683 0.999999940
v -0.08372761 -0.19387729 -0.02948628 0 0.039215683 0.999999940
v -0.08605409 -0.19182602 -0.02946497 0 0.039215683 0.999999940
v -0.08852749 -0.18979007 -0.01814494 0 0.039215683 0.999999940
v -0.08868212 -0.190005 0.009308742 0 0.039215683 0.999999940
v -0.09563235 -0.18711542 0.020502228 0 0.039215683 0.999999940
v -0.07222455 -0.19671124 -0.02781341 0 0.039215683 0.999999940
v -0.07373527 -0.19633608 -0.02957776 0 0.039215683 0.999999940
v -0.07250977 -0.1989511 -0.029589 0 0.039215683 0.999999940
v -0.10683998 -0.19550678 -0.02927471 0 0.039215683 0.999999940
v -0.11095046 -0.19408637 -0.02923708 0 0.039215683 0.999999940
v -0.09558846 -0.18725006 -0.02937766 0 0.039215683 0.999999940
v -0.09556425 -0.18702953 -0.02906192 0 0.039215683 0.999999940
v -0.10549011 -0.18314554 -0.029287 0 0.039215683 0.999999940
v -0.09577566 -0.1869453 -0.02937595 0 0.039215683 0.999999940
v -0.10362709 -0.18413779 0.030208159 0 0.039215683 0.999999940
v -0.10563841 -0.18337668 0.030166965 0 0.039215683 0.999999940
v -0.10647411 -0.18892778 0.030151099 0 0.039215683 0.999999940
v -0.10690343 -0.19567363 0.026860389 0 0.039215683 0.999999940
v -0.11468282 -0.19281396 -0.0240495 0 0.039215683 0.999999940
v -0.11462273 -0.19273971 0.014684879 0 0.039215683 0.999999940
v -0.11923767 -0.18672438 -0.02916117 0 0.039215683 0.999999940
v -0.11586096 -0.19122548 -0.0291921 0 0.039215683 0.999999940
v -0.12101158 -0.18599135 -0.02914492 0 0.039215683 0.999999940
v -0.11002731 -0.17907216 -0.02924543 0 0.039215683 0.999999940
v -0.10860408 -0.17992298 -0.02925847 0 0.039215683 0.999999940
v -0.11048473 -0.17803264 -0.02060527 0 0.039215683 0.999999940
v -0.10587139 -0.18313555 0.030162163 0 0.039215683 0.999999940
v -0.10622572 -0.18279237 0.030154861 0 0.039215683 0.999999940
v -0.11789351 -0.18863532 0.029918089 0 0.039215683 0.999999940
v -0.10882998 -0.181098 0.030101377 0 0.039215683 0.999999940
v -0.11439992 -0.18052869 0.029987633 0 0.039215683 0.999999940
v -0.11831309 -0.18035273 0.029907766 0 0.039215683 0.999999940
v -0.12181517 -0.18580166 0.029837489 0 0.039215683 0.999999940
v -0.12177053 -0.1797753 0.029837116 0 0.039215683 0.999999940
v -0.11930186 -0.18684544 0.029888980 0 0.039215683 0.999999940
v -0.11880399 -0.18750913 0.029899276 0 0.039215683 0.999999940
v -0.11948086 -0.18677145 0.029885310 0 0.039215683 0.999999940
v -0.12956059 -0.18233845 -0.02906664 0 0.039215683 0.999999940
v -0.128749 -0.18279338 -0.02907407 0 0.039215683 0.999999940
v -0.13693538 -0.1763473 -0.02899909 0 0.039215683 0.999999940
v -0.12095214 -0.17796585 -0.02914542 0 0.039215683 0.999999940
v -0.12876807 -0.1828977 0.023417789 0 0.039215683 0.999999940
v -0.11749817 -0.17494865 -0.02917701 0 0.039215683 0.999999940
v -0.11534192 -0.17589495 -0.02919676 0 0.039215683 0.999999940
v -0.11749204 -0.17498909 0.024464394 0 0.039215683 0.999999940
v -0.11064854 -0.17827126 0.011106554 0 0.039215683 0.999999940
v -0.12173396 -0.17483853 0.029836811 0 0.039215683 0.999999940
v -0.11846148 -0.18011352 0.029904689 0 0.039215683 0.999999940
v -0.12721311 -0.17150407 0.029724329 0 0.039215683 0.999999940
v -0.12281111 -0.17310226 0.029814470 0 0.039215683 0.999999940
v -0.12657845 -0.17928387 0.029738932 0 0.039215683 0.999999940
v -0.12416495 -0.18482544 0.029789347 0 0.039215683 0.999999940
v -0.1278771 -0.17630205 0.029711805 0 0.039215683 0.999999940
v -0.14997776 -0.16302589 0.029258143 0 0.039215683 0.999999940
v -0.15087034 -0.16221392 0.029239762 0 0.039215683 0.999999940
v -0.13508752 -0.17926849 -0.01614285 0 0.039215683 0.999999940
v -0.13506824 -0.1792502 0.007969439 0 0.039215683 0.999999940
v -0.13924874 -0.17309868 0.027957182 0 0.039215683 0.999999940
v -0.13759081 -0.17581485 -0.02899309 0 0.039215683 0.999999940
v -0.12091912 -0.17350675 -0.02914569 0 0.039215683 0.999999940
v -0.12695575 -0.17111993 -0.02909042 0 0.039215683 0.999999940
v -0.13054563 -0.16413032 0.018511835 0 0.039215683 0.999999940
v -0.12819166 -0.16939114 0.029703918 0 0.039215683 0.999999940
v -0.14695142 -0.16950674 0.011179782 0 0.039215683 0.999999940
v -0.15089865 -0.16216141 0.029239174 0 0.039215683 0.999999940
v -0.15093653 -0.1621642 -0.02887084 0 0.039215683 0.999999940
v -0.13689414 -0.16232856 0.029524892 0 0.039215683 0.999999940
v -0.13924213 -0.16999848 0.029478624 0 0.039215683 0.999999940
v -0.13623105 -0.17270565 0.029540624 0 0.039215683 0.999999940
v -0.13940847 -0.17324592 -0.02897643 0 0.039215683 0.999999940
v -0.14305209 -0.17145297 -0.02894307 0 0.039215683 0.999999940
v -0.13200878 -0.16376513 -0.02904412 0 0.039215683 0.999999940
v -0.13019736 -0.16488571 -0.0290607 0 0.039215683 0.999999940
v -0.1305892 -0.16416825 -0.02664106 0 0.039215683 0.999999940
v -0.13928503 -0.1616908 -0.02897749 0 0.039215683 0.999999940
v -0.13922831 -0.16166876 0.029477134 0 0.039215683 0.999999940
v -0.15091899 -0.16215138 0.029238756 0 0.039215683 0.999999940
v -0.15095541 -0.16213366 0.029238008 0 0.039215683 0.999999940
v -0.15433051 -0.16049069 -0.02883976 0 0.039215683 0.999999940
v -0.14919902 -0.16536704 -0.02888676 0 0.039215683 0.999999940
v -0.14695422 -0.16949223 -0.01867566 0 0.039215683 0.999999940
v -0.15680033 -0.15804468 -0.02881713 0 0.039215683 0.999999940
v -0.14066917 -0.15823668 -0.0289648 0 0.039215683 0.999999940
v -0.14169079 -0.1556872 -0.02895543 0 0.039215683 0.999999940
v -0.14249809 -0.15366083 -0.02476456 0 0.039215683 0.999999940
v -0.14251369 -0.1537015 0.016722410 0 0.039215683 0.999999940
v -0.1400263 -0.15972517 0.029460445 0 0.039215683 0.999999940
v -0.13982682 -0.16021103 0.029464617 0 0.039215683 0.999999940
v -0.15428779 -0.15886258 0.029169336 0 0.039215683 0.999999940
v -0.15824421 -0.15661472 -0.0288039 0 0.039215683 0.999999940
v -0.14476091 -0.1528473 -0.02892731 0 0.039215683 0.999999940
v -0.15074982 -0.15069701 -0.02887247 0 0.039215683 0.999999940
v -0.14927739 -0.15124689 0.029269922 0 0.039215683 0.999999940
v -0.15074144 -0.15071487 0.029239945 0 0.039215683 0.999999940
v -0.15128611 -0.14929712 0.029228530 0 0.039215683 0.999999940
v -0.15089369 -0.15031762 0.029236752 0 0.039215683 0.999999940
v -0.15383886 -0.14263704 -0.02378983 0 0.039215683 0.999999940
v 0.153815716 -0.14260828 0.015180732 0 0.039215683 0.999999940
s 0
f 1305 1306 1307
f 1305 1308 1309 1310
f 1306 1305 1310 1311
f 1307 1312 1308 1305
f 1306 1311 1313
f 1313 1314 1307 1306
f 1315 1307 1314
f 1312 1307 1315 1316
f 1308 1312 1317
f 1317 1312 1316 1318
f 1308 1319 1320 1309
f 1308 1317 1321 1319
f 1309 1320 1322
f 1310 1309 1322 1323
f 1324 1311 1310 1325
f 1310 1323 1326 1327
f 1328 1310 1327
f 1325 1310 1328 1329
f 1313 1311 1330 1331
f 1311 1324 1332 1330
f 1333 1334 1313 1331
f 1334 1335 1314 1313
f 1314 1336 1337 1318
f 1316 1315 1314 1318
f 1314 1335 1336
f 1338 1339 1317 1318
f 1318 1337 1340 1338
f 1341 1321 1317
f 1317 1342 1343 1341
f 1342 1317 1344
f 1344 1317 1339
f 1320 1319 1321 1345
f 1321 1341 1346 1345
f 1343 1346 1341
f 1347 1346 1343 1348
f 1349 1350 1343
f 1342 1349 1343
f 1351 1348 1343 1350
f 1342 1327 1352 1353
f 1344 1328 1327 1342
f 1342 1353 1354 1349
f 1326 1352 1327
f 1326 1355 1353 1352
f 1355 1326 1323 1356
f 1346 1357 1355 1320
f 1355 1356 1322 1320
f 1355 1357 1354 1353
f 1347 1357 1346
f 1346 1320 1345
f 1357 1347 1348
f 1348 1358 1359
f 1360 1348 1361 1362
f 1359 1363 1357 1348
f 1360 1364 1358 1348
f 1348 1351 1365 1361
f 1366 1365 1351
f 1350 1367 1368 1351
f 1351 1368 1369 1366
f 1350 1370 1367
f 1349 1354 1370 1350
f 1363 1354 1357
f 1354 1363 1370
f 1371 1372 1363 1359
f 1363 1372 1373
f 1370 1363 1373 1367
f 1358 1371 1359
f 1371 1358 1364 1372
f 1374 1375 1364 1360
f 1375 1376 1377 1364
f 1364 1377 1378 1379
f 1364 1379 1380 1381
f 1372 1364 1381 1382
f 1360 1362 1383 1384
f 1374 1360 1384 1385
f 1383 1362 1361
f 1361 1365 1384 1383
f 1366 1369 1386 1365
f 1386 1384 1365
f 1386 1369 1387
f 1388 1387 1369
f 1369 1368 1389 1388
f 1367 1373 1368
f 1373 1389 1368
f 1373 1372 1382 1389
f 1389 1382 1381 1388
f 1388 1381 1380
f 1388 1380 1379 1390
f 1390 1379 1378 1391
f 1378 1377 1392 1393
f 1394 1391 1378 1395
f 1378 1393 1396 1395
f 1397 1398 1377
f 1399 1400 1377 1398
f 1376 1397 1377
f 1377 1400 1392
f 1374 1397 1376 1375
f 1397 1374 1399 1398
f 1374 1385 1401
f 1401 1402 1399 1374
f 1401 1385 1384 1386
f 1403 1386 1387
f 1403 1404 1386
f 1405 1401 1386 1404
f 1403 1387 1388 1404
f 1390 1405 1404 1388
f 1405 1390 1391 1406
f 1407 1408 1391 1394
f 1408 1406 1391
f 1395 1407 1394
f 1409 1407 1395 1396
f 1396 1393 1410
f 1409 1396 1410 1411
f 1412 1393 1392 1400
f 1413 1410 1393 1412
f 1412 1400 1399 1402
f 1414 1412 1402 1415
f 1415 1402 1416
f 1401 1405 1416 1402
f 1406 1416 1405
f 1417 1416 1406 1408
f 1408 1407 1417
f 1418 1417 1407 1409
f 1411 1418 1409
f 1418 1411 1419 1420
f 1419 1411 1410
f 1413 1421 1420 1410
f 1420 1419 1410
f 1412 1422 1413
f 1423 1421 1413 1422
f 1412 1414 1422
f 1416 1417 1414 1415
f 1422 1414 1418 1424
f 1418 1414 1417
f 1425 1424 1418 1426
f 1427 1426 1418 1420
f 1420 1421 1428
f 1420 1428 1429 1427
f 1430 1428 1421 1423
f 1424 1431 1423 1422
f 1431 1432 1430 1423
f 1433 1431 1424 1434
f 1424 1425 1435 1434
f 1436 1435 1425
f 1425 1427 1429 1436
f 1427 1425 1426
f 1437 1438 1429 1428
f 1439 1436 1429 1438
f 1440 1428 1430 1432
f 1428 1440 1441 1437
f 1440 1432 1431 1442
f 1442 1431 1433
f 1443 1444 1442 1433
f 1443 1433 1445
f 1434 1435 1445 1433
f 1445 1435 1446 1443
f 1436 1439 1435
f 1439 1447 1446 1435
f 1447 1439 1438 1448
f 1438 1437 1441 1448
f 1441 1440 1449 1450
f 1451 1448 1441 1450
f 1440 1442 1452
f 1449 1440 1452 1453
f 1442 1444 1454
f 1454 1455 1452 1442
f 1443 1454 1444
f 1443 1446 1455 1454
f 1456 1455 1446
f 1448 1446 1447
f 1456 1446 1448 1453
f 1453 1448 1451 1449
f 1451 1450 1449
f 1453 1452 1457
f 1456 1453 1457 1458
f 1455 1459 1460 1452
f 1461 1457 1452 1460
f 1462 1459 1455 1456
f 1458 1462 1456
f 1463 1462 1458 1464
f 1465 1464 1458 1466
f 1458 1457 1467 1466
f 1461 1468 1467 1457
f 1459 1462 1461 1460
f 1462 1463 1468 1461
f 1468 1463 1469
f 1463 1464 1470 1469
f 1470 1464 1471
f 1465 1472 1471 1464
f 1473 1472 1465
f 1473 1465 1466 1474
f 1474 1466 1467 1475
f 1476 1467 1468 1469
f 1467 1476 1477 1475
f 1469 1470 1476
f 1476 1470 1471
f 1471 1472 1477 1476
f 1473 1478 1479 1472
f 1472 1479 1480 1477
f 1478 1473 1474 1481
f 1481 1474 1475 1482
f 1475 1477 1483 1482
f 1480 1484 1483 1477
f 1479 1478 1480
f 1478 1485 1484 1480
f 1485 1478 1481
f 1486 1485 1481 1487
f 1487 1481 1482 1488
f 1482 1483 1489 1488
f 1490 1491 1483 1484
f 1491 1492 1489 1483
f 1485 1491 1490 1484
f 1486 1491 1485
f 1491 1486 1492
f 1493 1494 1492 1486
f 1493 1486 1487
f 1495 1493 1487 1496
f 1496 1487 1488 1497
f 1488 1489 1498 1497
f 1494 1498 1489 1492
f 1495 1499 1494 1493
f 1498 1494 1499
f 1495 1500 1501 1499
f 1500 1495 1496 1502
f 1503 1502 1496
f 1503 1496 1497 1504
f 1497 1498 1505 1504
f 1501 1506 1498 1499
f 1506 1507 1505 1498
f 1500 1502 1506 1501
f 1506 1502 1508 1507
f 1508 1502 1509
f 1510 1511 1509 1502
f 1512 1510 1502 1503
f 1512 1503 1513 1514
f 1504 1515 1513 1503
f 1516 1515 1504 1505
f 1508 1509 1505 1507
f 1516 1505 1509 1511
f 1512 1516 1511 1510
f 1516 1512 1517
f 1514 1518 1517 1512
f 1518 1514 1519
f 1520 1519 1514 1521
f 1514 1513 1522 1521
f 1523 1522 1513
f 1524 1523 1513 1515
f 1517 1525 1515 1516
f 1524 1515 1525
f 1518 1526 1525 1517
f 1527 1528 1518 1519
f 1528 1529 1526 1518
f 1530 1531 1519 1520
f 1531 1532 1533 1519
f 1527 1519 1533
f 1521 1522 1520
f 1520 1522 1530
f 1530 1522 1534 1535
f 1534 1522 1523 1536
f 1537 1538 1523 1539
f 1523 1538 1536
f 1539 1523 1524
f 1524 1525 1526 1539
f 1539 1526 1529
f 1529 1528 1540 1541
f 1539 1529 1541 1537
f 1533 1540 1528 1527
f 1533 1532 1542
f 1542 1543 1544 1533
f 1533 1544 1545 1540
f 1542 1532 1531 1530
f 1535 1543 1542 1530
f 1546 1543 1535 1547
f 1547 1535 1534
f 1547 1534 1548 1546
f 1548 1534 1549
f 1549 1534 1536 1550
f 1538 1541 1550 1536
f 1538 1537 1541
f 1540 1551 1541
f 1541 1551 1552 1553
f 1553 1550 1541
f 1554 1552 1540 1545
f 1551 1540 1552
f 1544 1555 1556 1545
f 1557 1558 1545 1556
f 1554 1545 1559 1560
f 1545 1561 1559
f 1561 1545 1558
f 1544 1543 1562
f 1562 1563 1544
f 1544 1563 1555
f 1543 1546 1562
f 1562 1546 1548 1563
f 1564 1555 1563 1548
f 1564 1548 1549 1565
f 1565 1549 1566
f 1549 1550 1566
f 1566 1550 1553 1567
f 1554 1553 1552
f 1567 1553 1554 1560
f 1568 1569 1560 1559
f 1567 1560 1569 1570
f 1558 1568 1559 1561
f 1557 1571 1572 1558
f 1572 1573 1558
f 1574 1575 1558 1573
f 1575 1568 1558
f 1557 1576 1571
f 1555 1576 1557 1556
f 1576 1555 1564
f 1576 1564 1565 1577
f 1578 1577 1565
f 1570 1569 1565 1566
f 1565 1569 1568 1578
f 1566 1567 1570
f 1577 1578 1579 1580
f 1579 1578 1581
f 1575 1578 1568
f 1582 1581 1578 1583
f 1574 1578 1575
f 1584 1583 1578 1574
f 1585 1574 1573
f 1574 1585 1586 1584
f 1587 1585 1573 1572
f 1571 1588 1589 1572
f 1572 1589 1590
f 1591 1592 1572 1590
f 1572 1592 1587
f 1577 1588 1571 1576
f 1593 1588 1577 1580
f 1593 1580 1579 1594
f 1595 1594 1579 1596
f 1579 1597 1596
f 1581 1582 1597 1579
f 1597 1582 1598 1596
f 1586 1599 1598 1582
f 1584 1586 1582 1583
f 1585 1587 1592 1586
f 1599 1586 1592
f 1592 1591 1600 1601
f 1599 1592 1598
f 1602 1598 1592 1601
f 1591 1590 1589 1603
f 1591 1603 1600
f 1588 1593 1589
f 1593 1594 1595 1589
f 1595 1604 1603 1589
f 1595 1596 1605 1604
f 1605 1596 1598 1602
f 1606 1602 1601 1607
f 1608 1605 1602 1606
f 1609 1607 1601 1600
f 1600 1603 1610
f 1611 1612 1600 1610
f 1612 1613 1609 1600
f 1604 1614 1615 1603
f 1603 1616 1611 1610
f 1615 1617 1618 1603
f 1618 1619 1616 1603
f 1620 1614 1604 1605
f 1620 1605 1608 1621
f 1608 1606 1622 1621
f 1623 1622 1606 1624
f 1609 1606 1607
f 1606 1609 1613 1625
f 1624 1606 1625 1626
f 1627 1625 1613 1612
f 1612 1611 1628
f 1628 1616 1619 1612
f 1619 1627 1612
f 1628 1611 1616
f 1629 1627 1619 1630
f 1631 1632 1627 1629
f 1625 1627 1633
f 1633 1627 1632
f 1634 1619 1618
f 1635 1630 1619 1634
f 1618 1617 1636 1637
f 1638 1634 1618 1637
f 1617 1615 1636
f 1614 1620 1636 1615
f 1620 1621 1622
f 1620 1622 1623 1639
f 1620 1639 1636
f 1639 1623 1624 1626
f 1639 1626 1640 1636
f 1637 1640 1626 1625
f 1638 1637 1625
f 1638 1625 1633 1641
f 1642 1641 1633 1632
f 1631 1642 1632
f 1643 1631 1629
f 1644 1642 1631 1643
f 1630 1635 1629
f 1645 1646 1629 1635
f 1647 1648 1629 1646
f 1643 1629 1648 1649
f 1641 1645 1635
f 1641 1635 1634 1638
f 1650 1651 1645 1641
f 1650 1641 1642 1644
f 1650 1644 1652
f 1652 1644 1643
f 1643 1649 1653 1652
f 1649 1648 1654
f 1655 1653 1649 1654
f 1656 1648 1647 1657
f 1658 1659 1648 1656
f 1654 1648 1659
f 1647 1646 1657
f 1646 1645 1656 1657
f 1660 1661 1645 1651
f 1661 1658 1656 1645
f 1651 1650 1662 1660
f 1662 1650 1663
f 1655 1663 1650 1653
f 1652 1653 1650
f 1664 1663 1655
f 1665 1664 1655 1666
f 1659 1655 1654
f 1666 1655 1659
f 1666 1659 1658
f 1667 1668 1658 1661
f 1669 1670 1658 1668
f 1666 1658 1670 1671
f 1661 1660 1662
f 1667 1661 1662 1672
f 1662 1665 1672
f 1663 1664 1665 1662
f 1672 1665 1666 1671
f 1673 1671 1670 1674
f 1675 1672 1671 1676
f 1676 1671 1673 1677
f 1669 1678 1679 1670
f 1670 1679 1680 1674
f 1668 1681 1682 1669
f 1669 1682 1678
f 1683 1681 1668 1667
f 1684 1685 1683 1667
f 1667 1672 1686 1684
f 1675 1686 1672
f 1676 1686 1675
f 1686 1676 1677 1687
f 1687 1677 1688 1689
f 1690 1688 1677
f 1691 1690 1677 1673
f 1692 1693 1691 1673
f 1673 1674 1680 1692
f 1694 1695 1680 1679
f 1695 1696 1692 1680
f 1682 1697 1679 1678
f 1698 1679 1699
f 1697 1700 1699 1679
f 1701 1694 1679 1698
f 1687 1682 1685 1702
f 1685 1682 1681 1683
f 1682 1687 1689
f 1689 1703 1697 1682
f 1702 1685 1684
f 1684 1686 1687 1702
f 1697 1703 1704 1705
f 1697 1705 1706
f 1700 1697 1707
f 1707 1697 1708
f 1709 1710 1708 1697
f 1697 1706 1711
f 1709 1697 1711 1712
f 1699 1700 1707 1701
f 1701 1698 1699
f 1694 1701 1707 1713
f 1695 1694 1713
f 1713 1696 1695
f 1696 1713 1707 1714
f 1715 1692 1696 1714
f 1692 1715 1693
f 1716 1691 1693 1715
f 1716 1688 1690 1691
f 1717 1716 1715
f 1716 1717 1718 1688
f 1718 1717 1715 1719
f 1719 1715 1714
f 1707 1708 1720 1714
f 1720 1719 1714
f 1720 1708 1710
f 1709 1721 1720 1710
f 1722 1723 1709 1712
f 1721 1709 1724 1725
f 1723 1726 1724 1709
f 1712 1727 1728 1722
f 1711 1729 1727 1712
f 1722 1728 1730 1723
f 1723 1730 1731
f 1732 1726 1723 1733
f 1734 1733 1723
f 1723 1731 1735 1734
f 1736 1737 1724 1726
f 1738 1736 1726 1732
f 1737 1739 1725 1724
f 1740 1721 1725
f 1739 1740 1725
f 1721 1740 1719 1720
f 1741 1718 1719 1742
f 1743 1742 1719 1740
f 1688 1718 1741
f 1705 1704 1688 1741
f 1742 1706 1705 1741
f 1706 1742 1744 1745
f 1743 1744 1742
f 1746 1744 1743 1747
f 1739 1747 1743 1740
f 1739 1746 1747
f 1746 1739 1737 1748
f 1749 1748 1737 1736
f 1750 1749 1736 1738
f 1738 1751 1750
f 1751 1738 1752
f 1752 1738 1732
f 1752 1732 1733
f 1752 1733 1734 1753
f 1754 1753 1734 1755
f 1756 1734 1735
f 1755 1734 1756
f 1735 1731 1756
f 1757 1756 1731 1730
f 1758 1755 1756 1757
f 1759 1755 1758
f 1760 1754 1755
f 1759 1761 1760 1755
f 1754 1762 1763 1753
f 1764 1762 1754 1760
f 1753 1763 1752
f 1765 1751 1752 1763
f 1751 1765 1750
f 1766 1767 1768 1750
f 1750 1768 1749
f 1769 1766 1750 1763
f 1750 1765 1763
f 1748 1749 1768 1770
f 1706 1771 1748 1711
f 1748 1770 1772 1711
f 1744 1746 1748 1771
f 1771 1745 1744
f 1706 1745 1771
f 1772 1767 1766 1711
f 1711 1766 1769
f 1711 1769 1773
f 1773 1774 1775 1711
f 1729 1711 1757
f 1776 1777 1757 1711
f 1776 1711 1778 1779
f 1775 1780 1781 1711
f 1781 1782 1778 1711
f 1727 1729 1757 1730
f 1783 1758 1757 1777
f 1783 1777 1776
f 1779 1784 1783 1776
f 1778 1785 1784 1779
f 1778 1782 1786
f 1786 1787 1788 1778
f 1785 1778 1789
f 1789 1778 1788
f 1781 1790 1782
f 1790 1791 1792 1782
f 1782 1792 1793
f 1782 1794 1795
f 1782 1796 1787 1786
f 1793 1797 1794 1782
f 1798 1782 1799
f 1782 1800 1801
f 1795 1802 1800 1782
f 1796 1782 1798 1803
f 1801 1804 1799 1782
f 1790 1781 1805 1791
f 1781 1806 1807 1805
f 1764 1806 1781 1780
f 1792 1791 1805
f 1805 1808 1793 1792
f 1793 1808 1809 1797
f 1794 1797 1809
f 1794 1809 1810 1795
f 1795 1810 1802
f 1800 1802 1810 1811
f 1811 1812 1801 1800
f 1804 1801 1813
f 1801 1812 1814 1813
f 1804 1813 1815 1816
f 1804 1816 1817 1799
f 1798 1799 1818 1803
f 1818 1799 1817
f 1803 1819 1820 1796
f 1819 1803 1818
f 1787 1796 1821
f 1820 1821 1796
f 1787 1821 1820 1788
f 1788 1820 1822
f 1819 1818 1822 1820
f 1822 1818 1817
f 1816 1823 1824 1817
f 1817 1825 1826 1822
f 1825 1817 1827
f 1824 1814 1812 1817
f 1817 1812 1828 1827
f 1812 1811 1829 1828
f 1811 1810 1830
f 1830 1831 1832 1811
f 1811 1832 1833 1834
f 1829 1811 1834
f 1809 1835 1830 1810
f 1835 1809 1808
f 1835 1808 1836 1837
f 1835 1837 1831 1830
f 1831 1837 1836 1826
f 1832 1831 1826 1827
f 1826 1838 1822
f 1836 1839 1838 1826
f 1827 1826 1825
f 1838 1840 1788 1822
f 1840 1841 1789 1788
f 1839 1841 1840 1838
f 1842 1843 1841 1839
f 1844 1842 1839 1836
f 1836 1808 1845
f 1836 1845 1844
f 1808 1789 1844 1845
f 1842 1844 1789 1843
f 1758 1785 1789 1759
f 1789 1846 1759
f 1847 1846 1789 1808
f 1841 1843 1789
f 1808 1805 1807
f 1808 1807 1848 1847
f 1806 1849 1847
f 1848 1806 1847
f 1847 1849 1846
f 1759 1846 1849 1761
f 1764 1761 1849 1806
f 1848 1807 1806
f 1760 1761 1764
f 1762 1764 1780 1850
f 1762 1850 1769 1763
f 1774 1773 1769 1850
f 1775 1774 1850
f 1775 1850 1780
f 1784 1785 1758 1783
f 1829 1833 1832 1827
f 1828 1829 1827
f 1833 1829 1834
f 1851 1813 1814
f 1852 1853 1851 1814
f 1814 1824 1854 1852
f 1851 1855 1813
f 1853 1856 1855 1851
f 1813 1855 1857 1815
f 1858 1855 1859
f 1859 1855 1856 1860
f 1855 1858 1861 1857
f 1860 1856 1862
f 1863 1856 1864
f 1862 1856 1863 1865
f 1866 1856 1853 1852
f 1856 1866 1867 1864
f 1866 1852 1854 1868
f 1823 1861 1854 1824
f 1861 1858 1868 1854
f 1860 1869 1858 1859
f 1858 1869 1870 1868
f 1860 1862 1869
f 1865 1871 1869 1862
f 1872 1865 1863 1873
f 1865 1872 1874 1871
f 1873 1863 1875
f 1864 1876 1875 1863
f 1864 1867 1876
f 1867 1866 1868 1870
f 1876 1867 1870 1877
f 1869 1871 1877 1870
f 1878 1879 1871 1874
f 1871 1879 1880 1877
f 1874 1872 1873 1875
f 1874 1875 1881 1878
f 1881 1875 1876 1882
f 1877 1880 1882 1876
f 1880 1883 1884 1882
f 1879 1885 1883 1880
f 1879 1878 1886
f 1886 1887 1885 1879
f 1878 1881 1888 1886
f 1888 1881 1882 1884
f 1883 1889 1890 1884
f 1891 1888 1884
f 1892 1891 1884 1890
f 1883 1885 1893 1889
f 1894 1893 1885 1887
f 1887 1886 1892 1895
f 1894 1887 1895 1896
f 1886 1888 1891 1892
f 1895 1892 1890 1897
f 1890 1889 1898 1897
f 1889 1893 1899 1898
f 1893 1894 1900
f 1893 1900 1899
f 1894 1899 1900
f 1899 1894 1896 1901
f 1896 1902 1903 1901
f 1895 1897 1904 1896
f 1902 1896 1904
f 1897 1905 1906 1907
f 1904 1897 1907
f 1905 1897 1908
f 1908 1897 1898 1909
f 1910 1911 1898 1912
f 1911 1913 1898
f 1898 1913 1909
f 1898 1914 1912
f 1899 1915 1914 1898
f 1899 1901 1915
f 1901 1916 1917 1915
f 1903 1918 1901
f 1919 1916 1901 1920
f 1921 1922 1901 1918
f 1922 1923 1901
f 1920 1901 1924
f 1923 1925 1924 1901
f 1903 1902 1926
f 1918 1903 1926
f 1926 1902 1904 1927
f 1907 1928 1904
f 1928 1929 1927 1904
f 1930 1928 1907 1906
f 1905 1930 1906
f 1908 1911 1930 1905
f 1909 1913 1911 1908
f 1930 1911 1910 1931
f 1932 1910 1912
f 1910 1932 1931
f 1932 1912 1933 1934
f 1935 1936 1933 1912
f 1937 1935 1912 1914
f 1915 1917 1937 1914
f 1917 1916 1935 1937
f 1919 1935 1916
f 1935 1919 1938
f 1919 1920 1936 1938
f 1936 1920 1939
f 1940 1941 1939 1920
f 1920 1942 1943 1940
f 1920 1924 1944 1942
f 1924 1925 1945 1944
f 1925 1923 1945
f 1923 1922 1946
f 1923 1947 1948 1945
f 1946 1949 1947 1923
f 1922 1921 1926 1946
f 1921 1918 1926
f 1946 1926 1927 1949
f 1929 1950 1949 1927
f 1929 1931 1951 1950
f 1930 1931 1929 1928
f 1952 1953 1931 1954
f 1934 1954 1931 1932
f 1951 1931 1953
f 1934 1933 1952 1954
f 1939 1952 1933 1936
f 1938 1936 1935
f 1952 1955 1956 1957
f 1953 1952 1947 1958
f 1959 1955 1952 1960
f 1947 1952 1957 1948
f 1952 1961 1960
f 1939 1941 1961 1952
f 1940 1962 1941
f 1961 1941 1962
f 1963 1940 1943
f 1964 1940 1963 1965
f 1966 1962 1940 1964
f 1962 1966 1960 1961
f 1967 1960 1968
f 1967 1959 1960
f 1969 1968 1960 1970
f 1960 1966 1970
f 1956 1955 1959 1971
f 1971 1959 1967
f 1971 1972 1957 1956
f 1948 1957 1972 1973
f 1974 1943 1948 1973
f 1943 1945 1948
f 1942 1944 1945 1943
f 1975 1943 1974 1976
f 1943 1975 1977 1963
f 1963 1977 1978 1979
f 1965 1963 1979
f 1980 1965 1979
f 1981 1970 1965 1980
f 1964 1965 1970 1982
f 1982 1966 1964
f 1966 1982 1970
f 1969 1970 1983 1984
f 1985 1970 1981 1986
f 1987 1970 1985
f 1970 1987 1988 1989
f 1970 1989 1983
f 1969 1984 1990
f 1991 1968 1969 1990
f 1967 1968 1991 1971
f 1971 1974 1973 1972
f 1974 1971 1976
f 1971 1991 1975 1976
f 1975 1991 1977
f 1992 1978 1977 1993
f 1977 1991 1993
f 1994 1981 1978 1992
f 1981 1979 1978
f 1981 1980 1979
f 1994 1995 1996 1981
f 1986 1981 1996
f 1997 1986 1996
f 1998 1985 1986 1997
f 1999 1985 1998
f 1985 1999 2000
f 2000 2001 1985
f 1985 2001 2002 2003
f 2003 1988 1987 1985
f 1989 1988 2003
f 1983 1989 2002 2004
f 1989 2003 2002
f 1984 1983 2004 1990
f 2004 2005 2006 1990
f 1991 1990 2007
f 1990 2006 2007
f 1991 2007 1994 1993
f 1993 1994 1992
f 1994 2007 1995
f 2007 2008 1996 1995
f 2009 2010 1996 2008
f 1997 1996 2010 2011
f 2011 1998 1997
f 1998 2011 2012 1999
f 2013 2000 1999 2012
f 2001 2000 2014
f 2015 2000 2013 2016
f 2000 2017 2018 2014
f 2000 2015 2019 2017
f 2020 2005 2004 2001
f 2020 2001 2014 2021
f 2002 2001 2004
f 2008 2005 2020 2022
f 2005 2008 2007 2006
f 2008 2022 2023 2009
f 2024 2009 2025
f 2009 2023 2025
f 2009 2024 2026 2027
f 2013 2009 2027 2028
f 2013 2012 2010 2009
f 2010 2012 2011
f 2016 2013 2028
f 2028 2029 2016
f 2015 2016 2029 2030
f 2031 2015 2032 2033
f 2031 2034 2014 2015
f 2015 2035 2032
f 2014 2018 2015
f 2015 2030 2035
f 2018 2019 2015
f 2034 2036 2021 2014
f 2020 2021 2036 2022
f 2036 2025 2023 2022
f 2034 2024 2025 2036
f 2024 2034 2026
f 2037 2030 2027 2026
f 2031 2037 2026 2034
f 2030 2028 2027
f 2030 2029 2028
f 2037 2038 2039 2030
f 2040 2030 2039
f 2041 2030 2040
f 2042 2035 2030 2041
f 2035 2043 2044 2032
f 2043 2035 2042 2045
f 2033 2032 2046 2047
f 2048 2046 2032 2045
f 2044 2045 2032
f 2031 2033 2047 2049
f 2037 2031 2049 2038
f 2039 2038 2049
f 2039 2049 2050 2051
f 2052 2053 2039 2051
f 2053 2040 2039
f 2040 2053 2054 2055
f 2042 2041 2040 2055
f 2054 2045 2042 2055
f 2048 2045 2056 2057
f 2045 2058 2056
f 2054 2059 2058 2045
f 2045 2060 2043
f 2045 2044 2060
f 2044 2043 2060
f 2056 2058 2061
f 2062 2061 2058 2063
f 2059 2063 2058
f 2064 2065 2056 2066
f 2057 2056 2065
f 2067 2066 2056 2068
f 2061 2068 2056
f 2057 2064 2050 2048
f 2057 2065 2064
f 2049 2046 2048 2050
f 2047 2046 2049
f 2050 2064 2052 2051
f 2052 2069 2070 2053
f 2052 2064 2069
f 2071 2053 2070
f 2072 2053 2071
f 2072 2059 2053
f 2059 2054 2053
f 2073 2059 2072 2074
f 2059 2073 2075
f 2059 2075 2062 2063
f 2061 2062 2075 2068
f 2067 2068 2076 2077
f 2068 2078 2076
f 2073 2079 2068 2075
f 2078 2068 2079 2080
f 2077 2081 2082 2067
f 2066 2067 2082
f 2083 2066 2082 2084
f 2064 2066 2083
f 2064 2083 2085 2069
f 2085 2070 2069
f 2083 2079 2070 2085
f 2079 2071 2070
f 2074 2072 2071
f 2079 2073 2074 2071
f 2083 2084 2086 2079
f 2087 2079 2086
f 2080 2079 2087
f 2088 2080 2087
f 2089 2078 2080 2088
f 2078 2090 2076
f 2078 2091 2090
f 2078 2089 2091
f 2077 2076 2092
f 2093 2092 2076 2089
f 2076 2090 2089
f 2077 2092 2081
f 2094 2095 2081
f 2095 2086 2082 2081
f 2093 2094 2081 2092
f 2084 2082 2086
f 2096 2087 2086 2095
f 2088 2087 2096
f 2097 2089 2088 2096
f 2093 2089 2098 2099
f 2089 2100 2101 2098
f 2089 2097 2100
f 2090 2091 2089
f 2099 2102 2094 2093
f 2102 2103 2095 2094
f 2097 2096 2095 2103
f 2097 2103 2104 2105
f 2106 2097 2105 2107
f 2100 2097 2106
f 2101 2100 2106
f 2098 2101 2108
f 2101 2109 2108
f 2101 2110 2111 2109
f 2106 2112 2110 2101
f 2098 2104 2103 2102
f 2098 2108 2104
f 2099 2098 2102
f 2104 2113 2114 2105
f 2108 2109 2113 2104
f 2115 2105 2114
f 2116 2105 2115
f 2117 2107 2105 2116
f 2118 2107 2112
f 2107 2118 2106
f 2119 2107 2117 2120
f 2107 2119 2121 2112
f 2112 2106 2118
f 2112 2121 2110
f 2122 2111 2110 2121
f 2109 2111 2122 2123
f 2113 2109 2123 2124
f 2124 2125 2114 2113
f 2126 2114 2125 2127
f 2128 2115 2114 2126
f 2115 2129 2117 2116
f 2128 2129 2115
f 2120 2117 2129 2128
f 2119 2120 2121
f 2130 2121 2120 2131
f 2120 2132 2133 2131
f 2132 2120 2128
f 2122 2121 2134 2135
f 2121 2130 2136 2134
f 2122 2135 2123
f 2123 2137 2138 2139
f 2124 2123 2127 2125
f 2123 2139 2140 2127
f 2134 2141 2123 2135
f 2123 2141 2137
f 2140 2126 2127
f 2139 2138 2126 2140
f 2132 2128 2126 2138
f 2132 2138 2142 2133
f 2142 2143 2144 2133
f 2145 2133 2144
f 2131 2133 2146 2147
f 2146 2133 2145
f 2148 2149 2131 2150
f 2151 2130 2131 2149
f 2152 2150 2131 2147
f 2151 2153 2130
f 2154 2136 2130 2153
f 2134 2136 2141
f 2136 2155 2141
f 2136 2156 2157 2155
f 2156 2136 2158
f 2159 2158 2136 2154
f 2137 2141 2155 2157
f 2156 2160 2137 2157
f 2158 2161 2160 2156
f 2162 2161 2158 2159
f 2148 2150 2162 2159
f 2154 2149 2148 2159
f 2154 2151 2149
f 2153 2151 2154
f 2161 2162 2163 2164
f 2165 2166 2162
f 2162 2150 2152 2165
f 2162 2166 2163
f 2152 2145 2165
f 2147 2146 2145 2152
f 2165 2145 2144 2167
f 2168 2167 2144 2143
f 2142 2137 2168 2143
f 2138 2137 2142
f 2168 2137 2169
f 2137 2170 2169
f 2160 2171 2170 2137
f 2160 2161 2171
f 2161 2164 2171
f 2164 2163 2172
f 2164 2172 2173 2171
f 2172 2163 2174 2173
f 2174 2163 2175 2176
f 2177 2175 2163 2178
f 2166 2179 2178 2163
f 2166 2165 2180 2179
f 2181 2182 2165 2167
f 2165 2182 2183 2180
f 2170 2167 2168 2169
f 2184 2167 2170
f 2181 2167 2185 2186
f 2167 2184 2185
f 2170 2171 2185 2184
f 2171 2187 2188 2189
f 2189 2181 2186 2171
f 2185 2171 2186
f 2174 2187 2171 2173
f 2187 2174 2188
f 2190 2191 2188 2174
f 2192 2190 2174 2176
f 2176 2175 2192
f 2175 2193 2194 2192
f 2193 2175 2195
f 2177 2196 2195 2175
f 2197 2198 2177
f 2178 2197 2177
f 2177 2198 2199
f 2199 2200 2196 2177
f 2178 2201 2202 2197
f 2201 2178 2180
f 2179 2180 2178
f 2203 2201 2180 2183
f 2204 2183 2181 2189
f 2182 2181 2183
f 2204 2203 2183
f 2191 2204 2189 2188
f 2205 2206 2191 2190
f 2191 2206 2204
f 2205 2190 2207 2208
f 2194 2207 2190 2192
f 2194 2193 2208 2207
f 2209 2193 2195 2210
f 2208 2193 2209
f 2211 2210 2195
f 2211 2195 2196 2200
f 2211 2200 2212 2213
f 2200 2199 2214 2212
f 2199 2198 2215 2214
f 2197 2216 2215 2198
f 2197 2202 2217 2216
f 2202 2201 2203 2217
f 2203 2204 2206 2217
f 2216 2206 2215
f 2206 2216 2217
f 2214 2215 2206 2218
f 2218 2206 2205
f 2219 2220 2205
f 2221 2219 2205 2208
f 2220 2222 2218 2205
f 2208 2209 2221
f 2209 2210 2219 2221
f 2223 2210 2224 2222
f 2210 2211 2213 2224
f 2210 2223 2219
f 2213 2212 2218
f 2224 2213 2218
f 2218 2212 2214
f 2222 2224 2218
f 2225 2223 2222 2226
f 2226 2222 2220 2227
f 2228 2227 2220 2219
f 2223 2225 2228 2219
f 2225 2226 2229 2230
f 2231 2228 2225 2230
f 2229 2226 2232 2233
f 2232 2226 2227
f 2228 2234 2235 2227
f 2235 2236 2232 2227
f 2231 2237 2234 2228
f 2231 2229 2233 2237
f 2231 2230 2229
f 2237 2233 2238 2239
f 2238 2233 2232 2236
f 2239 2238 2236
f 2236 2240 2239
f 2240 2236 2241 2242
f 2235 2241 2236
f 2234 2243 2244 2235
f 2242 2241 2235 2244
f 2237 2245 2243 2234
f 2239 2240 2245 2237
f 2246 2247 2245 2240
f 2248 2246 2240 2242
f 2249 2248 2242 2244
f 2250 2249 2244 2243
f 2245 2251 2250 2243
f 2247 2251 2245
f 2252 2253 2251 2247
f 2252 2247 2254 2255
f 2246 2248 2254 2247
f 2254 2248 2249
f 2256 2254 2249
f 2257 2256 2249 2250
f 2251 2253 2257 2250
f 2258 2253 2259 2260
f 2259 2253 2261
f 2253 2252 2262 2261
f 2253 2258 2263 2257
f 2255 2262 2252
f 2260 2259 2255
f 2259 2261 2262 2255
f 2255 2264 2265 2260
f 2264 2255 2254 2256
f 2266 2265 2264 2256
f 2266 2256 2257 2263
f 2267 2268 2263 2258
f 2269 2266 2263 2268
f 2258 2270 2271 2267
f 2270 2258 2260
f 2260 2265 2272 2270
f 2265 2269 2273 2272
f 2269 2265 2266
f 2274 2273 2269
f 2268 2275 2274 2269
f 2276 2268 2267 2277
f 2268 2276 2275
f 2271 2272 2267
f 2267 2272 2273 2277
f 2272 2271 2270
f 2277 2278 2279 2276
f 2278 2277 2273
f 2279 2278 2273 2274
f 2280 2279 2274
f 2281 2280 2274 2275
f 2282 2275 2276 2283
f 2284 2281 2275 2282
f 2279 2283 2276
f 2285 2283 2279
f 2286 2285 2279 2287
f 2279 2280 2288 2287
f 2289 2288 2280 2290
f 2291 2290 2280 2292
f 2292 2280 2281
f 2293 2292 2281 2284
f 2293 2284 2282
f 2282 2283 2294 2293
f 2283 2285 2295 2294
f 2285 2286 2296 2297
f 2285 2297 2298 2295
f 2296 2286 2288 2299
f 2288 2286 2287
f 2289 2299 2288
f 2300 2299 2289 2290
f 2301 2300 2290 2302
f 2290 2303 2302
f 2303 2290 2291
f 2304 2291 2292 2305
f 2304 2306 2303 2291
f 2293 2294 2292
f 2294 2305 2292
f 2295 2305 2294
f 2307 2295 2298 2308
f 2295 2307 2309
f 2309 2306 2304 2295
f 2305 2295 2304
f 2310 2308 2298 2297
f 2296 2310 2297
f 2310 2296 2299 2308
f 2308 2299 2300 2307
f 2301 2307 2300
f 2301 2311 2312 2307
f 2302 2313 2311 2301
f 2314 2313 2302
f 2303 2306 2302
f 2302 2306 2314
f 2313 2314 2306 2309
f 2315 2316 2309 2307
f 2317 2309 2316
f 2317 2318 2313 2309
f 2312 2315 2307
f 2319 2315 2312
f 2319 2312 2320 2321
f 2312 2311 2313 2320
f 2322 2320 2313
f 2323 2322 2313 2324
f 2313 2318 2324
f 2316 2325 2324 2318
f 2317 2316 2318
f 2315 2319 2326 2316
f 2326 2325 2316
f 2319 2321 2327 2326
f 2328 2327 2321 2329
f 2321 2320 2330 2329
f 2320 2322 2331 2330
f 2331 2322 2332 2333
f 2322 2323 2334 2332
f 2324 2334 2323
f 2335 2324 2325 2336
f 2337 2324 2335 2338
f 2337 2339 2334 2324
f 2340 2336 2325 2326
f 2341 2326 2327 2328
f 2326 2341 2342 2340
f 2329 2343 2328
f 2328 2343 2341
f 2344 2345 2329
f 2344 2329 2346 2347
f 2345 2348 2343 2329
f 2329 2349 2350 2346
f 2349 2329 2332
f 2332 2329 2330
f 2332 2330 2333
f 2331 2333 2330
f 2350 2349 2332 2351
f 2351 2332 2334 2352
f 2334 2339 2352
f 2339 2353 2354 2352
f 2355 2339 2337 2356
f 2357 2358 2339 2355
f 2358 2359 2353 2339
f 2356 2337 2338
f 2356 2338 2342 2355
f 2338 2335 2342
f 2342 2335 2336 2340
f 2342 2341 2344 2357
f 2342 2357 2355
f 2345 2344 2341 2348
f 2343 2348 2341
f 2347 2360 2344
f 2344 2360 2361 2359
f 2358 2357 2344 2359
f 2347 2362 2363 2364
f 2346 2365 2362 2347
f 2347 2361 2360
f 2364 2366 2361 2347
f 2367 2365 2346 2350
f 2350 2351 2368 2367
f 2351 2369 2370 2368
f 2369 2351 2371
f 2353 2371 2351 2354
f 2354 2351 2352
f 2359 2372 2371 2353
f 2361 2372 2359
f 2361 2366 2373
f 2373 2374 2372 2361
f 2366 2364 2363 2375
f 2366 2375 2376
f 2377 2366 2376
f 2366 2377 2374 2373
f 2378 2379 2363
f 2378 2363 2380
f 2380 2363 2362
f 2381 2382 2363 2379
f 2375 2363 2382 2383
f 2367 2362 2365
f 2367 2368 2380 2362
f 2384 2380 2368 2370
f 2374 2377 2370 2369
f 2376 2384 2370 2377
f 2374 2369 2371 2372
f 2385 2380 2384 2386
f 2376 2375 2386 2384
f 2386 2375 2383
f 2383 2382 2387 2386
f 2387 2382 2388
f 2381 2389 2388 2382
f 2379 2390 2391 2381
f 2391 2392 2381
f 2381 2392 2389
f 2393 2394 2390 2379
f 2379 2378 2395 2393
f 2395 2378 2380 2385
f 2396 2395 2385
f 2385 2389 2397 2396
f 2388 2389 2385
f 2388 2385 2387
f 2387 2385 2386
f 2398 2397 2389
f 2399 2400 2389 2392
f 2400 2401 2398 2389
f 2402 2399 2392 2391
f 2403 2404 2405 2391
f 2394 2403 2391
f 2394 2391 2390
f 2405 2406 2402 2391
f 2393 2403 2394
f 2407 2408 2393
f 2409 2407 2393
f 2410 2405 2393 2408
f 2393 2411 2409
f 2393 2405 2404
f 2393 2404 2403
f 2411 2393 2412
f 2412 2393 2413
f 2395 2414 2413 2393
f 2395 2396 2415 2414
f 2412 2413 2415 2396
f 2411 2412 2396 2397
f 2411 2397 2416 2417
f 2416 2397 2418
f 2419 2418 2397 2420
f 2420 2397 2398
f 2398 2401 2420
f 2406 2401 2400 2421
f 2422 2423 2424 2401
f 2406 2422 2401
f 2401 2425 2419 2420
f 2424 2426 2425 2401
f 2399 2402 2421 2400
f 2421 2402 2406
f 2405 2410 2427 2406
f 2427 2422 2406
f 2408 2428 2410
f 2410 2428 2427
f 2408 2407 2429 2430
f 2408 2430 2431 2432
f 2408 2432 2427 2428
f 2407 2409 2433 2429
f 2430 2429 2434 2435
f 2429 2433 2436 2434
f 2435 2431 2430
f 2431 2435 2437 2438
f 2439 2431 2438 2440
f 2441 2431 2439 2442
f 2431 2441 2432
f 2443 2427 2432
f 2432 2425 2426 2443
f 2432 2441 2444 2425
f 2425 2444 2409 2445
f 2419 2425 2445
f 2418 2419 2445 2416
f 2416 2445 2409 2446
f 2411 2417 2446 2409
f 2433 2409 2444 2447
f 2436 2433 2448 2449
f 2433 2450 2451 2448
f 2450 2433 2447 2452
f 2453 2434 2436 2449
f 2435 2434 2453 2437
f 2437 2453 2449 2438
f 2438 2449 2448 2454
f 2438 2454 2455 2456
f 2457 2440 2438 2456
f 2442 2439 2440
f 2442 2440 2452 2441
f 2440 2457 2452
f 2452 2447 2444 2441
f 2457 2456 2450 2452
f 2456 2458 2451 2450
f 2448 2451 2459 2460
f 2461 2459 2451
f 2451 2462 2463 2461
f 2458 2464 2462 2451
f 2454 2448 2465 2466
f 2448 2460 2467 2465
f 2454 2466 2455
f 2468 2469 2455 2466
f 2469 2470 2471 2455
f 2455 2458 2456
f 2471 2464 2458 2455
f 2464 2471 2472 2473
f 2474 2462 2464 2473
f 2463 2462 2475 2476
f 2462 2477 2475
f 2474 2478 2477 2462
f 2476 2459 2461 2463
f 2459 2467 2460
f 2459 2476 2479 2467
f 2479 2465 2467
f 2480 2465 2481 2482
f 2465 2480 2483
f 2483 2484 2469 2465
f 2485 2481 2465 2486
f 2465 2469 2468
f 2465 2468 2466
f 2486 2465 2487
f 2479 2488 2487 2465
f 2469 2484 2489 2470
f 2472 2471 2470
f 2489 2490 2470
f 2472 2470 2474 2473
f 2470 2490 2491 2474
f 2474 2491 2492
f 2475 2474 2492 2493
f 2478 2474 2475
f 2493 2479 2475
f 2475 2479 2476
f 2478 2475 2477
f 2479 2493 2494 2488
f 2494 2487 2488
f 2486 2487 2494 2485
f 2481 2485 2495
f 2495 2485 2494 2492
f 2482 2481 2496 2497
f 2481 2498 2499 2496
f 2481 2495 2492 2500
f 2498 2481 2500 2501
f 2492 2494 2493
f 2492 2502 2500
f 2492 2491 2503 2502
f 2490 2504 2503 2491
f 2504 2490 2489 2505
f 2506 2489 2484 2483
f 2489 2506 2507
f 2489 2507 2508 2509
f 2509 2505 2489
f 2480 2510 2506 2483
f 2511 2512 2506 2510
f 2513 2506 2512
f 2507 2506 2513 2514
f 2507 2514 2508
f 2508 2502 2505 2509
f 2513 2502 2508 2514
f 2504 2505 2502 2503
f 2513 2512 2502
f 2512 2515 2500 2502
f 2516 2501 2500 2515
f 2501 2516 2517 2498
f 2517 2499 2498
f 2518 2519 2499 2517
f 2499 2519 2496
f 2518 2497 2496 2519
f 2520 2482 2497
f 2497 2521 2522 2520
f 2517 2523 2497 2518
f 2523 2524 2521 2497
f 2523 2517 2516
f 2525 2523 2516 2515
f 2525 2515 2526 2527
f 2526 2515 2512
f 2511 2528 2526 2512
f 2482 2529 2511
f 2529 2530 2528 2511
f 2511 2510 2480 2482
f 2531 2482 2532 2533
f 2531 2534 2535 2482
f 2535 2536 2537 2482
f 2538 2532 2482 2539
f 2539 2482 2520
f 2540 2541 2482 2537
f 2541 2530 2529 2482
f 2538 2539 2520 2522
f 2522 2532 2538
f 2542 2532 2522 2543
f 2543 2522 2544
f 2545 2522 2521
f 2544 2522 2545 2546
f 2521 2524 2527 2547
f 2546 2545 2521 2547
f 2525 2524 2523
f 2525 2527 2524
f 2548 2547 2527
f 2526 2549 2548 2527
f 2526 2528 2550 2549
f 2530 2541 2528
f 2540 2550 2528 2541
f 2537 2548 2550 2540
f 2551 2552 2537 2536
f 2548 2537 2552
f 2535 2551 2536
f 2534 2553 2551 2535
f 2531 2554 2534
f 2534 2554 2553
f 2555 2556 2553 2554
f 2553 2556 2557 2558
f 2553 2559 2552 2551
f 2553 2558 2560 2559
f 2548 2552 2561 2543
f 2552 2559 2562 2561
f 2543 2563 2564 2542
f 2563 2543 2561
f 2565 2566 2543 2544
f 2548 2543 2566 2547
f 2533 2542 2564
f 2542 2533 2532
f 2564 2567 2568 2533
f 2563 2567 2564
f 2563 2568 2567
f 2568 2563 2561 2569
f 2562 2569 2561
f 2569 2562 2559 2560
f 2570 2569 2560 2558
f 2557 2570 2558
f 2571 2557 2556 2572
f 2573 2557 2571
f 2573 2570 2557
f 2555 2574 2572 2556
f 2555 2554 2531 2574
f 2531 2572 2574
f 2575 2576 2572 2577
f 2577 2572 2531
f 2572 2576 2578 2571
f 2578 2579 2571
f 2573 2571 2569 2570
f 2571 2579 2580 2569
f 2569 2581 2568
f 2582 2581 2569 2580
f 2583 2584 2533 2568
f 2583 2568 2581 2585
f 2586 2531 2533
f 2587 2586 2533 2584
f 2531 2586 2587 2577
f 2588 2577 2589
f 2588 2590 2591 2577
f 2577 2591 2575
f 2577 2587 2592 2593
f 2593 2594 2577
f 2589 2577 2594 2595
f 2591 2596 2575
f 2596 2578 2576 2575
f 2578 2596 2597
f 2597 2595 2594 2578
f 2582 2578 2594 2598
f 2578 2582 2580 2579
f 2598 2583 2585 2582
f 2582 2585 2581
f 2584 2583 2592 2599
f 2598 2592 2583
f 2584 2599 2587
f 2592 2587 2599
f 2592 2598 2594 2593
f 2588 2589 2595 2600
f 2601 2600 2595
f 2602 2601 2595 2597
f 2603 2588 2600 2604
f 2588 2603 2605 2606
f 2588 2606 2590
f 2590 2606 2605 2607
f 2590 2607 2596 2591
f 2607 2602 2597 2596
f 2602 2607 2608 2609
f 2609 2610 2601 2602
f 2611 2600 2601 2610
f 2611 2612 2600
f 2612 2613 2604 2600
f 2613 2614 2608 2604
f 2608 2607 2603 2604
f 2605 2603 2607
f 2614 2615 2609 2608
f 2615 2616 2610 2609
f 2617 2611 2610 2616
f 2611 2617 2612
f 2617 2618 2613 2612
f 2618 2619 2614 2613
f 2619 2620 2614
f 2621 2614 2620 2622
f 2615 2614 2621 2623
f 2616 2615 2623 2624
f 2625 2617 2616 2626
f 2627 2626 2616 2624
f 2618 2617 2625
f 2625 2628 2619 2618
f 2622 2620 2619 2628
f 2629 2622 2628 2630
f 2622 2629 2621
f 2631 2621 2629 2632
f 2623 2621 2631 2633
f 2623 2633 2634 2624
f 2635 2627 2624 2634
f 2625 2626 2627 2635
f 2628 2625 2635
f 2630 2628 2636
f 2635 2634 2628
f 2628 2634 2637 2636
f 2638 2639 2630
f 2640 2641 2630 2639
f 2641 2642 2630
f 2629 2630 2632
f 2642 2643 2632 2630
f 2630 2636 2644 2638
f 2632 2643 2631
f 2642 2645 2631 2643
f 2633 2631 2645
f 2637 2634 2633 2645
f 2644 2636 2637
f 2646 2644 2637 2645
f 2647 2638 2644
f 2648 2647 2644 2649
f 2644 2646 2649
f 2650 2639 2638
f 2638 2647 2651 2650
f 2652 2640 2639
f 2639 2650 2651
f 2651 2647 2652 2639
f 2652 2653 2654 2640
f 2640 2645 2642 2641
f 2640 2654 2655 2656
f 2657 2640 2658
f 2658 2640 2656
f 2645 2640 2657 2659
f 2660 2661 2646 2645
f 2659 2660 2645
f 2661 2649 2646
f 2649 2662 2648
f 2663 2662 2649
f 2664 2663 2649 2661
f 2647 2648 2662 2652
f 2653 2652 2665
f 2665 2652 2662 2663
f 2666 2667 2668 2653
f 2668 2654 2653
f 2653 2665 2669 2666
f 2670 2671 2654 2668
f 2654 2671 2672 2655
f 2673 2674 2655 2672
f 2675 2655 2674
f 2655 2675 2656
f 2675 2676 2658 2656
f 2677 2657 2658 2676
f 2657 2677 2660 2659
f 2677 2661 2660
f 2676 2664 2661 2677
f 2678 2669 2664 2679
f 2669 2680 2664
f 2679 2664 2676 2681
f 2664 2680 2663
f 2669 2665 2663 2680
f 2666 2669 2682 2683
f 2684 2682 2669
f 2669 2685 2686 2684
f 2687 2685 2669 2688
f 2678 2688 2669
f 2683 2667 2666
f 2667 2689 2668
f 2682 2667 2683
f 2689 2667 2682 2690
f 2690 2682 2684 2691
f 2684 2686 2692
f 2684 2692 2691
f 2686 2685 2687 2692
f 2693 2687 2688
f 2691 2692 2687
f 2694 2691 2687
f 2694 2687 2693 2695
f 2688 2678 2693
f 2696 2697 2698 2678
f 2698 2699 2700 2678
f 2679 2696 2678
f 2701 2693 2678 2700
f 2696 2679 2702 2703
f 2673 2702 2679 2674
f 2679 2681 2674
f 2681 2676 2675 2674
f 2704 2703 2702
f 2702 2673 2670 2704
f 2703 2704 2668 2696
f 2697 2696 2668
f 2705 2706 2697 2668
f 2707 2698 2697 2706
f 2708 2699 2698 2707
f 2699 2708 2701 2700
f 2709 2701 2708 2710
f 2701 2711 2693
f 2701 2709 2712 2711
f 2711 2695 2693
f 2713 2714 2695
f 2694 2695 2714
f 2712 2713 2695 2711
f 2694 2714 2691
f 2690 2691 2714 2705
f 2705 2668 2690
f 2690 2668 2689
f 2704 2670 2668
f 2673 2672 2671 2670
f 2705 2715 2706
f 2705 2714 2716 2715
f 2717 2709 2706 2718
f 2715 2718 2706
f 2709 2710 2707 2706
f 2708 2707 2710
f 2709 2717 2719
f 2720 2721 2709 2719
f 2709 2721 2722 2712
f 2722 2723 2712
f 2724 2713 2712 2723
f 2714 2713 2725 2716
f 2713 2724 2726 2727
f 2728 2713 2727
f 2729 2713 2728 2730
f 2731 2732 2725 2713
f 2731 2713 2729 2733
f 2716 2725 2732 2715
f 2717 2718 2715 2731
f 2715 2732 2731
f 2717 2731 2733 2719
f 2734 2719 2735
f 2734 2736 2737 2719
f 2737 2720 2719
f 2719 2729 2738 2735
f 2733 2729 2719
f 2737 2739 2740 2720
f 2720 2740 2722 2721
f 2739 2741 2722 2740
f 2722 2741 2742
f 2742 2724 2723 2722
f 2724 2742 2726
f 2741 2727 2726 2742
f 2728 2727 2741
f 2741 2743 2744 2728
f 2730 2728 2744
f 2743 2730 2744
f 2745 2730 2743 2746
f 2730 2747 2748 2729
f 2749 2747 2730
f 2750 2749 2730
f 2750 2730 2745 2751
f 2729 2748 2738
f 2735 2738 2752 2734
f 2753 2752 2738
f 2738 2749 2754 2753
f 2738 2748 2747 2749
f 2734 2752 2755 2736
f 2736 2755 2756 2737
f 2737 2756 2739
f 2757 2741 2739 2756
f 2743 2741 2746
f 2741 2757 2745 2746
f 2758 2759 2745 2757
f 2751 2745 2759
f 2760 2750 2751
f 2760 2751 2761 2762
f 2751 2759 2763 2761
f 2754 2764 2750 2760
f 2750 2764 2749
f 2765 2754 2749
f 2764 2765 2749
f 2760 2766 2754
f 2754 2766 2753
f 2754 2765 2764
f 2752 2753 2766 2755
f 2766 2756 2755
f 2766 2767 2757 2756
f 2768 2769 2757 2767
f 2770 2758 2757 2769
f 2771 2758 2770 2768
f 2758 2771 2772 2763
f 2759 2758 2763
f 2773 2763 2772 2774
f 2773 2761 2763
f 2762 2761 1333 2775
f 2773 1333 2761
f 2762 2775 2771
f 2776 2762 2771 2768
f 2777 2760 2762 2776
f 2766 2760 2777 2767
f 2767 2776 2768
f 2776 2767 2777
f 2769 2768 2770
f 2775 2778 2779 2771
f 2771 2779 2780 2781
f 2771 2781 2782 2783
f 2771 2783 2784 2772
f 2774 2772 2784 2785
f 1334 1333 2773 2774
f 1336 1334 2774 2785
f 2775 1333 2778
f 1331 2786 2778 1333
f 2786 1330 2778
f 1330 2779 2778
f 2787 2780 2779 1330
f 2780 2787 2781
f 2788 2782 2781 2787
f 2783 2782 2789
f 2782 2788 2790 2789
f 1336 2783 2789 2790
f 2785 2784 2783 1336
f 1336 1335 1334
f 2791 1336 2790 2792
f 1337 1336 2791
f 2788 1332 2793 2790
f 2793 2792 2790
f 1332 2788 1330
f 1330 2788 2787
f 1330 2786 1331
f 1324 2793 1332
f 2793 1324 1325
f 1325 2791 2792 2793
f 2791 1325 1337
f 1337 1325 1329 1340
f 1328 1338 1340 1329
f 1344 1339 1328
f 1339 1338 1328
f 2566 2565 2546 2547
f 2546 2565 2544
f 2549 2550 2548
f 2416 2446 2417
f 2794 2427 2443 2426
f 2422 2427 2794 2423
f 2794 2426 2424 2423
f 2415 2413 2414
f 2018 2017 2019
f 1951 1958 1947 1949
f 1951 1949 1950
f 1951 1953 1958
f 1815 1857 1861 1823
f 1816 1815 1823
f 1730 1728 1727
f 1768 1767 1772 1770
f 1704 1703 1689 1688
f 1636 1640 1637
f 1322 1356 1323
o rotarz
usemtl Mesh_1_1
v -0.00386146 0.213756561 0.071647569 0.999999940 0 0
v -0.0017735 0.213035419 0.078868009 0.999999940 0 0
v 0.00655314 0.213359102 0.078514441 0.999999940 0 0
v 0.004294713 0.213505238 0.070004530 0.999999940 0 0
v 0.004637369 0.221546709 0.062118146 0.999999940 0 0
v -0.00726733 0.218615591 0.061698164 0.999999940 0 0
v -0.00651908 0.219187438 0.050543196 0.999999940 0 0
v 0.007079327 0.219784483 0.050627965 0.999999940 0 0
v -0.00622177 0.219715923 0.039515465 0.999999940 0 0
v 0.006492971 0.219418779 0.039246995 0.999999940 0 0
v 0.006736691 0.221011787 0.028167247 0.999999940 0 0
v -0.00671166 0.220990806 0.028228998 0.999999940 0 0
v 0.006851943 0.221787810 0.016972938 0.999999940 0 0
v -0.00685672 0.221785128 0.016975557 0.999999940 0 0
v 0.006843360 0.222077235 0.005666910 0.999999940 0 0
v -0.00684376 0.222075671 0.005666059 0.999999940 0 0
v 0.006843335 0.222077310 -0.00566586 0.999999940 0 0
v -0.00684387 0.222075671 -0.0056648 0.999999940 0 0
v 0.006851682 0.221788078 -0.01697205 0.999999940 0 0
v -0.00685626 0.221785619 -0.01697467 0.999999940 0 0
v 0.006737029 0.221012681 -0.02816738 0.999999940 0 0
v -0.00671113 0.220991358 -0.02822909 0.999999940 0 0
v -0.00622175 0.219715848 -0.03951589 0.999999940 0 0
v 0.006493818 0.219419106 -0.03924732 0.999999940 0 0
v 0.00707985 0.219783902 -0.05062761 0.999999940 0 0
v -0.00651931 0.219187229 -0.05054324 0.999999940 0 0
v 0.004638018 0.221547022 -0.06211831 0.999999940 0 0
v -0.00726718 0.218615561 -0.06169824 0.999999940 0 0
v -0.00386159 0.213757097 -0.07164785 0.999999940 0 0
v 0.004294923 0.213506013 -0.07000501 0.999999940 0 0
v 0.006553504 0.213358700 -0.0785147 0.999999940 0 0
v -0.00177351 0.213035419 -0.07886823 0.999999940 0 0
v 0.011686638 0.215201318 0.061603486 0.999999940 0 0
v 0.011223452 0.213320940 0.068820245 0.999999940 0 0
v 0.011284463 0.214847743 0.054668385 0.999999940 0 0
v 0.011687243 0.215200483 -0.0616034 0.999999940 0 0
v 0.011284567 0.214847564 -0.05466769 0.999999940 0 0
v 0.011225367 0.213321954 -0.06882112 0.999999940 0 0
v -0.01203302 0.207007527 0.073091253 0.999999940 0 0
v -0.00648955 0.207658991 0.084154956 0.999999940 0 0
v -0.0107158 0.207147479 0.061246115 0.999999940 0 0
v -0.0070989 0.205289676 0.049583137 0.999999940 0 0
v -0.00557643 0.206761911 0.038762666 0.999999940 0 0
v -0.00533306 0.208291575 0.027767047 0.999999940 0 0
v -0.00500657 0.209200680 0.016663517 0.999999940 0 0
v -0.00478552 0.209751874 0.005552046 0.999999940 0 0
v -0.00478577 0.209752053 -0.00555215 0.999999940 0 0
v -0.0050079 0.209201529 -0.01666359 0.999999940 0 0
v -0.00533424 0.208292514 -0.02776663 0.999999940 0 0
v -0.00557704 0.206762120 -0.03876241 0.999999940 0 0
v -0.00709934 0.205289676 -0.04958332 0.999999940 0 0
v -0.01071557 0.207147434 -0.06124634 0.999999940 0 0
v -0.01203304 0.207007601 -0.07309132 0.999999940 0 0
v -0.00648954 0.207658946 -0.084155 0.999999940 0 0
v 0.006499337 0.206865996 0.085311710 0.999999940 0 0
v -0.00401606 0.204582408 0.092425033 0.999999940 0 0
v 0.003812833 0.204238697 0.092387713 0.999999940 0 0
v 0.007676139 0.205216527 0.049696564 0.999999940 0 0
v 0.005900780 0.207083433 0.038561277 0.999999940 0 0
v 0.005336643 0.208312258 0.027729088 0.999999940 0 0
v 0.005001429 0.209198400 0.016661938 0.999999940 0 0
v 0.004784544 0.209750771 0.005552450 0.999999940 0 0
v 0.004784829 0.209750965 -0.00555255 0.999999940 0 0
v 0.005002867 0.209199249 -0.01666201 0.999999940 0 0
v 0.00533828 0.208313465 -0.02772882 0.999999940 0 0
v 0.005902004 0.207083582 -0.03856107 0.999999940 0 0
v 0.007676057 0.205216229 -0.04969644 0.999999940 0 0
v 0.006499443 0.206865847 -0.08531167 0.999999940 0 0
v -0.00401612 0.204582408 -0.09242502 0.999999940 0 0
v 0.003812874 0.204238638 -0.09238774 0.999999940 0 0
v 0.013308191 0.208725586 0.072239935 0.999999940 0 0
v 0.012084148 0.205043181 0.079533882 0.999999940 0 0
v 0.012784471 0.209045141 0.061852056 0.999999940 0 0
v 0.011894533 0.201080635 0.070769876 0.999999940 0 0
v 0.010490519 0.203274413 0.060669496 0.999999940 0 0
v 0.013117928 0.209738686 0.053592026 0.999999940 0 0
v 0.013117756 0.209738031 -0.05359137 0.999999940 0 0
v 0.012783690 0.209043696 -0.06185198 0.999999940 0 0
v 0.010489849 0.203272879 -0.06066933 0.999999940 0 0
v 0.013308649 0.208724066 -0.07224002 0.999999940 0 0
v 0.011893495 0.201079830 -0.07076976 0.999999940 0 0
v 0.012084348 0.205042481 -0.07953374 0.999999940 0 0
v -0.00933175 0.198387175 0.096834085 0.999999940 0 0
v -0.00806692 0.193695709 0.083641499 0.999999940 0 0
v -0.0057348 0.196465507 0.072283834 0.999999940 0 0
v -0.00452224 0.199218079 0.062124267 0.999999940 0 0
v -0.00258347 0.200938925 0.054719176 0.999999940 0 0
v -0.00452238 0.199218004 -0.06212434 0.999999940 0 0
v -0.00258351 0.200938835 -0.05471922 0.999999940 0 0
v -0.00573491 0.196465537 -0.07228367 0.999999940 0 0
v -0.00806697 0.193695753 -0.0836415 0.999999940 0 0
v -0.00933136 0.198387697 -0.09683361 0.999999940 0 0
v 0.006746429 0.195672839 0.106939211 0.999999940 0 0
v -0.00687889 0.195498645 0.106857143 0.999999940 0 0
v -0.00449785 0.192813351 0.114685416 0.999999940 0 0
v 0.004073957 0.192740410 0.114621356 0.999999940 0 0
v 0.008790380 0.198409527 0.097287155 0.999999940 0 0
v 0.007306661 0.194746837 0.083558179 0.999999940 0 0
v 0.004988479 0.196315288 0.071831904 0.999999940 0 0
v 0.004318703 0.198940053 0.061798237 0.999999940 0 0
v 0.00316209 0.200687840 0.054455447 0.999999940 0 0
v 0.003162019 0.200687646 -0.05445516 0.999999940 0 0
v 0.004318293 0.198939889 -0.06179824 0.999999940 0 0
v 0.004988221 0.196315348 -0.07183173 0.999999940 0 0
v 0.007306553 0.194746628 -0.08355816 0.999999940 0 0
v 0.008791226 0.198408454 -0.09728808 0.999999940 0 0
v 0.006749054 0.195670157 -0.10694087 0.999999940 0 0
v -0.00687977 0.195499181 -0.10685524 0.999999940 0 0
v -0.00445691 0.192765429 -0.11464849 0.999999940 0 0
v 0.004074099 0.192739635 -0.11462282 0.999999940 0 0
v 0.011027731 0.199822232 0.078770935 0.999999940 0 0
v 0.011027338 0.1998218 -0.07877053 0.999999940 0 0
v -0.00887085 0.186706915 0.119230233 0.999999940 0 0
v -0.00885561 0.183082044 0.105459868 0.999999940 0 0
v -0.00560152 0.187036395 0.095541305 0.999999940 0 0
v -0.00310144 0.189826995 0.088442996 0.999999940 0 0
v -0.00560285 0.187038004 -0.09553929 0.999999940 0 0
v -0.00310154 0.189826995 -0.08844272 0.999999940 0 0
v -0.0088609 0.183085486 -0.10545703 0.999999940 0 0
v -0.00886647 0.186684936 -0.11921452 0.999999940 0 0
v 0.005966967 0.182906642 0.128702372 0.999999940 0 0
v -0.00600036 0.182824999 0.128743350 0.999999940 0 0
v -0.0027113 0.179271027 0.135093569 0.999999940 0 0
v 0.002744852 0.179284662 0.135076612 0.999999940 0 0
v 0.008890045 0.186892151 0.119282804 0.999999940 0 0
v 0.008058385 0.183368399 0.105657823 0.999999940 0 0
v 0.005382766 0.187045127 0.095789089 0.999999940 0 0
v 0.003146007 0.190112799 0.088495902 0.999999940 0 0
v 0.003145969 0.190112829 -0.08849578 0.999999940 0 0
v 0.005381668 0.187044873 -0.0957878 0.999999940 0 0
v 0.008057424 0.183360025 -0.10566162 0.999999940 0 0
v 0.008907520 0.186858654 -0.1193093 0.999999940 0 0
v 0.006008415 0.182897284 -0.12876856 0.999999940 0 0
v -0.00603399 0.182790115 -0.1287477 0.999999940 0 0
v -0.00275343 0.179268911 -0.1350874 0.999999940 0 0
v 0.002585958 0.179250180 -0.13506882 0.999999940 0 0
v -0.00767392 0.173471972 0.139460712 0.999999940 0 0
v -0.00999204 0.170957952 0.126758232 0.999999940 0 0
v -0.00641607 0.174931123 0.117484465 0.999999940 0 0
v -0.00373172 0.178026899 0.110487423 0.999999940 0 0
v -0.00648729 0.174945876 -0.11749852 0.999999940 0 0
v -0.00374008 0.178032636 -0.11048471 0.999999940 0 0
v -0.01016814 0.170986101 -0.12686452 0.999999940 0 0
v -0.00769709 0.173268333 -0.13943192 0.999999940 0 0
v 0.00752554 0.173312798 0.139367088 0.999999940 0 0
v -0.00337986 0.169617533 0.147031575 0.999999940 0 0
v 0.003472812 0.169530317 0.147027000 0.999999940 0 0
v 0.009079532 0.171338781 0.126932308 0.999999940 0 0
v 0.006472621 0.174828916 0.117400609 0.999999940 0 0
v 0.003260819 0.178304553 0.110673598 0.999999940 0 0
v 0.003281834 0.178271383 -0.11064865 0.999999940 0 0
v 0.006239761 0.174988836 -0.11749209 0.999999940 0 0
v 0.008409663 0.171533167 -0.12723428 0.999999940 0 0
v 0.006995568 0.173095330 -0.13924746 0.999999940 0 0
v 0.003285809 0.169505581 -0.14695184 0.999999940 0 0
v -0.00332277 0.169491350 -0.14695485 0.999999940 0 0
v -0.00783694 0.162381708 0.150998890 0.999999940 0 0
v -0.0078928 0.161698728 0.139106735 0.999999940 0 0
v -0.00492504 0.164098471 0.130516082 0.999999940 0 0
v -0.008329 0.161694571 -0.13929462 0.999999940 0 0
v -0.00507708 0.164169147 -0.13058834 0.999999940 0 0
v -0.00731717 0.162154346 -0.15092753 0.999999940 0 0
v 0.007543324 0.162396818 0.151261746 0.999999940 0 0
v -0.00423078 0.158683523 0.158687546 0.999999940 0 0
v 0.002889653 0.158394873 0.158441796 0.999999940 0 0
v 0.010651538 0.160853311 0.138545393 0.999999940 0 0
v 0.004981657 0.164124578 0.130525693 0.999999940 0 0
v 0.004922239 0.164130315 -0.13054569 0.999999940 0 0
v 0.008255668 0.161670863 -0.13922186 0.999999940 0 0
v 0.007324689 0.162172839 -0.15089607 0.999999940 0 0
v 0.003408466 0.158449336 -0.15845188 0.999999940 0 0
v -0.00341606 0.158447295 -0.15845968 0.999999940 0 0
v -0.00876469 0.151150509 0.162627115 0.999999940 0 0
v -0.00914435 0.150208830 0.150227293 0.999999940 0 0
v -0.00458168 0.153695508 0.142452061 0.999999940 0 0
v -0.0080148 0.150684535 -0.15071155 0.999999940 0 0
v -0.00464521 0.153660297 -0.14250124 0.999999940 0 0
v -0.00740131 0.150937005 -0.16219346 0.999999940 0 0
v 0.007413873 0.151143834 0.162483438 0.999999940 0 0
v -0.00324854 0.146796703 0.169369176 0.999999940 0 0
v 0.003177362 0.146953091 0.169444248 0.999999940 0 0
v 0.007925708 0.150524675 0.150662630 0.999999940 0 0
v 0.004510464 0.153666243 0.142549097 0.999999940 0 0
v 0.004531030 0.153696760 -0.14250615 0.999999940 0 0
v 0.007987918 0.150710925 -0.15069558 0.999999940 0 0
v 0.007389348 0.150946497 -0.16218852 0.999999940 0 0
v 0.003267832 0.146930441 -0.16946785 0.999999940 0 0
v -0.00327352 0.146936476 -0.16947265 0.999999940 0 0
v -0.00769779 0.139407396 0.173394784 0.999999940 0 0
v -0.00830141 0.139110118 0.161726191 0.999999940 0 0
v -0.00467896 0.142553806 0.153763175 0.999999940 0 0
v -0.00828508 0.139258384 -0.16165057 0.999999940 0 0
v -0.00443991 0.142605662 -0.1537905 0.999999940 0 0
v -0.00767874 0.139458656 -0.17327885 0.999999940 0 0
v 0.007647496 0.139479070 0.173282146 0.999999940 0 0
v -0.0027151 0.135109886 0.179289996 0.999999940 0 0
v 0.002718172 0.135111913 0.179288372 0.999999940 0 0
v 0.008244846 0.139203399 0.161590501 0.999999940 0 0
v 0.004261833 0.142607703 0.153760895 0.999999940 0 0
v 0.004553881 0.142562702 -0.15373787 0.999999940 0 0
v 0.008370582 0.139259174 -0.16165172 0.999999940 0 0
v 0.007682194 0.139460086 -0.17329016 0.999999940 0 0
v 0.002719355 0.135108038 -0.17929135 0.999999940 0 0
v -0.00271916 0.135108545 -0.17929086 0.999999940 0 0
v -0.00594275 0.128719955 0.182814657 0.999999940 0 0
v -0.01011518 0.126771688 0.170974358 0.999999940 0 0
v -0.00504305 0.130491361 0.164116516 0.999999940 0 0
v -0.01010472 0.126809075 -0.17094238 0.999999940 0 0
v -0.00503874 0.130511418 -0.16409157 0.999999940 0 0
v -0.00593987 0.128721445 -0.18281364 0.999999940 0 0
v 0.005941815 0.128722488 0.182811647 0.999999940 0 0
v 0.010104022 0.126811638 0.170940995 0.999999940 0 0
v 0.005007760 0.130518570 0.164070531 0.999999940 0 0
v 0.005044319 0.130517914 -0.16410778 0.999999940 0 0
v 0.010105697 0.126806438 -0.17095102 0.999999940 0 0
v 0.005941127 0.128720670 -0.18281557 0.999999940 0 0
v -0.00873711 0.119170397 0.186744093 0.999999940 0 0
v -0.00639018 0.117459617 0.174930065 0.999999940 0 0
v -0.00873133 0.119168669 -0.18674469 0.999999940 0 0
v -0.00643117 0.117450915 -0.1749032 0.999999940 0 0
v 0.008731994 0.119168408 0.186744183 0.999999940 0 0
v -0.00431378 0.114663094 0.192788422 0.999999940 0 0
v 0.004312985 0.114662416 0.192787766 0.999999940 0 0
v 0.006434109 0.117451138 0.174904540 0.999999940 0 0
v 0.006390315 0.117458738 -0.17493077 0.999999940 0 0
v 0.008735379 0.119169361 -0.18674608 0.999999940 0 0
v 0.004314035 0.114663250 -0.1927883 0.999999940 0 0
v -0.00431273 0.114662431 -0.19278781 0.999999940 0 0
v -0.0067717 0.106881879 0.195542857 0.999999940 0 0
v -0.00875774 0.105437181 0.183109372 0.999999940 0 0
v -0.0035388 0.110515579 0.178112849 0.999999940 0 0
v -0.00876476 0.105436198 -0.18310758 0.999999940 0 0
v -0.00356223 0.110500522 -0.17809221 0.999999940 0 0
v -0.00677123 0.106880307 -0.19554354 0.999999940 0 0
v 0.006783722 0.106898479 0.195524632 0.999999940 0 0
v 0.008742464 0.105457805 0.183085709 0.999999940 0 0
v 0.003562506 0.110500432 0.178092286 0.999999940 0 0
v 0.003538989 0.110515385 -0.17811301 0.999999940 0 0
v 0.008733572 0.105460025 -0.1830859 0.999999940 0 0
v 0.006785159 0.106897257 -0.19552477 0.999999940 0 0
v -0.00884722 0.096800610 0.198476716 0.999999940 0 0
v -0.00550092 0.095554985 0.187050551 0.999999940 0 0
v -0.00885805 0.096796132 -0.19846894 0.999999940 0 0
v -0.00549647 0.095547318 -0.18705256 0.999999940 0 0
v 0.008849469 0.097366184 0.198249161 0.999999940 0 0
v -0.00413223 0.092577338 0.204291418 0.999999940 0 0
v 0.004289537 0.092863902 0.204160586 0.999999940 0 0
v 0.005487306 0.095756210 0.186944842 0.999999940 0 0
v 0.005481880 0.095748230 -0.18694603 0.999999940 0 0
v 0.008860451 0.097362890 -0.19824106 0.999999940 0 0
v 0.00429453 0.092865213 -0.20415993 0.999999940 0 0
v -0.00413945 0.092578649 -0.20429088 0.999999940 0 0
v -0.00616446 0.084635853 0.206801831 0.999999940 0 0
v -0.00790822 0.083509892 0.193791180 0.999999940 0 0
v -0.00302448 0.088446229 0.189806744 0.999999940 0 0
v -0.00789063 0.083504430 -0.19378483 0.999999940 0 0
v -0.00300968 0.088426083 -0.18981524 0.999999940 0 0
v -0.00618471 0.084647536 -0.20678498 0.999999940 0 0
v 0.006035096 0.085276521 0.206954643 0.999999940 0 0
v 0.008059498 0.084186472 0.193288087 0.999999940 0 0
v 0.00340966 0.088518887 0.189776182 0.999999940 0 0
v 0.003397662 0.088497273 -0.18978539 0.999999940 0 0
v 0.008056266 0.084176957 -0.19328891 0.999999940 0 0
v 0.006040423 0.085290528 -0.20694499 0.999999940 0 0
v 0.012393696 0.080690912 0.205190926 0.999999940 0 0
v 0.012185595 0.080119594 0.198849707 0.999999940 0 0
v 0.012395951 0.080692075 -0.2051841 0.999999940 0 0
v 0.012185897 0.080113671 -0.19884361 0.999999940 0 0
v -0.00778204 0.074087113 0.210111573 0.999999940 0 0
v -0.00518728 0.072313226 0.196630045 0.999999940 0 0
v -0.00779762 0.074127823 -0.21007538 0.999999940 0 0
v -0.00517468 0.072323299 -0.19662471 0.999999940 0 0
v 0.005191342 0.076703481 0.212627798 0.999999940 0 0
v -0.00092953 0.068180240 0.213107869 0.999999940 0 0
v 0.005694238 0.068382777 0.213320866 0.999999940 0 0
v 0.005263065 0.072367399 0.195150986 0.999999940 0 0
v 0.005264225 0.072364717 -0.19515134 0.999999940 0 0
v 0.00518629 0.076758585 -0.21262974 0.999999940 0 0
v 0.005677884 0.068422593 -0.21331061 0.999999940 0 0
v -0.00095653 0.068227976 -0.2130954 0.999999940 0 0
v 0.014145216 0.073413319 0.208821475 0.999999940 0 0
v 0.011571722 0.069287195 0.213431179 0.999999940 0 0
v 0.012648385 0.072540558 0.199430838 0.999999940 0 0
v 0.012647154 0.072540983 -0.19942994 0.999999940 0 0
v 0.014145191 0.073425076 -0.20881228 0.999999940 0 0
v 0.011573047 0.069303065 -0.21343212 0.999999940 0 0
v -0.00392586 0.061074119 0.216623619 0.999999940 0 0
v -0.00914537 0.061753828 0.207474738 0.999999940 0 0
v -0.00350971 0.062217366 0.199135914 0.999999940 0 0
v -0.00914244 0.06176164 -0.20747021 0.999999940 0 0
v -0.00351223 0.062220737 -0.19913556 0.999999940 0 0
v -0.00394744 0.061085686 -0.21662109 0.999999940 0 0
v 0.007886293 0.060290735 0.216654300 0.999999940 0 0
v 0.006845742 0.061297621 0.197368487 0.999999940 0 0
v 0.006845158 0.061298344 -0.19736843 0.999999940 0 0
v 0.007863443 0.060307737 -0.21666363 0.999999940 0 0
v 0.012669130 0.063939936 0.213542044 0.999999940 0 0
v 0.012742376 0.064745992 0.207057997 0.999999940 0 0
v 0.013157240 0.056550949 0.206311836 0.999999940 0 0
v 0.011195898 0.065938673 0.201510965 0.999999940 0 0
v 0.011196453 0.065937914 -0.20151301 0.999999940 0 0
v 0.012742560 0.064745716 -0.2070588 0.999999940 0 0
v 0.013164416 0.056547112 -0.2063234 0.999999940 0 0
v 0.012663653 0.063942581 -0.21354912 0.999999940 0 0
v -0.00542971 0.050949912 0.217776238 0.999999940 0 0
v -0.00683368 0.050092753 0.205359831 0.999999940 0 0
v -0.0021741 0.054951924 0.201072260 0.999999940 0 0
v -0.00683837 0.050095658 -0.2053656 0.999999940 0 0
v -0.00218016 0.054966546 -0.20106669 0.999999940 0 0
v -0.00542715 0.050944991 -0.21777864 0.999999940 0 0
v 0.006617709 0.050214074 0.217747077 0.999999940 0 0
v 0.007648466 0.048709455 0.205231219 0.999999940 0 0
v 0.003971665 0.054204214 0.199950754 0.999999940 0 0
v 0.003976595 0.054214853 -0.19994442 0.999999940 0 0
v 0.007654527 0.048715200 -0.20523526 0.999999940 0 0
v 0.006604832 0.050219029 -0.21775381 0.999999940 0 0
v -0.00642941 0.039698649 0.219394147 0.999999940 0 0
v -0.00572249 0.038804486 0.206923231 0.999999940 0 0
v -0.00642202 0.039695747 -0.21939874 0.999999940 0 0
v -0.00572636 0.038806632 -0.20692748 0.999999940 0 0
v 0.006506929 0.039476603 0.219388499 0.999999940 0 0
v 0.005840444 0.038634985 0.207002535 0.999999940 0 0
v 0.005844491 0.038638617 -0.20700662 0.999999940 0 0
v 0.006499365 0.039476487 -0.21939264 0.999999940 0 0
v -0.00532842 0.027765527 0.208312854 0.999999940 0 0
v -0.00677135 0.028293723 0.220990240 0.999999940 0 0
v -0.00676937 0.028299661 -0.22099167 0.999999940 0 0
v -0.00533216 0.027766984 -0.20831527 0.999999940 0 0
v 0.006764838 0.028262987 0.220997750 0.999999940 0 0
v 0.00533348 0.027746206 0.208319142 0.999999940 0 0
v 0.00533786 0.027748314 -0.20832209 0.999999940 0 0
v 0.006762281 0.028270032 -0.22099693 0.999999940 0 0
v -0.00497258 0.016663061 0.209225222 0.999999940 0 0
v -0.00682775 0.016988361 0.221748232 0.999999940 0 0
v -0.00682623 0.017002288 -0.22175711 0.999999940 0 0
v -0.0049827 0.016662849 -0.20923167 0.999999940 0 0
v 0.006827746 0.016988122 0.221748232 0.999999940 0 0
v 0.004972659 0.016662931 0.209225267 0.999999940 0 0
v 0.004986699 0.016663722 -0.20923378 0.999999940 0 0
v 0.006825462 0.017003612 -0.22174883 0.999999940 0 0
v -0.0047656 0.005552663 0.209776535 0.999999940 0 0
v -0.00686238 0.005672751 0.222097456 0.999999940 0 0
v -0.00686197 0.005681355 -0.22212246 0.999999940 0 0
v -0.00478748 0.005553063 -0.20978934 0.999999940 0 0
v 0.006862375 0.005672722 0.222097560 0.999999940 0 0
v 0.004765590 0.005552643 0.209776535 0.999999940 0 0
v 0.004796979 0.005553613 -0.20979154 0.999999940 0 0
v 0.006916988 0.005683417 -0.2221783 0.999999940 0 0
v -0.00476795 -0.00554557 0.209779679 0.999999940 0 0
v -0.00686658 -0.00566409 0.222100764 0.999999940 0 0
v -0.00686696 -0.00567086 -0.22212763 0.999999940 0 0
v -0.00479352 -0.00554466 -0.20978898 0.999999940 0 0
v 0.006866558 -0.00566412 0.222100764 0.999999940 0 0
v 0.004767993 -0.00554559 0.209779739 0.999999940 0 0
v 0.004805353 -0.0055452 -0.20978869 0.999999940 0 0
v 0.006922794 -0.00567267 -0.2221843 0.999999940 0 0
v -0.00499894 -0.01665995 0.209199667 0.999999940 0 0
v -0.00683684 -0.01698468 0.221750289 0.999999940 0 0
v -0.00683636 -0.01699918 -0.22176318 0.999999940 0 0
v -0.00503906 -0.01665892 -0.20917279 0.999999940 0 0
v 0.00683686 -0.01698429 0.221750095 0.999999940 0 0
v 0.004999354 -0.01665973 0.209199443 0.999999940 0 0
v 0.005043724 -0.01665983 -0.20917459 0.999999940 0 0
v 0.006836018 -0.01700055 -0.22175454 0.999999940 0 0
v -0.00536302 -0.02780786 0.208234295 0.999999940 0 0
v -0.00666412 -0.02828975 0.220933988 0.999999940 0 0
v -0.00665757 -0.02829925 -0.2209335 0.999999940 0 0
v -0.00532686 -0.0278121 -0.20829314 0.999999940 0 0
v 0.006662364 -0.02827092 0.220928996 0.999999940 0 0
v 0.005361273 -0.02779619 0.208239391 0.999999940 0 0
v 0.005325708 -0.02780127 -0.20829873 0.999999940 0 0
v 0.00665524 -0.02828151 -0.22092634 0.999999940 0 0
v -0.00577058 -0.03896149 0.207006260 0.999999940 0 0
v -0.00624965 -0.03965033 0.219592914 0.999999940 0 0
v -0.00576322 -0.03896075 -0.20701498 0.999999940 0 0
v -0.00624652 -0.03965272 -0.21959521 0.999999940 0 0
v 0.006319654 -0.03958415 0.219546213 0.999999940 0 0
v 0.005810292 -0.03891563 0.207103550 0.999999940 0 0
v 0.005803471 -0.03891503 -0.20711169 0.999999940 0 0
v 0.006316141 -0.03958664 -0.2195483 0.999999940 0 0
v -0.00627569 -0.04973866 0.205352917 0.999999940 0 0
v -0.00560295 -0.05098868 0.217661559 0.999999940 0 0
v -0.0062758 -0.04973616 -0.20535341 0.999999940 0 0
v -0.0056029 -0.05098796 -0.21766181 0.999999940 0 0
v 0.005885043 -0.0509402 0.217571407 0.999999940 0 0
v 0.006560314 -0.049721 0.205526202 0.999999940 0 0
v 0.006559846 -0.04971866 -0.20552756 0.999999940 0 0
v 0.005884977 -0.05093962 -0.21757169 0.999999940 0 0
v -0.00830954 -0.06014105 0.204479500 0.999999940 0 0
v -0.00543542 -0.06088788 0.215538859 0.999999940 0 0
v -0.0083096 -0.06014058 -0.20447993 0.999999940 0 0
v -0.00543567 -0.06088746 -0.21553881 0.999999940 0 0
v 0.005495572 -0.06093302 0.215427905 0.999999940 0 0
v 0.010112009 -0.05999423 0.204008936 0.999999940 0 0
v 0.004268987 -0.06408867 0.199571609 0.999999940 0 0
v -0.00347002 -0.06429446 0.199986904 0.999999940 0 0
v 0.010112145 -0.05999348 -0.20400959 0.999999940 0 0
v -0.00346981 -0.06429445 -0.19998695 0.999999940 0 0
v 0.004269175 -0.06408864 -0.19957171 0.999999940 0 0
v 0.005495789 -0.06093263 -0.21542795 0.999999940 0 0
v -0.00901726 -0.07301573 0.209473729 0.999999940 0 0
v -0.00268891 -0.06792785 0.213066309 0.999999940 0 0
v -0.00579052 -0.07252472 0.197643518 0.999999940 0 0
v -0.00579043 -0.0725247 -0.19764352 0.999999940 0 0
v -0.00901739 -0.07301579 -0.20947373 0.999999940 0 0
v -0.00268885 -0.06792787 -0.21306631 0.999999940 0 0
v 0.002983277 -0.06812059 0.213378384 0.999999940 0 0
v 0.008398801 -0.07300901 0.209264069 0.999999940 0 0
v 0.005949153 -0.07260127 0.197714969 0.999999940 0 0
v 0.005949268 -0.07260127 -0.19771501 0.999999940 0 0
v 0.008398775 -0.07300879 -0.20926413 0.999999940 0 0
v 0.002983375 -0.06812061 -0.21337844 0.999999940 0 0
v -0.00726093 -0.08388098 0.19482629 0.999999940 0 0
v -0.00651873 -0.08415819 0.206465244 0.999999940 0 0
v -0.00726094 -0.08388095 -0.19482629 0.999999940 0 0
v -0.00651867 -0.08415819 -0.20646524 0.999999940 0 0
v 0.006488645 -0.0841914 0.206462949 0.999999940 0 0
v 0.007299243 -0.08391859 0.194853007 0.999999940 0 0
v 0.003002421 -0.08871081 0.189970940 0.999999940 0 0
v -0.0030036 -0.08870756 0.189972534 0.999999940 0 0
v 0.007299257 -0.08391859 -0.19485305 0.999999940 0 0
v -0.00300361 -0.08870754 -0.18997253 0.999999940 0 0
v 0.003002529 -0.0887108 -0.18997094 0.999999940 0 0
v 0.00648872 -0.08419143 -0.20646292 0.999999940 0 0
v -0.00911899 -0.09687333 0.198542743 0.999999940 0 0
v -0.00438198 -0.0926566 0.204227909 0.999999940 0 0
v -0.00532225 -0.09565672 0.187216356 0.999999940 0 0
v -0.00532234 -0.09565669 -0.1872164 0.999999940 0 0
v -0.00911847 -0.09687357 -0.19854286 0.999999940 0 0
v -0.0043819 -0.0926566 -0.20422786 0.999999940 0 0
v 0.004375923 -0.09266022 0.204228147 0.999999940 0 0
v 0.009112666 -0.09688425 0.198542609 0.999999940 0 0
v 0.005320790 -0.09566025 0.187213465 0.999999940 0 0
v 0.005320800 -0.09566005 -0.18721355 0.999999940 0 0
v 0.009113113 -0.09688409 -0.19854248 0.999999940 0 0
v 0.00437595 -0.09266019 -0.20422821 0.999999940 0 0
v -0.00799486 -0.1057254 0.183412119 0.999999940 0 0
v -0.00669974 -0.10685545 0.195456907 0.999999940 0 0
v -0.00799418 -0.10572007 -0.18342124 0.999999940 0 0
v -0.00669893 -0.10685576 -0.19545667 0.999999940 0 0
v 0.006698919 -0.10685561 0.195456758 0.999999940 0 0
v 0.007994798 -0.10572559 0.183412909 0.999999940 0 0
v 0.003422712 -0.11069036 0.178275510 0.999999940 0 0
v -0.00340504 -0.11070313 0.178292945 0.999999940 0 0
v 0.007994944 -0.10572441 -0.18341371 0.999999940 0 0
v -0.00341633 -0.1106877 -0.17827481 0.999999940 0 0
v 0.003396658 -0.11070612 -0.17829023 0.999999940 0 0
v 0.006700659 -0.10685532 -0.1954563 0.999999940 0 0
v -0.00897443 -0.11929433 0.186796128 0.999999940 0 0
v -0.00434312 -0.11467231 0.192817419 0.999999940 0 0
v -0.00621461 -0.11756094 0.175137087 0.999999940 0 0
v -0.0062391 -0.11751989 -0.17514569 0.999999940 0 0
v -0.00892052 -0.11926578 -0.18684104 0.999999940 0 0
v -0.00434143 -0.11467256 -0.19281612 0.999999940 0 0
v 0.004341478 -0.11467165 0.19281663 0.999999940 0 0
v 0.008967506 -0.119292 0.186796411 0.999999940 0 0
v 0.006249465 -0.11755373 0.175117462 0.999999940 0 0
v 0.00615629 -0.11754115 -0.17509624 0.999999940 0 0
v 0.008973757 -0.11930067 -0.18679258 0.999999940 0 0
v 0.004344428 -0.11467289 -0.19281681 0.999999940 0 0
v -0.00835919 -0.12734544 0.171626374 0.999999940 0 0
v -0.0060071 -0.12876911 0.182822883 0.999999940 0 0
v -0.00892502 -0.12707496 -0.17157747 0.999999940 0 0
v -0.00599876 -0.12871969 -0.18291339 0.999999940 0 0
v 0.00600415 -0.12876843 0.182823583 0.999999940 0 0
v 0.008416743 -0.127336 0.171616807 0.999999940 0 0
v 0.005108048 -0.13059433 0.164110228 0.999999940 0 0
v -0.00508599 -0.13059482 0.164110183 0.999999940 0 0
v 0.008309899 -0.12720193 -0.17150021 0.999999940 0 0
v -0.00519768 -0.13064955 -0.16424868 0.999999940 0 0
v 0.004621001 -0.13065816 -0.16418049 0.999999940 0 0
v 0.005995845 -0.12876326 -0.18282273 0.999999940 0 0
v -0.00700256 -0.13924395 0.173069492 0.999999940 0 0
v -0.00266211 -0.13508546 0.179264158 0.999999940 0 0
v -0.00834341 -0.13929008 0.161725983 0.999999940 0 0
v -0.00968359 -0.13887221 -0.16138232 0.999999940 0 0
v -0.00747102 -0.1393317 -0.17334965 0.999999940 0 0
v -0.00272355 -0.13504016 -0.17925307 0.999999940 0 0
v 0.002662589 -0.135085 0.179264187 0.999999940 0 0
v 0.007020799 -0.13925162 0.173078030 0.999999940 0 0
v 0.008362432 -0.13929558 0.161723911 0.999999940 0 0
v 0.004432998 -0.14264725 0.153841197 0.999999940 0 0
v -0.00444565 -0.14263706 0.153838858 0.999999940 0 0
v 0.008231633 -0.13899499 -0.16153517 0.999999940 0 0
v -0.00476915 -0.14261255 -0.15376778 0.999999940 0 0
v 0.004183773 -0.1426083 -0.15381572 0.999999940 0 0
v 0.006905556 -0.13930722 -0.17321862 0.999999940 0 0
v 0.002620172 -0.1350904 -0.17925426 0.999999940 0 0
v -0.00741054 -0.15091068 0.162204965 0.999999940 0 0
v -0.00326972 -0.1469356 0.169474691 0.999999940 0 0
v -0.00802353 -0.15069363 0.150751411 0.999999940 0 0
v -0.00900102 -0.1503859 -0.15043396 0.999999940 0 0
v -0.00918032 -0.15164262 -0.16299058 0.999999940 0 0
v -0.00364888 -0.14706124 -0.16959272 0.999999940 0 0
v 0.003270135 -0.1469364 0.169474646 0.999999940 0 0
v 0.00743016 -0.15091747 0.162198945 0.999999940 0 0
v 0.007904836 -0.15071574 0.150741040 0.999999940 0 0
v 0.004525139 -0.15370151 0.142513692 0.999999940 0 0
v -0.00466149 -0.15366085 0.142498090 0.999999940 0 0
v 0.008711077 -0.15012985 -0.1502233 0.999999940 0 0
v -0.00464474 -0.15388982 -0.14271991 0.999999940 0 0
v 0.004182233 -0.15376006 -0.14256085 0.999999940 0 0
v 0.008305896 -0.1512529 -0.16270171 0.999999940 0 0
v 0.002936046 -0.14687002 -0.16941404 0.999999940 0 0
v -0.00732961 -0.16216458 0.150941714 0.999999940 0 0
v -0.00341164 -0.15845044 0.158461064 0.999999940 0 0
v -0.00834107 -0.1616955 0.139297068 0.999999940 0 0
v -0.0106993 -0.16105197 -0.13856453 0.999999940 0 0
v -0.00768295 -0.16252114 -0.15125929 0.999999940 0 0
v -0.00331926 -0.15843531 -0.15843895 0.999999940 0 0
v 0.003438987 -0.15846583 0.158470973 0.999999940 0 0
v 0.007325699 -0.16216142 0.150898560 0.999999940 0 0
v 0.008255154 -0.16166724 0.139224350 0.999999940 0 0
v 0.004921377 -0.16413033 0.130545631 0.999999940 0 0
v -0.00507701 -0.16416827 0.130589202 0.999999940 0 0
v 0.009277477 -0.16111523 -0.13857399 0.999999940 0 0
v -0.00526984 -0.1641337 -0.13053614 0.999999940 0 0
v 0.004583695 -0.16417114 -0.13060696 0.999999940 0 0
v 0.009410823 -0.16292988 -0.15158023 0.999999940 0 0
v 0.003717302 -0.15861097 -0.1586346 0.999999940 0 0
v -0.00769418 -0.17327046 0.139435067 0.999999940 0 0
v -0.0033132 -0.16949224 0.146954223 0.999999940 0 0
v -0.01016822 -0.17098577 0.126865863 0.999999940 0 0
v -0.01015294 -0.17109559 -0.12671314 0.999999940 0 0
v -0.00765013 -0.17345901 -0.13942955 0.999999940 0 0
v -0.00348666 -0.16955081 -0.14702284 0.999999940 0 0
v 0.00329781 -0.16950676 0.146951422 0.999999940 0 0
v 0.0070129 -0.1730987 0.139248743 0.999999940 0 0
v 0.008409023 -0.17153372 0.127232968 0.999999940 0 0
v 0.006239478 -0.1749891 0.117492042 0.999999940 0 0
v -0.00648765 -0.17494577 0.117498613 0.999999940 0 0
v -0.00374048 -0.17803265 0.110484734 0.999999940 0 0
v 0.003281598 -0.17827128 0.110648542 0.999999940 0 0
v 0.006203678 -0.17496409 -0.11748099 0.999999940 0 0
v -0.00648547 -0.17496519 -0.11747656 0.999999940 0 0
v -0.00374011 -0.17803425 -0.11048198 0.999999940 0 0
v 0.003280737 -0.17827068 -0.1106495 0.999999940 0 0
v 0.008319787 -0.17147435 -0.12709998 0.999999940 0 0
v 0.007016412 -0.17325969 -0.13927501 0.999999940 0 0
v 0.003378232 -0.16962737 -0.14706184 0.999999940 0 0
v -0.0060347 -0.18278964 0.128748312 0.999999940 0 0
v -0.00275235 -0.17926851 0.135087519 0.999999940 0 0
v -0.00889025 -0.18669425 0.119221694 0.999999940 0 0
v -0.00886605 -0.18308932 0.105454035 0.999999940 0 0
v -0.00886734 -0.183092 -0.1054501 0.999999940 0 0
v -0.0088401 -0.18671846 -0.11919533 0.999999940 0 0
v -0.00599588 -0.1828469 -0.12870309 0.999999940 0 0
v -0.00282433 -0.17928229 -0.13507383 0.999999940 0 0
v 0.002586933 -0.17925021 0.135068237 0.999999940 0 0
v 0.006007724 -0.18289772 0.128768071 0.999999940 0 0
v 0.008906954 -0.18685903 0.119309060 0.999999940 0 0
v 0.008053718 -0.18338639 0.105644635 0.999999940 0 0
v 0.00536212 -0.18711543 0.095632359 0.999999940 0 0
v -0.00561307 -0.18702954 0.095564253 0.999999940 0 0
v -0.00319568 -0.1897901 0.088527485 0.999999940 0 0
v 0.002883502 -0.19000503 0.088682115 0.999999940 0 0
v 0.005362127 -0.18711543 -0.09563237 0.999999940 0 0
v -0.00561298 -0.18702948 -0.09556428 0.999999940 0 0
v -0.00319578 -0.18978997 -0.08852734 0.999999940 0 0
v 0.002883435 -0.19000506 -0.08868202 0.999999940 0 0
v 0.008053911 -0.18338493 -0.10564553 0.999999940 0 0
v 0.008899655 -0.18686336 -0.11931086 0.999999940 0 0
v 0.005980824 -0.18292738 -0.12875098 0.999999940 0 0
v 0.002585307 -0.17925002 -0.13506667 0.999999940 0 0
v -0.00691891 -0.19548991 0.106833562 0.999999940 0 0
v -0.00450315 -0.19281399 0.114682823 0.999999940 0 0
v -0.00924168 -0.19847533 0.096821039 0.999999940 0 0
v -0.0082603 -0.1939037 0.083530016 0.999999940 0 0
v -0.00826041 -0.1939037 -0.08352999 0.999999940 0 0
v -0.00924168 -0.19847533 -0.0968211 0.999999940 0 0
v -0.00691867 -0.19549012 -0.10683336 0.999999940 0 0
v -0.00445734 -0.19276559 -0.11464801 0.999999940 0 0
v 0.004073957 -0.19273974 0.114622741 0.999999940 0 0
v 0.006770032 -0.19567366 0.106903441 0.999999940 0 0
v 0.008848903 -0.19851264 0.096928179 0.999999940 0 0
v 0.007434870 -0.19439709 0.084001362 0.999999940 0 0
v 0.006279218 -0.19671695 0.072437621 0.999999940 0 0
v -0.0053366 -0.19671127 0.072224549 0.999999940 0 0
v -0.00464218 -0.19887912 0.062175605 0.999999940 0 0
v 0.007844724 -0.19746704 0.062037255 0.999999940 0 0
v 0.005904673 -0.19857948 0.053006455 0.999999940 0 0
v -0.0034116 -0.19990951 0.053840685 0.999999940 0 0
v -0.00464252 -0.19887912 -0.06217555 0.999999940 0 0
v -0.00341182 -0.19990961 -0.05384059 0.999999940 0 0
v 0.005905041 -0.19857958 -0.05300619 0.999999940 0 0
v 0.007845315 -0.19746704 -0.06203719 0.999999940 0 0
v 0.006279279 -0.19671698 -0.07243764 0.999999940 0 0
v -0.0053369 -0.1967112 -0.07222451 0.999999940 0 0
v 0.007434767 -0.19439711 -0.08400118 0.999999940 0 0
v 0.008848910 -0.19851264 -0.09692819 0.999999940 0 0
v 0.006770044 -0.19567366 -0.10690346 0.999999940 0 0
v 0.004073730 -0.1927398 -0.11462274 0.999999940 0 0
v -0.00668729 -0.20642638 0.084120340 0.999999940 0 0
v -0.00452216 -0.20423086 0.092622771 0.999999940 0 0
v -0.00766037 -0.20994942 0.073910266 0.999999940 0 0
v -0.00904536 -0.2104944 0.063443072 0.999999940 0 0
v -0.00753064 -0.20494922 0.049885734 0.999999940 0 0
v -0.00753134 -0.20495051 -0.04988622 0.999999940 0 0
v -0.00904491 -0.21049415 -0.06344336 0.999999940 0 0
v -0.00766037 -0.20994934 -0.0739105 0.999999940 0 0
v -0.00668733 -0.20642635 -0.08412034 0.999999940 0 0
v -0.00452214 -0.20423086 -0.09262279 0.999999940 0 0
v 0.004053114 -0.20412059 0.092601425 0.999999940 0 0
v 0.006727763 -0.20653419 0.084400564 0.999999940 0 0
v 0.00811031 -0.20954897 0.074156358 0.999999940 0 0
v 0.010796880 -0.21085566 0.063523434 0.999999940 0 0
v 0.009383292 -0.2047011 0.049472484 0.999999940 0 0
v 0.006399937 -0.20651567 0.038548305 0.999999940 0 0
v -0.0059372 -0.20659085 0.038677826 0.999999940 0 0
v -0.00536444 -0.20825808 0.027742527 0.999999940 0 0
v 0.005383808 -0.20828551 0.027712427 0.999999940 0 0
v 0.005002174 -0.20920019 0.016651388 0.999999940 0 0
v -0.00500742 -0.20920166 0.016654517 0.999999940 0 0
v 0.004784550 -0.20975137 0.005550758 0.999999940 0 0
v -0.00478641 -0.20975213 0.005550459 0.999999940 0 0
v 0.004784875 -0.20975146 -0.00555097 0.999999940 0 0
v -0.00478676 -0.20975229 -0.00555057 0.999999940 0 0
v 0.005003511 -0.20920099 -0.01665156 0.999999940 0 0
v -0.00500878 -0.20920236 -0.01665458 0.999999940 0 0
v 0.005384929 -0.2082864 -0.02771222 0.999999940 0 0
v -0.00536607 -0.20825924 -0.02774223 0.999999940 0 0
v 0.006399927 -0.20651689 -0.03854824 0.999999940 0 0
v -0.00593788 -0.20659199 -0.03867792 0.999999940 0 0
v 0.009383996 -0.20470244 -0.04947258 0.999999940 0 0
v 0.010796451 -0.21085562 -0.06352349 0.999999940 0 0
v 0.008110481 -0.20954897 -0.07415643 0.999999940 0 0
v 0.006727797 -0.20653419 -0.08440056 0.999999940 0 0
v 0.004053154 -0.20412059 -0.09260137 0.999999940 0 0
v -0.0063811 -0.21759214 0.050524957 0.999999940 0 0
v -0.00465871 -0.21633509 0.059860747 0.999999940 0 0
v -0.0065673 -0.21942532 0.039702788 0.999999940 0 0
v -0.00675327 -0.2209522 0.028285928 0.999999940 0 0
v -0.00686018 -0.22178219 0.016976388 0.999999940 0 0
v -0.00684519 -0.22207482 0.005663549 0.999999940 0 0
v -0.00684503 -0.22207482 -0.00566251 0.999999940 0 0
v -0.00685987 -0.2217824 -0.01697571 0.999999940 0 0
v -0.00675325 -0.22095218 -0.028286 0.999999940 0 0
v -0.00656766 -0.21942502 -0.03970283 0.999999940 0 0
v -0.00638069 -0.21759246 -0.0505244 0.999999940 0 0
v -0.00465763 -0.21633582 -0.05985946 0.999999940 0 0
v 0.005749282 -0.21660464 0.059842087 0.999999940 0 0
v 0.007101411 -0.21780007 0.050370905 0.999999940 0 0
v 0.006677187 -0.21937066 0.039563845 0.999999940 0 0
v 0.006780066 -0.22097246 0.028236689 0.999999940 0 0
v 0.006854879 -0.22178382 0.016970828 0.999999940 0 0
v 0.006843564 -0.22207631 0.005664187 0.999999940 0 0
v 0.0068436 -0.22207616 -0.00566315 0.999999940 0 0
v 0.006854597 -0.22178426 -0.01697014 0.999999940 0 0
v 0.006779041 -0.22097234 -0.02823697 0.999999940 0 0
v 0.006676985 -0.21937069 -0.03956379 0.999999940 0 0
v 0.00710095 -0.21780039 -0.05037022 0.999999940 0 0
v 0.005748400 -0.21660532 -0.05984094 0.999999940 0 0
s 0
f 2795 2796 2797 2798
f 2799 2800 2795 2798
f 2801 2800 2799 2802
f 2803 2801 2802 2804
f 2805 2806 2803 2804
f 2807 2808 2806 2805
f 2809 2810 2808 2807
f 2811 2812 2810 2809
f 2813 2814 2812 2811
f 2815 2816 2814 2813
f 2817 2816 2815 2818
f 2819 2820 2817 2818
f 2821 2822 2820 2819
f 2823 2822 2821 2824
f 2825 2826 2823 2824
f 2827 2799 2798 2828
f 2802 2799 2827 2829
f 2830 2821 2819 2831
f 2824 2821 2830 2832
f 2833 2834 2796 2795
f 2833 2795 2800 2835
f 2835 2800 2801 2836
f 2836 2801 2803 2837
f 2837 2803 2806 2838
f 2839 2838 2806 2808
f 2840 2839 2808 2810
f 2841 2840 2810 2812
f 2842 2841 2812 2814
f 2843 2842 2814 2816
f 2844 2843 2816 2817
f 2845 2844 2817 2820
f 2846 2845 2820 2822
f 2847 2846 2822 2823
f 2848 2847 2823 2826
f 2849 2797 2796 2834
f 2849 2834 2850 2851
f 2804 2802 2852 2853
f 2852 2836 2837 2853
f 2854 2805 2804 2853
f 2854 2853 2837 2838
f 2855 2807 2805 2854
f 2855 2854 2838 2839
f 2856 2809 2807 2855
f 2856 2855 2839 2840
f 2857 2811 2809 2856
f 2857 2856 2840 2841
f 2858 2813 2811 2857
f 2858 2857 2841 2842
f 2859 2815 2813 2858
f 2859 2858 2842 2843
f 2860 2818 2815 2859
f 2859 2843 2844 2860
f 2861 2819 2818 2860
f 2861 2860 2844 2845
f 2862 2848 2826 2825
f 2863 2848 2862 2864
f 2828 2798 2797 2865
f 2797 2849 2866 2865
f 2827 2828 2865 2867
f 2865 2868 2869 2867
f 2870 2852 2802 2829
f 2870 2829 2827 2867
f 2870 2867 2869 2852
f 2871 2831 2819 2861
f 2830 2831 2871 2872
f 2871 2861 2873 2872
f 2825 2824 2832 2874
f 2874 2832 2830 2872
f 2874 2872 2873 2875
f 2876 2862 2825 2874
f 2877 2850 2834 2878
f 2878 2834 2833 2879
f 2879 2833 2835 2880
f 2880 2835 2836 2881
f 2882 2883 2845 2846
f 2884 2882 2846 2847
f 2885 2884 2847 2848
f 2886 2885 2848 2863
f 2887 2888 2889 2890
f 2891 2851 2850 2877
f 2891 2877 2888 2887
f 2849 2851 2891 2892
f 2893 2892 2878 2879
f 2894 2869 2868 2893
f 2893 2879 2880 2894
f 2895 2881 2836 2852
f 2895 2852 2869 2894
f 2895 2894 2880 2881
f 2896 2861 2845 2883
f 2873 2861 2896 2897
f 2896 2883 2882 2897
f 2875 2873 2897 2898
f 2898 2897 2882 2884
f 2898 2884 2885 2899
f 2900 2886 2863 2864
f 2900 2864 2862 2899
f 2901 2902 2886 2900
f 2903 2902 2901 2904
f 2866 2849 2892 2905
f 2868 2865 2866 2905
f 2905 2892 2893 2868
f 2899 2862 2876 2906
f 2876 2874 2875 2906
f 2906 2875 2898 2899
f 2907 2889 2888 2908
f 2908 2888 2877 2909
f 2909 2877 2878 2910
f 2911 2912 2885 2886
f 2913 2911 2886 2902
f 2914 2913 2902 2903
f 2915 2916 2917 2918
f 2919 2890 2889 2907
f 2919 2907 2916 2915
f 2887 2890 2919 2920
f 2891 2887 2920 2921
f 2921 2920 2908 2909
f 2922 2910 2878 2892
f 2892 2891 2921 2922
f 2921 2909 2910 2922
f 2923 2899 2885 2912
f 2924 2900 2899 2923
f 2924 2923 2912 2911
f 2925 2901 2900 2924
f 2925 2924 2911 2913
f 2926 2914 2903 2904
f 2926 2904 2901 2925
f 2927 2928 2914 2926
f 2929 2928 2927 2930
f 2931 2917 2916 2932
f 2932 2916 2907 2933
f 2933 2907 2908 2934
f 2935 2936 2913 2914
f 2937 2935 2914 2928
f 2938 2937 2928 2929
f 2918 2917 2931 2939
f 2931 2940 2941 2939
f 2915 2918 2939 2942
f 2919 2915 2942 2943
f 2943 2942 2932 2933
f 2934 2908 2920 2944
f 2920 2919 2943 2944
f 2943 2933 2934 2944
f 2925 2913 2936 2945
f 2946 2926 2925 2945
f 2946 2945 2936 2935
f 2947 2927 2926 2946
f 2947 2946 2935 2937
f 2938 2929 2930 2948
f 2948 2930 2927 2947
f 2949 2950 2938 2948
f 2951 2940 2931 2952
f 2952 2931 2932 2953
f 2954 2955 2937 2938
f 2956 2954 2938 2950
f 2957 2941 2940 2951
f 2957 2951 2958 2959
f 2939 2941 2957 2960
f 2961 2953 2932 2942
f 2942 2939 2960 2961
f 2960 2952 2953 2961
f 2962 2947 2937 2955
f 2963 2948 2947 2962
f 2963 2962 2955 2954
f 2964 2956 2950 2949
f 2964 2949 2948 2963
f 2965 2966 2956 2964
f 2967 2958 2951 2968
f 2968 2951 2952 2969
f 2970 2971 2954 2956
f 2972 2970 2956 2966
f 2973 2959 2958 2967
f 2967 2974 2975 2973
f 2957 2959 2973 2976
f 2969 2952 2960 2977
f 2960 2957 2976 2977
f 2977 2976 2968 2969
f 2978 2963 2954 2971
f 2979 2964 2963 2978
f 2979 2978 2971 2970
f 2980 2972 2966 2965
f 2980 2965 2964 2979
f 2981 2982 2972 2980
f 2983 2974 2967 2984
f 2984 2967 2968 2985
f 2986 2987 2970 2972
f 2988 2986 2972 2982
f 2975 2974 2983 2989
f 2989 2983 2990 2991
f 2973 2975 2989 2992
f 2993 2985 2968 2976
f 2976 2973 2992 2993
f 2993 2992 2984 2985
f 2994 2979 2970 2987
f 2995 2980 2979 2994
f 2995 2994 2987 2986
f 2996 2988 2982 2981
f 2996 2981 2980 2995
f 2997 2998 2988 2996
f 2999 2990 2983 3000
f 3000 2983 2984 3001
f 3002 3003 2986 2988
f 3004 3002 2988 2998
f 3005 2991 2990 2999
f 2989 2991 3005 3006
f 3007 3001 2984 2992
f 2992 2989 3006 3007
f 3007 3006 3000 3001
f 3008 2995 2986 3003
f 3009 2996 2995 3008
f 3009 3008 3003 3002
f 3010 3004 2998 2997
f 3010 2997 2996 3009
f 3011 2999 3000 3012
f 3013 3014 3002 3004
f 3015 3005 2999 3011
f 3015 3011 3016 3017
f 3018 3012 3000 3006
f 3006 3005 3015 3018
f 3019 3009 3002 3014
f 3020 3013 3004 3010
f 3020 3010 3009 3019
f 3021 3022 3013 3020
f 3023 3016 3011 3024
f 3024 3011 3012 3025
f 3026 3027 3014 3013
f 3028 3026 3013 3022
f 3029 3017 3016 3023
f 3015 3017 3029 3030
f 3031 3025 3012 3018
f 3018 3015 3030 3031
f 3031 3030 3024 3025
f 3019 3014 3027 3032
f 3033 3020 3019 3032
f 3033 3032 3027 3026
f 3034 3028 3022 3021
f 3034 3021 3020 3033
f 3035 3023 3024 3036
f 3037 3038 3026 3028
f 3039 3029 3023 3035
f 3039 3035 3040 3041
f 3042 3036 3024 3030
f 3030 3029 3039 3042
f 3043 3033 3026 3038
f 3044 3037 3028 3034
f 3044 3034 3033 3043
f 3045 3046 3037 3044
f 3047 3040 3035 3048
f 3048 3035 3036 3049
f 3050 3051 3038 3037
f 3052 3050 3037 3046
f 3053 3041 3040 3047
f 3039 3041 3053 3054
f 3049 3036 3042 3055
f 3042 3039 3054 3055
f 3054 3048 3049 3055
f 3043 3038 3051 3056
f 3057 3044 3043 3056
f 3057 3056 3051 3050
f 3058 3052 3046 3045
f 3058 3045 3044 3057
f 3054 3053 3059 3060
f 3061 3058 3057 3062
f 3063 3047 3048 3064
f 3065 3066 3050 3052
f 3067 3053 3047 3063
f 3067 3063 3068 3069
f 3070 3064 3048 3054
f 3071 3057 3050 3066
f 3072 3065 3052 3058
f 3073 3074 3065 3072
f 3075 3059 3053 3067
f 3067 3069 3076 3075
f 3070 3054 3060 3077
f 3060 3059 3075 3077
f 3062 3057 3071 3078
f 3079 3072 3058 3061
f 3079 3061 3062 3078
f 3080 3073 3072 3079
f 3081 3068 3063 3082
f 3082 3063 3064 3083
f 3084 3085 3066 3065
f 3086 3084 3065 3074
f 3069 3068 3081 3087
f 3083 3064 3070 3088
f 3071 3066 3085 3089
f 3086 3074 3073 3090
f 3076 3069 3087 3091
f 3092 3075 3076 3091
f 3091 3087 3093 3092
f 3088 3070 3077 3094
f 3077 3075 3092 3094
f 3094 3092 3093 3088
f 3078 3071 3089 3095
f 3096 3079 3078 3095
f 3095 3089 3097 3096
f 3090 3073 3080 3098
f 3098 3080 3079 3096
f 3098 3096 3097 3090
f 3099 3081 3082 3100
f 3100 3082 3083 3101
f 3102 3103 3085 3084
f 3104 3102 3084 3086
f 3087 3081 3099 3105
f 3093 3087 3105 3106
f 3107 3101 3083 3088
f 3088 3093 3106 3107
f 3107 3106 3100 3101
f 3108 3089 3085 3103
f 3109 3097 3089 3108
f 3108 3103 3102 3109
f 3104 3086 3090 3110
f 3110 3090 3097 3109
f 3111 3099 3100 3112
f 3113 3114 3102 3104
f 3115 3105 3099 3111
f 3112 3100 3106 3116
f 3106 3105 3115 3116
f 3109 3102 3114 3117
f 3118 3113 3104 3110
f 3118 3110 3109 3117
f 3119 3120 3111 3112
f 3121 3122 3114 3113
f 3123 3115 3111 3120
f 3124 3119 3112 3116
f 3124 3116 3115 3123
f 3125 3117 3114 3122
f 3126 3121 3113 3118
f 3126 3118 3117 3125
f 3127 3128 3120 3119
f 3129 3130 3122 3121
f 3131 3123 3120 3128
f 3132 3127 3119 3124
f 3132 3124 3123 3131
f 3133 3125 3122 3130
f 3134 3129 3121 3126
f 3134 3126 3125 3133
f 3135 3136 3128 3127
f 3137 3138 3130 3129
f 3139 3131 3128 3136
f 3140 3135 3127 3132
f 3140 3132 3131 3139
f 3141 3133 3130 3138
f 3142 3137 3129 3134
f 3142 3134 3133 3141
f 3143 3144 3136 3135
f 3145 3146 3138 3137
f 3147 3139 3136 3144
f 3148 3143 3135 3140
f 3148 3140 3139 3147
f 3149 3141 3138 3146
f 3150 3145 3137 3142
f 3150 3142 3141 3149
f 3151 3152 3144 3143
f 3153 3154 3146 3145
f 3155 3147 3144 3152
f 3156 3151 3143 3148
f 3156 3148 3147 3155
f 3157 3149 3146 3154
f 3158 3153 3145 3150
f 3158 3150 3149 3157
f 3159 3160 3152 3151
f 3161 3162 3154 3153
f 3163 3155 3152 3160
f 3164 3159 3151 3156
f 3164 3156 3155 3163
f 3165 3157 3154 3162
f 3166 3161 3153 3158
f 3166 3158 3157 3165
f 3167 3168 3160 3159
f 3169 3162 3161 3170
f 3171 3163 3160 3168
f 3167 3159 3164 3172
f 3172 3164 3163 3171
f 3165 3162 3169 3173
f 3174 3170 3161 3166
f 3174 3166 3165 3173
f 3175 3176 3168 3167
f 3177 3169 3170 3178
f 3179 3171 3168 3176
f 3175 3167 3172 3180
f 3180 3172 3171 3179
f 3173 3169 3177 3181
f 3182 3178 3170 3174
f 3174 3173 3181 3182
f 3183 3184 3176 3175
f 3185 3177 3178 3186
f 3187 3179 3176 3184
f 3188 3183 3175 3180
f 3188 3180 3179 3187
f 3189 3190 3183 3188
f 3191 3181 3177 3185
f 3185 3192 3193 3191
f 3194 3186 3178 3182
f 3182 3181 3191 3194
f 3195 3196 3184 3183
f 3197 3195 3183 3190
f 3198 3192 3185 3199
f 3199 3185 3186 3200
f 3201 3187 3184 3196
f 3202 3188 3187 3201
f 3201 3196 3195 3202
f 3197 3190 3189 3203
f 3203 3189 3188 3202
f 3193 3192 3198 3204
f 3191 3193 3204 3205
f 3206 3200 3186 3194
f 3194 3191 3205 3206
f 3206 3205 3199 3200
f 3207 3208 3195 3197
f 3209 3198 3199 3210
f 3211 3202 3195 3208
f 3212 3207 3197 3203
f 3212 3203 3202 3211
f 3213 3214 3207 3212
f 3215 3204 3198 3209
f 3215 3209 3216 3217
f 3218 3210 3199 3205
f 3205 3204 3215 3218
f 3219 3220 3208 3207
f 3221 3219 3207 3214
f 3222 3216 3209 3223
f 3223 3209 3210 3224
f 3225 3211 3208 3220
f 3226 3212 3211 3225
f 3226 3225 3220 3219
f 3227 3221 3214 3213
f 3227 3213 3212 3226
f 3228 3217 3216 3222
f 3215 3217 3228 3229
f 3230 3224 3210 3218
f 3218 3215 3229 3230
f 3230 3229 3223 3224
f 3231 3232 3219 3221
f 3233 3222 3223 3234
f 3235 3226 3219 3232
f 3236 3231 3221 3227
f 3236 3227 3226 3235
f 3237 3238 3231 3236
f 3239 3228 3222 3233
f 3239 3233 3240 3241
f 3242 3234 3223 3229
f 3229 3228 3239 3242
f 3243 3244 3232 3231
f 3245 3243 3231 3238
f 3246 3240 3233 3247
f 3247 3233 3234 3248
f 3249 3235 3232 3244
f 3250 3236 3235 3249
f 3250 3249 3244 3243
f 3245 3238 3237 3251
f 3251 3237 3236 3250
f 3252 3241 3240 3246
f 3239 3241 3252 3253
f 3254 3248 3234 3242
f 3242 3239 3253 3254
f 3254 3253 3247 3248
f 3255 3256 3243 3245
f 3257 3246 3247 3258
f 3259 3250 3243 3256
f 3260 3255 3245 3251
f 3260 3251 3250 3259
f 3261 3262 3255 3260
f 3263 3252 3246 3257
f 3263 3257 3264 3265
f 3266 3258 3247 3253
f 3253 3252 3263 3266
f 3267 3268 3256 3255
f 3269 3267 3255 3262
f 3270 3264 3257 3271
f 3271 3257 3258 3272
f 3273 3259 3256 3268
f 3274 3260 3259 3273
f 3274 3273 3268 3267
f 3275 3269 3262 3261
f 3275 3261 3260 3274
f 3276 3277 3269 3275
f 3278 3265 3264 3270
f 3278 3270 3279 3280
f 3263 3265 3278 3281
f 3282 3272 3258 3266
f 3266 3263 3281 3282
f 3282 3281 3271 3272
f 3283 3284 3267 3269
f 3285 3283 3269 3277
f 3286 3279 3270 3287
f 3287 3270 3271 3288
f 3289 3274 3267 3284
f 3290 3275 3274 3289
f 3290 3289 3284 3283
f 3291 3285 3277 3276
f 3291 3276 3275 3290
f 3292 3293 3285 3291
f 3294 3280 3279 3286
f 3294 3286 3295 3296
f 3278 3280 3294 3297
f 3288 3271 3281 3298
f 3281 3278 3297 3298
f 3297 3287 3288 3298
f 3299 3300 3283 3285
f 3301 3299 3285 3293
f 3302 3295 3286 3303
f 3303 3286 3287 3304
f 3305 3290 3283 3300
f 3306 3291 3290 3305
f 3306 3305 3300 3299
f 3307 3301 3293 3292
f 3307 3292 3291 3306
f 3308 3309 3301 3307
f 3310 3296 3295 3302
f 3310 3302 3311 3312
f 3294 3296 3310 3313
f 3314 3304 3287 3297
f 3297 3294 3313 3314
f 3314 3313 3303 3304
f 3315 3316 3299 3301
f 3317 3315 3301 3309
f 3318 3311 3302 3319
f 3319 3302 3303 3320
f 3321 3306 3299 3316
f 3322 3307 3306 3321
f 3321 3316 3315 3322
f 3317 3309 3308 3323
f 3323 3308 3307 3322
f 3324 3325 3317 3323
f 3326 3325 3324 3327
f 3328 3329 3330 3331
f 3312 3311 3318 3332
f 3332 3318 3329 3328
f 3310 3312 3332 3333
f 3320 3303 3313 3334
f 3313 3310 3333 3334
f 3334 3333 3319 3320
f 3335 3336 3315 3317
f 3337 3335 3317 3325
f 3338 3337 3325 3326
f 3339 3330 3329 3340
f 3340 3329 3318 3341
f 3341 3318 3319 3342
f 3343 3322 3315 3336
f 3344 3323 3322 3343
f 3344 3343 3336 3335
f 3345 3324 3323 3344
f 3345 3344 3335 3337
f 3346 3338 3326 3327
f 3346 3327 3324 3345
f 3347 3348 3338 3346
f 3349 3348 3347 3350
f 3351 3352 3353 3354
f 3355 3331 3330 3339
f 3355 3339 3352 3351
f 3328 3331 3355 3356
f 3332 3328 3356 3357
f 3357 3356 3340 3341
f 3358 3342 3319 3333
f 3333 3332 3357 3358
f 3357 3341 3342 3358
f 3359 3360 3337 3338
f 3361 3359 3338 3348
f 3362 3361 3348 3349
f 3363 3353 3352 3364
f 3364 3352 3339 3365
f 3365 3339 3340 3366
f 3345 3337 3360 3367
f 3368 3346 3345 3367
f 3368 3367 3360 3359
f 3369 3347 3346 3368
f 3369 3368 3359 3361
f 3370 3362 3349 3350
f 3370 3350 3347 3369
f 3371 3372 3362 3370
f 3373 3372 3371 3374
f 3375 3376 3373 3374
f 3377 3378 3379 3380
f 3381 3382 3377 3380
f 3383 3354 3353 3363
f 3363 3382 3381 3383
f 3351 3354 3383 3384
f 3355 3351 3384 3385
f 3385 3384 3364 3365
f 3386 3366 3340 3356
f 3356 3355 3385 3386
f 3385 3365 3366 3386
f 3387 3388 3361 3362
f 3389 3387 3362 3372
f 3390 3389 3372 3373
f 3391 3390 3373 3376
f 3392 3378 3377 3393
f 3393 3377 3382 3394
f 3394 3382 3363 3395
f 3395 3363 3364 3396
f 3369 3361 3388 3397
f 3398 3370 3369 3397
f 3398 3397 3388 3387
f 3399 3371 3370 3398
f 3398 3387 3389 3399
f 3400 3374 3371 3399
f 3400 3399 3389 3390
f 3391 3376 3375 3401
f 3401 3375 3374 3400
f 3402 3403 3391 3401
f 3404 3403 3402 3405
f 3406 3407 3404 3405
f 3408 3409 3407 3406
f 3410 3411 3409 3408
f 3412 3413 3411 3410
f 3414 3415 3413 3412
f 3416 3417 3415 3414
f 3379 3378 3392 3418
f 3418 3392 3417 3416
f 3380 3379 3418 3419
f 3381 3380 3419 3420
f 3419 3393 3394 3420
f 3383 3381 3420 3421
f 3421 3420 3394 3395
f 3396 3364 3384 3422
f 3384 3383 3421 3422
f 3421 3395 3396 3422
f 3423 3424 3390 3391
f 3425 3423 3391 3403
f 3426 3425 3403 3404
f 3427 3426 3404 3407
f 3428 3427 3407 3409
f 3429 3428 3409 3411
f 3430 3429 3411 3413
f 3431 3430 3413 3415
f 3431 3415 3417 3432
f 3432 3417 3392 3433
f 3433 3392 3393 3434
f 3435 3400 3390 3424
f 3436 3401 3400 3435
f 3435 3424 3423 3436
f 3437 3402 3401 3436
f 3436 3423 3425 3437
f 3438 3405 3402 3437
f 3438 3437 3425 3426
f 3439 3406 3405 3438
f 3439 3438 3426 3427
f 3440 3408 3406 3439
f 3440 3439 3427 3428
f 3441 3410 3408 3440
f 3441 3440 3428 3429
f 3442 3412 3410 3441
f 3442 3441 3429 3430
f 3443 3414 3412 3442
f 3443 3442 3430 3431
f 3416 3414 3443 3444
f 3444 3443 3431 3432
f 3418 3416 3444 3445
f 3445 3444 3432 3433
f 3446 3434 3393 3419
f 3419 3418 3445 3446
f 3446 3445 3433 3434
o moverx
usemtl Cylinder
v 0.028503760 0.012814119 0.003585157 0.003921568 0.999999940 0
v -0.01347267 0.006979954 0.002727194 0.003921568 0.999999940 0
v -0.01347268 0.006632146 0.006632319 0.003921568 0.999999940 0
v 0.036000061 0.009410521 0.009411091 0.003921568 0.999999940 0
v 0.028596878 0.012816352 -0.00357751 0.003921568 0.999999940 0
v -0.01347267 0.006969471 -0.00272494 0.003921568 0.999999940 0
v -0.01347264 0.006551938 -0.00720666 0.003921568 0.999999940 0
v 0.040073338 0.009497772 -0.00931957 0.003921568 0.999999940 0
v 0.159608319 0.012828755 0.003535429 0.003921568 0.999999940 0
v 0.160498991 0.009409381 0.009412349 0.003921568 0.999999940 0
v 0.159667745 0.012829517 -0.00353275 0.003921568 0.999999940 0
v 0.161190554 0.009508358 -0.00930846 0.003921568 0.999999940 0
v 0.368218034 0.015316302 0.004162439 0.003921568 0.999999940 0
v 0.373857587 0.011092156 0.011632627 0.003921568 0.999999940 0
v 0.368237733 0.015273029 -0.0041589 0.003921568 0.999999940 0
v 0.373697698 0.010871142 -0.01149172 0.003921568 0.999999940 0
v 0.386624038 0.046259649 0.004126658 0.003921568 0.999999940 0
v 0.385291725 0.035062685 0.011366626 0.003921568 0.999999940 0
v 0.386510372 0.046285219 -0.00411858 0.003921568 0.999999940 0
v 0.382364898 0.035145502 -0.01134693 0.003921568 0.999999940 0
v 0.477560252 0.014136544 0.006437921 0.003921568 0.999999940 0
v 0.479378849 0.015077005 0.002448931 0.003921568 0.999999940 0
v 0.479366034 0.014893226 -0.00261743 0.003921568 0.999999940 0
v 0.476994901 0.013495321 -0.00684732 0.003921568 0.999999940 0
v -0.01347266 0.002729279 0.00698889 0.003921568 0.999999940 0
v -0.01347263 0.002664037 0.002664038 0.003921568 0.999999940 0
v -0.01347263 0.002530835 -0.00319684 0.003921568 0.999999940 0
v -0.01347263 0.002376013 -0.009083 0.003921568 0.999999940 0
v 0.028440918 0.003586394 0.012820988 0.003921568 0.999999940 0
v 0.04759508 0.004527614 -0.01251242 0.003921568 0.999999940 0
v -0.01347268 0 -0.01229145 0.003921568 0.999999940 0
v 0.053463131 0.000000015 -0.01332017 0.003921568 0.999999940 0
v 0.159610331 0.00353464 0.012833579 0.003921568 0.999999940 0
v 0.162677347 0.004341132 -0.01257695 0.003921568 0.999999940 0
v 0.163617268 0.000000039 -0.01332014 0.003921568 0.999999940 0
v 0.380161136 0.004551312 0.016722582 0.003921568 0.999999940 0
v 0.378300368 0.004739692 -0.0162857 0.003921568 0.999999940 0
v 0.378886252 -0.00024437 -0.0175248 0.003921568 0.999999940 0
v 0.408707499 0.014424855 0.015783028 0.003921568 0.999999940 0
v 0.395121783 0.016677178 -0.0159909 0.003921568 0.999999940 0
v 0.403347313 0.001298746 -0.01772691 0.003921568 0.999999940 0
v 0.495011329 0.007872251 0.007135222 0.003921568 0.999999940 0
v 0.504127979 0.008491709 0.002687122 0.003921568 0.999999940 0
v 0.503763794 0.007822861 -0.00417912 0.003921568 0.999999940 0
v 0.489595592 0.005590376 -0.00789533 0.003921568 0.999999940 0
v 0.481662511 -0.00016635 -0.01065057 0.003921568 0.999999940 0
v -0.01347267 -0.00272928 0.00698889 0.003921568 0.999999940 0
v -0.01347267 -0.00266404 0.002664038 0.003921568 0.999999940 0
v -0.01347266 -0.00253084 -0.00319684 0.003921568 0.999999940 0
v -0.01347267 -0.002376 -0.009083 0.003921568 0.999999940 0
v 0.028440926 -0.0035864 0.012820985 0.003921568 0.999999940 0
v 0.047595147 -0.00452762 -0.01251241 0.003921568 0.999999940 0
v 0.159610346 -0.00353458 0.012833574 0.003921568 0.999999940 0
v 0.162677332 -0.00434104 -0.01257695 0.003921568 0.999999940 0
v 0.380745112 -0.00389882 0.017114836 0.003921568 0.999999940 0
v 0.378126144 -0.00468176 -0.01669868 0.003921568 0.999999940 0
v 0.410486489 -0.01020598 0.016517939 0.003921568 0.999999940 0
v 0.398779362 -0.0141605 -0.01690348 0.003921568 0.999999940 0
v 0.491477668 -0.00442891 0.009129039 0.003921568 0.999999940 0
v 0.500771582 -0.00412014 0.004263232 0.003921568 0.999999940 0
v 0.500527322 -0.00431863 -0.00218121 0.003921568 0.999999940 0
v 0.486534953 -0.00507634 -0.00642453 0.003921568 0.999999940 0
v -0.01347267 -0.00663216 0.006632319 0.003921568 0.999999940 0
v -0.01347267 -0.00697997 0.002727194 0.003921568 0.999999940 0
v -0.01347267 -0.00696946 -0.00272494 0.003921568 0.999999940 0
v -0.01347265 -0.00655192 -0.00720666 0.003921568 0.999999940 0
v 0.035999875 -0.00941048 0.009411112 0.003921568 0.999999940 0
v 0.028503686 -0.0128141 0.003585159 0.003921568 0.999999940 0
v 0.028596848 -0.01281634 -0.00357751 0.003921568 0.999999940 0
v 0.040073212 -0.00949774 -0.00931958 0.003921568 0.999999940 0
v 0.160499066 -0.00940932 0.009412326 0.003921568 0.999999940 0
v 0.159608319 -0.01282868 0.003535431 0.003921568 0.999999940 0
v 0.159667745 -0.01282944 -0.00353275 0.003921568 0.999999940 0
v 0.161190569 -0.00950827 -0.00930847 0.003921568 0.999999940 0
v 0.374772608 -0.00935559 0.012583328 0.003921568 0.999999940 0
v 0.370348244 -0.01213133 0.004724914 0.003921568 0.999999940 0
v 0.370328903 -0.01211728 -0.00472062 0.003921568 0.999999940 0
v 0.374271750 -0.00933294 -0.01242522 0.003921568 0.999999940 0
v 0.384669333 -0.03013974 0.012316994 0.003921568 0.999999940 0
v 0.384053468 -0.0412241 0.004558849 0.003921568 0.999999940 0
v 0.383968353 -0.04122673 -0.00455066 0.003921568 0.999999940 0
v 0.382380634 -0.03022463 -0.01235022 0.003921568 0.999999940 0
v 0.463251739 -0.01290878 0.010071774 0.003921568 0.999999940 0
v 0.461326718 -0.01362031 0.004827925 0.003921568 0.999999940 0
v 0.461274832 -0.01371828 -0.00254257 0.003921568 0.999999940 0
v 0.463278263 -0.01307586 -0.00847575 0.003921568 0.999999940 0
s 0
f 3447 3448 3449 3450
f 3451 3452 3448 3447
f 3453 3452 3451 3454
f 3455 3447 3450 3456
f 3457 3451 3447 3455
f 3458 3454 3451 3457
f 3459 3455 3456 3460
f 3461 3457 3455 3459
f 3462 3458 3457 3461
f 3463 3459 3460 3464
f 3465 3461 3459 3463
f 3466 3462 3461 3465
f 3463 3464 3467 3468
f 3469 3465 3463 3468
f 3470 3466 3465 3469
f 3471 3449 3448 3472
f 3472 3448 3452 3473
f 3473 3452 3453 3474
f 3475 3450 3449 3471
f 3474 3453 3454 3476
f 3477 3474 3476 3478
f 3479 3456 3450 3475
f 3480 3476 3454 3458
f 3478 3476 3480 3481
f 3482 3460 3456 3479
f 3483 3480 3458 3462
f 3484 3481 3480 3483
f 3485 3464 3460 3482
f 3486 3483 3462 3466
f 3487 3484 3483 3486
f 3467 3464 3485 3488
f 3489 3468 3467 3488
f 3469 3468 3489 3490
f 3491 3486 3466 3470
f 3470 3469 3490 3491
f 3492 3487 3486 3491
f 3493 3471 3472 3494
f 3494 3472 3473 3495
f 3495 3473 3474 3496
f 3477 3496 3474
f 3497 3475 3471 3493
f 3498 3496 3477 3478
f 3499 3479 3475 3497
f 3500 3498 3478 3481
f 3501 3482 3479 3499
f 3484 3502 3500 3481
f 3503 3485 3482 3501
f 3487 3504 3502 3484
f 3505 3488 3485 3503
f 3489 3488 3505 3506
f 3490 3489 3506 3507
f 3491 3490 3507 3508
f 3492 3491 3508
f 3492 3508 3504 3487
f 3509 3493 3494 3510
f 3510 3494 3495 3511
f 3511 3495 3496 3512
f 3497 3493 3509 3513
f 3514 3513 3509 3510
f 3515 3514 3510 3511
f 3516 3512 3496 3498
f 3515 3511 3512 3516
f 3517 3499 3497 3513
f 3518 3517 3513 3514
f 3519 3518 3514 3515
f 3520 3516 3498 3500
f 3520 3519 3515 3516
f 3521 3501 3499 3517
f 3522 3521 3517 3518
f 3523 3522 3518 3519
f 3524 3520 3500 3502
f 3524 3523 3519 3520
f 3525 3503 3501 3521
f 3526 3525 3521 3522
f 3527 3526 3522 3523
f 3528 3524 3502 3504
f 3528 3527 3523 3524
f 3529 3505 3503 3525
f 3506 3505 3529 3530
f 3529 3525 3526 3530
f 3507 3506 3530 3531
f 3531 3530 3526 3527
f 3528 3504 3508 3532
f 3508 3507 3531 3532
f 3532 3531 3527 3528
o escalarx
usemtl escalarx
v 0.567837894 0.056844580 0.014933446 0.003921568 0.999999940 0
v 0.528398037 0.056844003 -0.00264895 0.003921568 0.999999940 0
v 0.528400540 0.056841429 0.056841183 0.003921568 0.999999940 0
v 0.572695195 0.056844387 0.056842558 0.003921568 0.999999940 0
v 0.565278172 0.026623163 0.056844506 0.003921568 0.999999940 0
v 0.610010802 0.056844264 0.056844241 0.003921568 0.999999940 0
v 0.619176983 0.056844495 0.025466078 0.003921568 0.999999940 0
v 0.595242500 0.022448619 0.056844595 0.003921568 0.999999940 0
v 0.571989536 0.056845061 -0.02514482 0.003921568 0.999999940 0
v 0.611926376 0.056844487 -0.01889951 0.003921568 0.999999940 0
v 0.528401076 0.056842390 -0.05684143 0.003921568 0.999999940 0
v 0.528397381 0.035597536 -0.02371395 0.003921568 0.999999940 0
v 0.528397321 0.026262525 0.00805787 0.003921568 0.999999940 0
v 0.528397321 0.027094012 0.035411372 0.003921568 0.999999940 0
v 0.528398037 0.009453399 0.056843817 0.003921568 0.999999940 0
v 0.565508723 -0.00850704 0.056844689 0.003921568 0.999999940 0
v 0.604273021 -0.00912882 0.056844689 0.003921568 0.999999940 0
v 0.621586144 0.023945594 0.056844525 0.003921568 0.999999940 0
v 0.642085731 0.056840851 0.056841537 0.003921568 0.999999940 0
v 0.642085969 0.056844066 0.004658843 0.003921568 0.999999940 0
v 0.642084121 0.056843493 -0.05683953 0.003921568 0.999999940 0
v 0.591942966 0.056844010 -0.05684405 0.003921568 0.999999940 0
v 0.570357382 0.017799109 -0.05684469 0.003921568 0.999999940 0
v 0.528397798 -0.00566137 -0.05684418 0.003921568 0.999999940 0
v 0.528397202 0.008745024 -0.01825456 0.003921568 0.999999940 0
v 0.528397321 -0.01468218 0.008375727 0.003921568 0.999999940 0
v 0.528397321 -0.01772119 0.032272506 0.003921568 0.999999940 0
v 0.528399884 -0.05683899 0.056842431 0.003921568 0.999999940 0
v 0.581530273 -0.05684382 0.056844107 0.003921568 0.999999940 0
v 0.642083525 -0.05684013 0.056843705 0.003921568 0.999999940 0
v 0.642085850 -0.00315448 0.056844141 0.003921568 0.999999940 0
v 0.642086446 0.028355157 0.022667003 0.003921568 0.999999940 0
v 0.642086386 -0.00522552 0.015439619 0.003921568 0.999999940 0
v 0.642086505 0.016024317 -0.02086235 0.003921568 0.999999940 0
v 0.642085611 0.020408853 -0.05684366 0.003921568 0.999999940 0
v 0.612970352 0.008185456 -0.05684455 0.003921568 0.999999940 0
v 0.569469213 -0.01785462 -0.05684464 0.003921568 0.999999940 0
v 0.598110854 -0.02555005 -0.05684452 0.003921568 0.999999940 0
v 0.569039642 -0.05684317 -0.05684432 0.003921568 0.999999940 0
v 0.528399586 -0.05684233 -0.05684229 0.003921568 0.999999940 0
v 0.528397142 -0.03021928 -0.01933569 0.003921568 0.999999940 0
v 0.528397679 -0.05684399 0.001161813 0.003921568 0.999999940 0
v 0.557626903 -0.05684451 0.033315807 0.003921568 0.999999940 0
v 0.601519703 -0.05684448 0.040181990 0.003921568 0.999999940 0
v 0.642085969 -0.05684384 0.026226948 0.003921568 0.999999940 0
v 0.642086267 -0.02629535 0.033250995 0.003921568 0.999999940 0
v 0.642086386 -0.03277079 0.001164685 0.003921568 0.999999940 0
v 0.642086386 -0.00985219 -0.01846272 0.003921568 0.999999940 0
v 0.642080009 -0.034318 -0.05688319 0.003921568 0.999999940 0
v 0.621780335 -0.05473096 -0.05486694 0.003921568 0.999999940 0
v 0.563068747 -0.05684466 -0.01968487 0.003921568 0.999999940 0
v 0.593540012 -0.05684461 -0.01534972 0.003921568 0.999999940 0
v 0.605739533 -0.05684455 0.011040273 0.003921568 0.999999940 0
v 0.642085850 -0.05684445 -0.03430806 0.003921568 0.999999940 0
s 0
f 3533 3534 3535 3536
f 3535 3537 3536
f 3538 3539 3536
f 3536 3537 3540 3538
f 3539 3533 3536
f 3541 3534 3533
f 3542 3541 3533 3539
f 3543 3544 3534
f 3545 3534 3544
f 3534 3541 3543
f 3534 3545 3546 3535
f 3535 3546 3547
f 3535 3547 3537
f 3537 3548 3549 3540
f 3537 3547 3548
f 3538 3540 3550
f 3540 3549 3550
f 3538 3551 3539
f 3551 3538 3550
f 3551 3552 3539
f 3552 3542 3539
f 3553 3542 3552
f 3542 3554 3541
f 3553 3554 3542
f 3554 3543 3541
f 3554 3555 3543
f 3544 3543 3556 3557
f 3555 3556 3543
f 3544 3557 3545
f 3545 3557 3558
f 3545 3558 3559 3546
f 3546 3559 3547
f 3547 3559 3560
f 3547 3560 3548
f 3548 3561 3549
f 3561 3548 3560
f 3549 3561 3562
f 3563 3549 3562
f 3563 3550 3549
f 3551 3550 3563
f 3551 3564 3552
f 3563 3565 3564 3551
f 3564 3566 3552
f 3552 3566 3553
f 3567 3568 3554 3553
f 3566 3567 3553
f 3568 3555 3554
f 3569 3556 3555
f 3570 3569 3555 3568
f 3571 3572 3556 3569
f 3556 3572 3573 3557
f 3557 3573 3558
f 3573 3574 3558
f 3559 3558 3574 3560
f 3560 3575 3561
f 3560 3574 3575
f 3561 3575 3576
f 3561 3576 3562
f 3562 3576 3577
f 3562 3577 3578
f 3562 3578 3563
f 3565 3563 3578
f 3578 3579 3565
f 3565 3579 3580
f 3565 3580 3566
f 3565 3566 3564
f 3580 3581 3567 3566
f 3567 3581 3568
f 3581 3570 3568
f 3570 3571 3569
f 3582 3571 3570
f 3581 3582 3570
f 3583 3572 3571
f 3583 3571 3582 3584
f 3583 3574 3572
f 3573 3572 3574
f 3575 3574 3583
f 3576 3575 3585
f 3575 3583 3584 3585
f 3576 3585 3577
f 3585 3586 3577
f 3578 3577 3579
f 3577 3586 3579
f 3579 3581 3580
f 3579 3586 3581
f 3586 3582 3581
f 3584 3582 3586
f 3585 3584 3586
o escalary
usemtl escalary
v -0.01238912 0.635308682 0.014933446 0 0.039215683 0.999999940
v -0.05182896 0.635308086 -0.00264895 0 0.039215683 0.999999940
v -0.05182646 0.635305523 0.056841183 0 0.039215683 0.999999940
v -0.00753181 0.635308504 0.056842558 0 0.039215683 0.999999940
v -0.01494884 0.605087280 0.056844506 0 0.039215683 0.999999940
v 0.029783781 0.635308384 0.056844241 0 0.039215683 0.999999940
v 0.038949936 0.635308563 0.025466078 0 0.039215683 0.999999940
v 0.015015489 0.600912690 0.056844595 0 0.039215683 0.999999940
v -0.0082375 0.635309159 -0.02514482 0 0.039215683 0.999999940
v 0.031699378 0.635308563 -0.01889951 0 0.039215683 0.999999940
v -0.05182594 0.635306477 -0.05684143 0 0.039215683 0.999999940
v -0.05182966 0.614061653 -0.02371395 0 0.039215683 0.999999940
v -0.05182968 0.604726612 0.00805787 0 0.039215683 0.999999940
v -0.05182968 0.605558097 0.035411372 0 0.039215683 0.999999940
v -0.05182895 0.587917506 0.056843817 0 0.039215683 0.999999940
v -0.01471826 0.569957077 0.056844689 0 0.039215683 0.999999940
v 0.024046029 0.569335281 0.056844689 0 0.039215683 0.999999940
v 0.041359107 0.602409660 0.056844525 0 0.039215683 0.999999940
v 0.061858706 0.635304927 0.056841537 0 0.039215683 0.999999940
v 0.061858929 0.635308146 0.004658843 0 0.039215683 0.999999940
v 0.061857119 0.63530761 -0.05683953 0 0.039215683 0.999999940
v 0.011715950 0.635308086 -0.05684405 0 0.039215683 0.999999940
v -0.00986966 0.596263170 -0.05684469 0 0.039215683 0.999999940
v -0.05182921 0.572802722 -0.05684418 0 0.039215683 0.999999940
v -0.0518298 0.587209105 -0.01825456 0 0.039215683 0.999999940
v -0.0518297 0.563781917 0.008375727 0 0.039215683 0.999999940
v -0.05182971 0.560742914 0.032272506 0 0.039215683 0.999999940
v -0.05182715 0.521625101 0.056842431 0 0.039215683 0.999999940
v 0.001303239 0.521620273 0.056844107 0 0.039215683 0.999999940
v 0.061856485 0.521623969 0.056843705 0 0.039215683 0.999999940
v 0.061858832 0.575309634 0.056844141 0 0.039215683 0.999999940
v 0.061859436 0.606819272 0.022667003 0 0.039215683 0.999999940
v 0.061859369 0.573238551 0.015439619 0 0.039215683 0.999999940
v 0.061859518 0.594488382 -0.02086235 0 0.039215683 0.999999940
v 0.061858575 0.598872959 -0.05684366 0 0.039215683 0.999999940
v 0.032743360 0.586649537 -0.05684455 0 0.039215683 0.999999940
v -0.01075779 0.560609459 -0.05684464 0 0.039215683 0.999999940
v 0.017883829 0.552914023 -0.05684452 0 0.039215683 0.999999940
v -0.01118737 0.521620929 -0.05684432 0 0.039215683 0.999999940
v -0.05182741 0.521621763 -0.05684229 0 0.039215683 0.999999940
v -0.05182988 0.548244833 -0.01933569 0 0.039215683 0.999999940
v -0.05182932 0.521620094 0.001161813 0 0.039215683 0.999999940
v -0.02260013 0.521619558 0.033315807 0 0.039215683 0.999999940
v 0.021292664 0.521619617 0.040181990 0 0.039215683 0.999999940
v 0.061858940 0.521620273 0.026226948 0 0.039215683 0.999999940
v 0.061859276 0.552168726 0.033250995 0 0.039215683 0.999999940
v 0.061859358 0.545693278 0.001164685 0 0.039215683 0.999999940
v 0.061859399 0.568611919 -0.01846272 0 0.039215683 0.999999940
v 0.061852965 0.544146120 -0.05688319 0 0.039215683 0.999999940
v 0.041553333 0.523733139 -0.05486694 0 0.039215683 0.999999940
v -0.01715825 0.521619439 -0.01968487 0 0.039215683 0.999999940
v 0.013312972 0.521619498 -0.01534972 0 0.039215683 0.999999940
v 0.025512490 0.521619558 0.011040273 0 0.039215683 0.999999940
v 0.061858836 0.521619617 -0.03430806 0 0.039215683 0.999999940
s 0
f 3587 3588 3589 3590
f 3589 3591 3590
f 3592 3593 3590
f 3590 3591 3594 3592
f 3593 3587 3590
f 3595 3588 3587
f 3596 3595 3587 3593
f 3597 3598 3588
f 3599 3588 3598
f 3588 3595 3597
f 3588 3599 3600 3589
f 3589 3600 3601
f 3589 3601 3591
f 3591 3602 3603 3594
f 3591 3601 3602
f 3592 3594 3604
f 3594 3603 3604
f 3592 3605 3593
f 3605 3592 3604
f 3605 3606 3593
f 3606 3596 3593
f 3607 3596 3606
f 3596 3608 3595
f 3607 3608 3596
f 3608 3597 3595
f 3608 3609 3597
f 3598 3597 3610 3611
f 3609 3610 3597
f 3598 3611 3599
f 3599 3611 3612
f 3599 3612 3613 3600
f 3600 3613 3601
f 3601 3613 3614
f 3601 3614 3602
f 3602 3615 3603
f 3615 3602 3614
f 3603 3615 3616
f 3617 3603 3616
f 3617 3604 3603
f 3605 3604 3617
f 3605 3618 3606
f 3617 3619 3618 3605
f 3618 3620 3606
f 3606 3620 3607
f 3621 3622 3608 3607
f 3620 3621 3607
f 3622 3609 3608
f 3623 3610 3609
f 3624 3623 3609 3622
f 3625 3626 3610 3623
f 3610 3626 3627 3611
f 3611 3627 3612
f 3627 3628 3612
f 3613 3612 3628 3614
f 3614 3629 3615
f 3614 3628 3629
f 3615 3629 3630
f 3615 3630 3616
f 3616 3630 3631
f 3616 3631 3632
f 3616 3632 3617
f 3619 3617 3632
f 3632 3633 3619
f 3619 3633 3634
f 3619 3634 3620
f 3619 3620 3618
f 3634 3635 3621 3620
f 3621 3635 3622
f 3635 3624 3622
f 3624 3625 3623
f 3636 3625 3624
f 3635 3636 3624
f 3637 3626 3625
f 3637 3625 3636 3638
f 3637 3628 3626
f 3627 3626 3628
f 3629 3628 3637
f 3630 3629 3639
f 3629 3637 3638 3639
f 3630 3639 3631
f 3639 3640 3631
f 3632 3631 3633
f 3631 3640 3633
f 3633 3635 3634
f 3633 3640 3635
f 3640 3636 3635
f 3638 3636 3640
f 3639 3638 3640
o escalarz
usemtl escalarz
v -0.01238911 0.049587719 -0.56684428 0.999999940 0 0
v -0.05182896 0.049587141 -0.5844267 0.999999940 0 0
v -0.05182646 0.049584567 -0.52493656 0.999999940 0 0
v -0.00753181 0.049587525 -0.52493519 0.999999940 0 0
v -0.01494884 0.019366301 -0.52493322 0.999999940 0 0
v 0.029783781 0.049587402 -0.52493352 0.999999940 0 0
v 0.038949936 0.049587633 -0.55631167 0.999999940 0 0
v 0.015015490 0.015191757 -0.52493316 0.999999940 0 0
v -0.00823749 0.049588199 -0.60692257 0.999999940 0 0
v 0.031699378 0.049587626 -0.60067725 0.999999940 0 0
v -0.05182594 0.049585528 -0.63861918 0.999999940 0 0
v -0.05182966 0.028340674 -0.6054917 0.999999940 0 0
v -0.05182968 0.019005663 -0.57371986 0.999999940 0 0
v -0.05182968 0.019837148 -0.54636639 0.999999940 0 0
v -0.05182895 0.002196536 -0.52493393 0.999999940 0 0
v -0.01471826 -0.0157639 -0.52493304 0.999999940 0 0
v 0.024046029 -0.01638569 -0.52493304 0.999999940 0 0
v 0.041359107 0.016688730 -0.52493322 0.999999940 0 0
v 0.061858706 0.049583990 -0.5249362 0.999999940 0 0
v 0.061858929 0.049587205 -0.57711893 0.999999940 0 0
v 0.061857119 0.049586631 -0.63861728 0.999999940 0 0
v 0.011715950 0.049587149 -0.63862181 0.999999940 0 0
v -0.00986966 0.010542246 -0.63862246 0.999999940 0 0
v -0.05182921 -0.01291823 -0.63862193 0.999999940 0 0
v -0.0518298 0.001488162 -0.60003233 0.999999940 0 0
v -0.0518297 -0.02193904 -0.57340205 0.999999940 0 0
v -0.05182971 -0.02497806 -0.54950523 0.999999940 0 0
v -0.05182715 -0.06409585 -0.52493531 0.999999940 0 0
v 0.00130324 -0.06410069 -0.52493364 0.999999940 0 0
v 0.061856485 -0.06409699 -0.52493405 0.999999940 0 0
v 0.061858832 -0.01041135 -0.52493364 0.999999940 0 0
v 0.061859436 0.021098293 -0.55911076 0.999999940 0 0
v 0.061859369 -0.01248238 -0.56633812 0.999999940 0 0
v 0.061859518 0.008767454 -0.60264009 0.999999940 0 0
v 0.061858575 0.013151991 -0.63862139 0.999999940 0 0
v 0.032743360 0.000928593 -0.63862228 0.999999940 0 0
v -0.01075779 -0.02511149 -0.6386224 0.999999940 0 0
v 0.017883829 -0.03280692 -0.63862228 0.999999940 0 0
v -0.01118737 -0.06410003 -0.63862205 0.999999940 0 0
v -0.05182741 -0.0640992 -0.63862002 0.999999940 0 0
v -0.05182988 -0.03747615 -0.60111344 0.999999940 0 0
v -0.05182932 -0.06410085 -0.58061594 0.999999940 0 0
v -0.02260013 -0.06410138 -0.54846191 0.999999940 0 0
v 0.021292666 -0.06410135 -0.54159576 0.999999940 0 0
v 0.061858940 -0.0641007 -0.55555081 0.999999940 0 0
v 0.061859276 -0.03355222 -0.54852676 0.999999940 0 0
v 0.061859358 -0.04002765 -0.58061308 0.999999940 0 0
v 0.061859399 -0.01710906 -0.60024047 0.999999940 0 0
v 0.061852965 -0.04157486 -0.63866091 0.999999940 0 0
v 0.041553333 -0.06198782 -0.63664472 0.999999940 0 0
v -0.01715825 -0.06410152 -0.6014626 0.999999940 0 0
v 0.013312973 -0.06410147 -0.5971275 0.999999940 0 0
v 0.025512490 -0.06410141 -0.57073748 0.999999940 0 0
v 0.061858836 -0.06410132 -0.61608583 0.999999940 0 0
s 0
f 3641 3642 3643 3644
f 3643 3645 3644
f 3646 3647 3644
f 3644 3645 3648 3646
f 3647 3641 3644
f 3649 3642 3641
f 3650 3649 3641 3647
f 3651 3652 3642
f 3653 3642 3652
f 3642 3649 3651
f 3642 3653 3654 3643
f 3643 3654 3655
f 3643 3655 3645
f 3645 3656 3657 3648
f 3645 3655 3656
f 3646 3648 3658
f 3648 3657 3658
f 3646 3659 3647
f 3659 3646 3658
f 3659 3660 3647
f 3660 3650 3647
f 3661 3650 3660
f 3650 3662 3649
f 3661 3662 3650
f 3662 3651 3649
f 3662 3663 3651
f 3652 3651 3664 3665
f 3663 3664 3651
f 3652 3665 3653
f 3653 3665 3666
f 3653 3666 3667 3654
f 3654 3667 3655
f 3655 3667 3668
f 3655 3668 3656
f 3656 3669 3657
f 3669 3656 3668
f 3657 3669 3670
f 3671 3657 3670
f 3671 3658 3657
f 3659 3658 3671
f 3659 3672 3660
f 3671 3673 3672 3659
f 3672 3674 3660
f 3660 3674 3661
f 3675 3676 3662 3661
f 3674 3675 3661
f 3676 3663 3662
f 3677 3664 3663
f 3678 3677 3663 3676
f 3679 3680 3664 3677
f 3664 3680 3681 3665
f 3665 3681 3666
f 3681 3682 3666
f 3667 3666 3682 3668
f 3668 3683 3669
f 3668 3682 3683
f 3669 3683 3684
f 3669 3684 3670
f 3670 3684 3685
f 3670 3685 3686
f 3670 3686 3671
f 3673 3671 3686
f 3686 3687 3673
f 3673 3687 3688
f 3673 3688 3674
f 3673 3674 3672
f 3688 3689 3675 3674
f 3675 3689 3676
f 3689 3678 3676
f 3678 3679 3677
f 3690 3679 3678
f 3689 3690 3678
f 3691 3680 3679
f 3691 3679 3690 3692
f 3691 3682 3680
f 3681 3680 3682
f 3683 3682 3691
f 3684 3683 3693
f 3683 3691 3692 3693
f 3684 3693 3685
f 3693 3694 3685
f 3686 3685 3687
f 3685 3694 3687
f 3687 3689 3688
f 3687 3694 3689
f 3694 3690 3689
f 3692 3690 3694
f 3693 3692 3694
o moverz
usemtl Cylinder_2
v 0.003585157 0.012814119 -0.02850376 0.999999940 0 0
v 0.002727194 0.006979954 0.013472667 0.999999940 0 0
v 0.006632315 0.006632146 0.013472679 0.999999940 0 0
v 0.009411091 0.009410521 -0.03600006 0.999999940 0 0
v -0.00357751 0.012816352 -0.02859688 0.999999940 0 0
v -0.00272494 0.006969471 0.013472667 0.999999940 0 0
v -0.00720666 0.006551938 0.013472639 0.999999940 0 0
v -0.00931957 0.009497772 -0.04007334 0.999999940 0 0
v 0.003535439 0.012828755 -0.1596083 0.999999940 0 0
v 0.009412354 0.009409381 -0.16049898 0.999999940 0 0
v -0.00353274 0.012829517 -0.15966773 0.999999940 0 0
v -0.00930845 0.009508358 -0.16119054 0.999999940 0 0
v 0.004162460 0.015316302 -0.368218 0.999999940 0 0
v 0.011632652 0.011092156 -0.37385756 0.999999940 0 0
v -0.00415888 0.015273029 -0.3682377 0.999999940 0 0
v -0.0114917 0.010871142 -0.37369767 0.999999940 0 0
v 0.004126680 0.046259649 -0.38662401 0.999999940 0 0
v 0.011366645 0.035062685 -0.3852917 0.999999940 0 0
v -0.00411856 0.046285219 -0.38651034 0.999999940 0 0
v -0.01134691 0.035145502 -0.38236487 0.999999940 0 0
v 0.006437948 0.014136544 -0.47756022 0.999999940 0 0
v 0.002448959 0.015077005 -0.47937882 0.999999940 0 0
v -0.0026174 0.014893226 -0.479366 0.999999940 0 0
v -0.00684729 0.013495321 -0.47699487 0.999999940 0 0
v 0.006988889 0.002729279 0.013472656 0.999999940 0 0
v 0.002664038 0.002664037 0.013472626 0.999999940 0 0
v -0.00319684 0.002530835 0.013472626 0.999999940 0 0
v -0.009083 0.002376013 0.013472626 0.999999940 0 0
v 0.012820988 0.003586394 -0.02844092 0.999999940 0 0
v -0.01251242 0.004527614 -0.04759508 0.999999940 0 0
v -0.01229145 0 0.013472678 0.999999940 0 0
v -0.01332017 0.000000015 -0.05346313 0.999999940 0 0
v 0.012833586 0.00353464 -0.15961032 0.999999940 0 0
v -0.01257694 0.004341132 -0.16267733 0.999999940 0 0
v -0.01332013 0.000000039 -0.16361725 0.999999940 0 0
v 0.016722602 0.004551312 -0.38016111 0.999999940 0 0
v -0.01628568 0.004739692 -0.37830034 0.999999940 0 0
v -0.01752478 -0.00024437 -0.37888622 0.999999940 0 0
v 0.015783051 0.014424855 -0.40870747 0.999999940 0 0
v -0.01599087 0.016677178 -0.39512175 0.999999940 0 0
v -0.01772688 0.001298746 -0.40334728 0.999999940 0 0
v 0.007135251 0.007872251 -0.4950113 0.999999940 0 0
v 0.002687152 0.008491709 -0.50412792 0.999999940 0 0
v -0.00417909 0.007822861 -0.50376374 0.999999940 0 0
v -0.0078953 0.005590376 -0.48959556 0.999999940 0 0
v -0.01065054 -0.00016635 -0.48166248 0.999999940 0 0
v 0.006988889 -0.00272928 0.013472667 0.999999940 0 0
v 0.002664038 -0.00266404 0.013472667 0.999999940 0 0
v -0.00319684 -0.00253084 0.013472656 0.999999940 0 0
v -0.009083 -0.002376 0.013472667 0.999999940 0 0
v 0.012820986 -0.0035864 -0.02844092 0.999999940 0 0
v -0.01251241 -0.00452762 -0.04759514 0.999999940 0 0
v 0.012833586 -0.00353458 -0.15961033 0.999999940 0 0
v -0.01257694 -0.00434104 -0.16267732 0.999999940 0 0
v 0.017114857 -0.00389882 -0.38074508 0.999999940 0 0
v -0.01669866 -0.00468176 -0.37812611 0.999999940 0 0
v 0.016517961 -0.01020598 -0.41048646 0.999999940 0 0
v -0.01690345 -0.0141605 -0.39877933 0.999999940 0 0
v 0.009129067 -0.00442891 -0.49147764 0.999999940 0 0
v 0.004263259 -0.00412014 -0.50077152 0.999999940 0 0
v -0.00218118 -0.00431863 -0.50052726 0.999999940 0 0
v -0.0064245 -0.00507634 -0.48653492 0.999999940 0 0
v 0.006632315 -0.00663216 0.013472667 0.999999940 0 0
v 0.002727194 -0.00697997 0.013472667 0.999999940 0 0
v -0.00272494 -0.00696946 0.013472667 0.999999940 0 0
v -0.00720666 -0.00655192 0.013472649 0.999999940 0 0
v 0.009411113 -0.00941048 -0.03599987 0.999999940 0 0
v 0.00358516 -0.0128141 -0.02850368 0.999999940 0 0
v -0.00357751 -0.01281634 -0.02859685 0.999999940 0 0
v -0.00931958 -0.00949774 -0.04007321 0.999999940 0 0
v 0.009412338 -0.00940932 -0.16049905 0.999999940 0 0
v 0.00353544 -0.01282868 -0.1596083 0.999999940 0 0
v -0.00353274 -0.01282944 -0.15966773 0.999999940 0 0
v -0.00930846 -0.00950827 -0.16119055 0.999999940 0 0
v 0.012583348 -0.00935559 -0.37477258 0.999999940 0 0
v 0.004724935 -0.01213133 -0.37034822 0.999999940 0 0
v -0.0047206 -0.01211728 -0.37032887 0.999999940 0 0
v -0.0124252 -0.00933294 -0.37427172 0.999999940 0 0
v 0.012317013 -0.03013974 -0.3846693 0.999999940 0 0
v 0.004558871 -0.0412241 -0.38405344 0.999999940 0 0
v -0.00455064 -0.04122673 -0.38396832 0.999999940 0 0
v -0.0123502 -0.03022463 -0.3823806 0.999999940 0 0
v 0.010071801 -0.01290878 -0.46325171 0.999999940 0 0
v 0.004827952 -0.01362031 -0.46132669 0.999999940 0 0
v -0.00254254 -0.01371828 -0.4612748 0.999999940 0 0
v -0.00847572 -0.01307586 -0.46327823 0.999999940 0 0
s 0
f 3695 3696 3697 3698
f 3699 3700 3696 3695
f 3701 3700 3699 3702
f 3703 3695 3698 3704
f 3705 3699 3695 3703
f 3706 3702 3699 3705
f 3707 3703 3704 3708
f 3709 3705 3703 3707
f 3710 3706 3705 3709
f 3711 3707 3708 3712
f 3713 3709 3707 3711
f 3714 3710 3709 3713
f 3711 3712 3715 3716
f 3717 3713 3711 3716
f 3718 3714 3713 3717
f 3719 3697 3696 3720
f 3720 3696 3700 3721
f 3721 3700 3701 3722
f 3723 3698 3697 3719
f 3722 3701 3702 3724
f 3725 3722 3724 3726
f 3727 3704 3698 3723
f 3728 3724 3702 3706
f 3726 3724 3728 3729
f 3730 3708 3704 3727
f 3731 3728 3706 3710
f 3732 3729 3728 3731
f 3733 3712 3708 3730
f 3734 3731 3710 3714
f 3735 3732 3731 3734
f 3715 3712 3733 3736
f 3737 3716 3715 3736
f 3717 3716 3737 3738
f 3739 3734 3714 3718
f 3718 3717 3738 3739
f 3740 3735 3734 3739
f 3741 3719 3720 3742
f 3742 3720 3721 3743
f 3743 3721 3722 3744
f 3725 3744 3722
f 3745 3723 3719 3741
f 3746 3744 3725 3726
f 3747 3727 3723 3745
f 3748 3746 3726 3729
f 3749 3730 3727 3747
f 3732 3750 3748 3729
f 3751 3733 3730 3749
f 3735 3752 3750 3732
f 3753 3736 3733 3751
f 3737 3736 3753 3754
f 3738 3737 3754 3755
f 3739 3738 3755 3756
f 3740 3739 3756
f 3740 3756 3752 3735
f 3757 3741 3742 3758
f 3758 3742 3743 3759
f 3759 3743 3744 3760
f 3745 3741 3757 3761
f 3762 3761 3757 3758
f 3763 3762 3758 3759
f 3764 3760 3744 3746
f 3763 3759 3760 3764
f 3765 3747 3745 3761
f 3766 3765 3761 3762
f 3767 3766 3762 3763
f 3768 3764 3746 3748
f 3768 3767 3763 3764
f 3769 3749 3747 3765
f 3770 3769 3765 3766
f 3771 3770 3766 3767
f 3772 3768 3748 3750
f 3772 3771 3767 3768
f 3773 3751 3749 3769
f 3774 3773 3769 3770
f 3775 3774 3770 3771
f 3776 3772 3750 3752
f 3776 3775 3771 3772
f 3777 3753 3751 3773
f 3754 3753 3777 3778
f 3777 3773 3774 3778
f 3755 3754 3778 3779
f 3779 3778 3774 3775
f 3776 3752 3756 3780
f 3756 3755 3779 3780
f 3780 3779 3775 3776
o movery
usemtl Cylinder_1
v -0.01281412 0.028503758 0.003585157 0 0.039215683 0.999999940
v -0.00697995 -0.01347267 0.002727194 0 0.039215683 0.999999940
v -0.00663215 -0.01347268 0.006632319 0 0.039215683 0.999999940
v -0.00941052 0.036000058 0.009411091 0 0.039215683 0.999999940
v -0.01281635 0.028596876 -0.00357751 0 0.039215683 0.999999940
v -0.00696947 -0.01347267 -0.00272494 0 0.039215683 0.999999940
v -0.00655194 -0.01347264 -0.00720666 0 0.039215683 0.999999940
v -0.00949777 0.040073335 -0.00931957 0 0.039215683 0.999999940
v -0.01282874 0.159608304 0.003535429 0 0.039215683 0.999999940
v -0.00940937 0.160498976 0.009412349 0 0.039215683 0.999999940
v -0.01282951 0.159667730 -0.00353275 0 0.039215683 0.999999940
v -0.00950835 0.161190539 -0.00930846 0 0.039215683 0.999999940
v -0.01531628 0.368218004 0.004162439 0 0.039215683 0.999999940
v -0.01109213 0.373857557 0.011632627 0 0.039215683 0.999999940
v -0.01527301 0.368237704 -0.0041589 0 0.039215683 0.999999940
v -0.01087112 0.373697668 -0.01149172 0 0.039215683 0.999999940
v -0.04625962 0.386624008 0.004126658 0 0.039215683 0.999999940
v -0.03506266 0.385291695 0.011366626 0 0.039215683 0.999999940
v -0.04628519 0.386510342 -0.00411858 0 0.039215683 0.999999940
v -0.03514548 0.382364869 -0.01134693 0 0.039215683 0.999999940
v -0.01413651 0.477560222 0.006437921 0 0.039215683 0.999999940
v -0.01507698 0.479378819 0.002448931 0 0.039215683 0.999999940
v -0.0148932 0.479366004 -0.00261743 0 0.039215683 0.999999940
v -0.01349529 0.476994872 -0.00684732 0 0.039215683 0.999999940
v -0.00272928 -0.01347266 0.00698889 0 0.039215683 0.999999940
v -0.00266404 -0.01347263 0.002664038 0 0.039215683 0.999999940
v -0.00253084 -0.01347263 -0.00319684 0 0.039215683 0.999999940
v -0.00237601 -0.01347263 -0.009083 0 0.039215683 0.999999940
v -0.00358639 0.028440916 0.012820988 0 0.039215683 0.999999940
v -0.00452761 0.047595076 -0.01251242 0 0.039215683 0.999999940
v 0 -0.01347268 -0.01229145 0 0.039215683 0.999999940
v -0.00000001 0.053463127 -0.01332017 0 0.039215683 0.999999940
v -0.00353463 0.159610316 0.012833579 0 0.039215683 0.999999940
v -0.00434112 0.162677332 -0.01257695 0 0.039215683 0.999999940
v -0.00000003 0.163617253 -0.01332014 0 0.039215683 0.999999940
v -0.00455129 0.380161106 0.016722582 0 0.039215683 0.999999940
v -0.00473967 0.378300339 -0.0162857 0 0.039215683 0.999999940
v 0.000244392 0.378886222 -0.0175248 0 0.039215683 0.999999940
v -0.01442483 0.408707469 0.015783028 0 0.039215683 0.999999940
v -0.01667715 0.395121753 -0.0159909 0 0.039215683 0.999999940
v -0.00129872 0.403347283 -0.01772691 0 0.039215683 0.999999940
v -0.00787222 0.495011299 0.007135222 0 0.039215683 0.999999940
v -0.00849168 0.504127919 0.002687122 0 0.039215683 0.999999940
v -0.00782283 0.503763735 -0.00417912 0 0.039215683 0.999999940
v -0.00559035 0.489595562 -0.00789533 0 0.039215683 0.999999940
v 0.000166378 0.481662482 -0.01065057 0 0.039215683 0.999999940
v 0.002729279 -0.01347267 0.00698889 0 0.039215683 0.999999940
v 0.002664038 -0.01347267 0.002664038 0 0.039215683 0.999999940
v 0.002530839 -0.01347266 -0.00319684 0 0.039215683 0.999999940
v 0.002375999 -0.01347267 -0.009083 0 0.039215683 0.999999940
v 0.003586401 0.028440924 0.012820985 0 0.039215683 0.999999940
v 0.004527621 0.047595143 -0.01251241 0 0.039215683 0.999999940
v 0.003534589 0.159610331 0.012833574 0 0.039215683 0.999999940
v 0.004341049 0.162677317 -0.01257695 0 0.039215683 0.999999940
v 0.003898842 0.380745083 0.017114836 0 0.039215683 0.999999940
v 0.00468178 0.378126114 -0.01669868 0 0.039215683 0.999999940
v 0.010206000 0.410486459 0.016517939 0 0.039215683 0.999999940
v 0.014160523 0.398779332 -0.01690348 0 0.039215683 0.999999940
v 0.004428939 0.491477638 0.009129039 0 0.039215683 0.999999940
v 0.004120169 0.500771522 0.004263232 0 0.039215683 0.999999940
v 0.004318659 0.500527262 -0.00218121 0 0.039215683 0.999999940
v 0.005076366 0.486534923 -0.00642453 0 0.039215683 0.999999940
v 0.006632158 -0.01347267 0.006632319 0 0.039215683 0.999999940
v 0.006979967 -0.01347267 0.002727194 0 0.039215683 0.999999940
v 0.006969458 -0.01347267 -0.00272494 0 0.039215683 0.999999940
v 0.006551918 -0.01347265 -0.00720666 0 0.039215683 0.999999940
v 0.009410481 0.035999871 0.009411112 0 0.039215683 0.999999940
v 0.012814099 0.028503684 0.003585159 0 0.039215683 0.999999940
v 0.012816337 0.028596846 -0.00357751 0 0.039215683 0.999999940
v 0.009497742 0.040073208 -0.00931958 0 0.039215683 0.999999940
v 0.009409328 0.160499051 0.009412326 0 0.039215683 0.999999940
v 0.012828688 0.159608304 0.003535431 0 0.039215683 0.999999940
v 0.012829448 0.159667730 -0.00353275 0 0.039215683 0.999999940
v 0.009508278 0.161190554 -0.00930847 0 0.039215683 0.999999940
v 0.009355611 0.374772578 0.012583328 0 0.039215683 0.999999940
v 0.012131351 0.370348215 0.004724914 0 0.039215683 0.999999940
v 0.012117301 0.370328873 -0.00472062 0 0.039215683 0.999999940
v 0.009332961 0.374271720 -0.01242522 0 0.039215683 0.999999940
v 0.030139761 0.384669303 0.012316994 0 0.039215683 0.999999940
v 0.041224118 0.384053438 0.004558849 0 0.039215683 0.999999940
v 0.041226748 0.383968323 -0.00455066 0 0.039215683 0.999999940
v 0.030224651 0.382380604 -0.01235022 0 0.039215683 0.999999940
v 0.012908807 0.463251709 0.010071774 0 0.039215683 0.999999940
v 0.013620334 0.461326688 0.004827925 0 0.039215683 0.999999940
v 0.013718307 0.461274802 -0.00254257 0 0.039215683 0.999999940
v 0.013075887 0.463278234 -0.00847575 0 0.039215683 0.999999940
s 0
f 3781 3782 3783 3784
f 3785 3786 3782 3781
f 3787 3786 3785 3788
f 3789 3781 3784 3790
f 3791 3785 3781 3789
f 3792 3788 3785 3791
f 3793 3789 3790 3794
f 3795 3791 3789 3793
f 3796 3792 3791 3795
f 3797 3793 3794 3798
f 3799 3795 3793 3797
f 3800 3796 3795 3799
f 3797 3798 3801 3802
f 3803 3799 3797 3802
f 3804 3800 3799 3803
f 3805 3783 3782 3806
f 3806 3782 3786 3807
f 3807 3786 3787 3808
f 3809 3784 3783 3805
f 3808 3787 3788 3810
f 3811 3808 3810 3812
f 3813 3790 3784 3809
f 3814 3810 3788 3792
f 3812 3810 3814 3815
f 3816 3794 3790 3813
f 3817 3814 3792 3796
f 3818 3815 3814 3817
f 3819 3798 3794 3816
f 3820 3817 3796 3800
f 3821 3818 3817 3820
f 3801 3798 3819 3822
f 3823 3802 3801 3822
f 3803 3802 3823 3824
f 3825 3820 3800 3804
f 3804 3803 3824 3825
f 3826 3821 3820 3825
f 3827 3805 3806 3828
f 3828 3806 3807 3829
f 3829 3807 3808 3830
f 3811 3830 3808
f 3831 3809 3805 3827
f 3832 3830 3811 3812
f 3833 3813 3809 3831
f 3834 3832 3812 3815
f 3835 3816 3813 3833
f 3818 3836 3834 3815
f 3837 3819 3816 3835
f 3821 3838 3836 3818
f 3839 3822 3819 3837
f 3823 3822 3839 3840
f 3824 3823 3840 3841
f 3825 3824 3841 3842
f 3826 3825 3842
f 3826 3842 3838 3821
f 3843 3827 3828 3844
f 3844 3828 3829 3845
f 3845 3829 3830 3846
f 3831 3827 3843 3847
f 3848 3847 3843 3844
f 3849 3848 3844 3845
f 3850 3846 3830 3832
f 3849 3845 3846 3850
f 3851 3833 3831 3847
f 3852 3851 3847 3848
f 3853 3852 3848 3849
f 3854 3850 3832 3834
f 3854 3853 3849 3850
f 3855 3835 3833 3851
f 3856 3855 3851 3852
f 3857 3856 3852 3853
f 3858 3854 3834 3836
f 3858 3857 3853 3854
f 3859 3837 3835 3855
f 3860 3859 3855 3856
f 3861 3860 3856 3857
f 3862 3858 3836 3838
f 3862 3861 3857 3858
f 3863 3839 3837 3859
f 3840 3839 3863 3864
f 3863 3859 3860 3864
f 3841 3840 3864 3865
f 3865 3864 3860 3861
f 3862 3838 3842 3866
f 3842 3841 3865 3866
f 3866 3865 3861 3862
